timestamp_utc,city,target_date,ecmwf_max_c,gfs_max_c,predicted_bucket,polymarket_price,all_bucket_prices,_schema_version,bucket_summary_readable_deprecated,lead_time_hours,model_spread_c,snapshot_id,abs_model_spread_c,ecmwf_run_utc,gfs_run_utc,market_implied_temp_c,market_vs_ecmwf_c,market_vs_gfs_c,ecmwf_bucket_probability,gfs_bucket_probability,ecmwf_change_c,gfs_change_c,market_implied_change_c,data_quality,market_implied_temp_used_open_bucket_approx,ecmwf_bucket,gfs_bucket,market_modal_bucket,market_modal_bucket_price,icon_max_c,icon_bucket,icon_bucket_probability,icon_change_c,national_model_name,national_model_max_c,hours_to_resolution,national_model_bucket,national_model_bucket_probability,national_model_change_c,actual_max_c_official,actual_max_c_openmeteo_proxy,actual_max_c_used,settlement_source,actual_bucket,ecmwf_hit,gfs_hit,icon_hit,national_model_hit,market_favorite_hit
2026-08-14 12:42:33,Hong Kong,2026-08-15,30.7,31.7,31°C,,{},gen_a,,,,,,,,,,,,,,,,,,,,,,,,,,,,,,,,,31.8,31.8,openmeteo_archive_proxy_fallback,,,,,,
2026-08-14 12:42:33,Tokyo,2026-08-15,29.5,31.0,30°C,,{},gen_a,,,,,,,,,,,,,,,,,,,,,,,,,,,,,,,,,28.4,28.4,openmeteo_archive_proxy_fallback,,,,,,
2026-08-14 12:42:33,Shanghai,2026-08-15,30.6,29.5,31°C,,{},gen_a,,,,,,,,,,,,,,,,,,,,,,,,,,,,,,,,,30.8,30.8,openmeteo_archive_proxy_fallback,,,,,,
2026-08-14 12:42:33,Qingdao,2026-08-15,30.5,30.9,30°C,,{},gen_a,,,,,,,,,,,,,,,,,,,,,,,,,,,,,,,,,30.7,30.7,openmeteo_archive_proxy_fallback,,,,,,
2026-08-14 12:42:33,Seoul,2026-08-15,28.3,23.9,28°C,,{},gen_a,,,,,,,,,,,,,,,,,,,,,,,,,,,,,,,,,27.3,27.3,openmeteo_archive_proxy_fallback,,,,,,
2026-08-14 12:42:33,Guangzhou,2026-08-15,32.5,34.4,32°C,,{},gen_a,,,,,,,,,,,,,,,,,,,,,,,,,,,,,,,,,33.4,33.4,openmeteo_archive_proxy_fallback,,,,,,
2026-08-14 12:42:33,Shenzhen,2026-08-15,30.9,33.7,31°C,,{},gen_a,,,,,,,,,,,,,,,,,,,,,,,,,,,,,,,,,31.4,31.4,openmeteo_archive_proxy_fallback,,,,,,
2026-08-14 12:53:46,Hong Kong,2026-08-15,30.7,31.7,31°C,,{},gen_a,,,,,,,,,,,,,,,,,,,,,,,,,,,,,,,,,31.8,31.8,openmeteo_archive_proxy_fallback,,,,,,
2026-08-14 12:53:46,Tokyo,2026-08-15,29.5,31.0,30°C,,{},gen_a,,,,,,,,,,,,,,,,,,,,,,,,,,,,,,,,,28.4,28.4,openmeteo_archive_proxy_fallback,,,,,,
2026-08-14 12:53:46,Shanghai,2026-08-15,30.6,29.5,31°C,,{},gen_a,,,,,,,,,,,,,,,,,,,,,,,,,,,,,,,,,30.8,30.8,openmeteo_archive_proxy_fallback,,,,,,
2026-08-14 12:53:46,Qingdao,2026-08-15,30.5,30.9,30°C,,{},gen_a,,,,,,,,,,,,,,,,,,,,,,,,,,,,,,,,,30.7,30.7,openmeteo_archive_proxy_fallback,,,,,,
2026-08-14 12:53:46,Seoul,2026-08-15,28.3,23.9,28°C,,{},gen_a,,,,,,,,,,,,,,,,,,,,,,,,,,,,,,,,,27.3,27.3,openmeteo_archive_proxy_fallback,,,,,,
2026-08-14 12:53:46,Guangzhou,2026-08-15,32.5,34.4,32°C,,{},gen_a,,,,,,,,,,,,,,,,,,,,,,,,,,,,,,,,,33.4,33.4,openmeteo_archive_proxy_fallback,,,,,,
2026-08-14 12:53:46,Shenzhen,2026-08-15,30.9,33.7,31°C,,{},gen_a,,,,,,,,,,,,,,,,,,,,,,,,,,,,,,,,,31.4,31.4,openmeteo_archive_proxy_fallback,,,,,,
2026-08-14 13:02:42,Hong Kong,2026-08-15,30.7,31.7,31°C,0.435,"{""27\\u00b0C or below"": 0.002, ""28\\u00b0C"": 0.0045, ""29\\u00b0C"": 0.03, ""30\\u00b0C"": 0.18, ""31\\u00b0C"": 0.435, ""32\\u00b0C"": 0.305, ""33\\u00b0C"": 0.085, ""34\\u00b0C"": 0.015, ""35\\u00b0C"": 0.0035, ""36\\u00b0C"": 0.0005, ""37\\u00b0C or higher"": 0.0005}",gen_a,,,,,,,,,,,,,,,,,,,,,,,,,,,,,,,,,31.8,31.8,openmeteo_archive_proxy_fallback,32°C,False,,,,
2026-08-14 13:02:42,Tokyo,2026-08-15,29.5,31.0,30°C,0.345,"{""24\\u00b0C or below"": 0.002, ""25\\u00b0C"": 0.0005, ""26\\u00b0C"": 0.0055, ""27\\u00b0C"": 0.015, ""28\\u00b0C"": 0.045, ""29\\u00b0C"": 0.265, ""30\\u00b0C"": 0.345, ""31\\u00b0C"": 0.245, ""32\\u00b0C"": 0.09, ""33\\u00b0C"": 0.0235, ""34\\u00b0C or higher"": 0.008}",gen_a,,,,,,,,,,,,,,,,,,,,,,,,,,,,,,,,,28.4,28.4,openmeteo_archive_proxy_fallback,28°C,False,,,,
2026-08-14 13:02:42,Shanghai,2026-08-15,30.6,29.5,31°C,0.175,"{""25\\u00b0C or below"": 0.0005, ""26\\u00b0C"": 0.0035, ""27\\u00b0C"": 0.0065, ""28\\u00b0C"": 0.045, ""29\\u00b0C"": 0.295, ""30\\u00b0C"": 0.435, ""31\\u00b0C"": 0.175, ""32\\u00b0C"": 0.04, ""33\\u00b0C"": 0.009, ""34\\u00b0C"": 0.0035, ""35\\u00b0C or higher"": 0.0015}",gen_a,,,,,,,,,,,,,,,,,,,,,,,,,,,,,,,,,30.8,30.8,openmeteo_archive_proxy_fallback,31°C,True,,,,
2026-08-14 13:02:42,Qingdao,2026-08-15,30.5,30.9,30°C,0.265,"{""33\\u00b0C"": 0.055, ""34\\u00b0C"": 0.006, ""35\\u00b0C or higher"": 0.005, ""32\\u00b0C"": 0.22, ""25\\u00b0C or below"": 0.003, ""26\\u00b0C"": 0.002, ""27\\u00b0C"": 0.0065, ""28\\u00b0C"": 0.01, ""29\\u00b0C"": 0.065, ""30\\u00b0C"": 0.265, ""31\\u00b0C"": 0.425}",gen_a,,,,,,,,,,,,,,,,,,,,,,,,,,,,,,,,,30.7,30.7,openmeteo_archive_proxy_fallback,31°C,False,,,,
2026-08-14 13:02:42,Seoul,2026-08-15,28.3,23.9,28°C,0.245,"{""34\\u00b0C or higher"": 0.0015, ""24\\u00b0C or below"": 0.0005, ""25\\u00b0C"": 0.002, ""26\\u00b0C"": 0.008, ""27\\u00b0C"": 0.1, ""28\\u00b0C"": 0.245, ""29\\u00b0C"": 0.33, ""30\\u00b0C"": 0.26, ""31\\u00b0C"": 0.07, ""32\\u00b0C"": 0.015, ""33\\u00b0C"": 0.0055}",gen_a,,,,,,,,,,,,,,,,,,,,,,,,,,,,,,,,,27.3,27.3,openmeteo_archive_proxy_fallback,27°C,False,,,,
2026-08-14 13:02:42,Guangzhou,2026-08-15,32.5,34.4,32°C,0.0135,"{""29\\u00b0C or below"": 0.0025, ""30\\u00b0C"": 0.0025, ""31\\u00b0C"": 0.004, ""32\\u00b0C"": 0.0135, ""33\\u00b0C"": 0.07, ""34\\u00b0C"": 0.215, ""35\\u00b0C"": 0.45, ""36\\u00b0C"": 0.23, ""37\\u00b0C"": 0.035, ""38\\u00b0C"": 0.002, ""39\\u00b0C or higher"": 0.0015}",gen_a,,,,,,,,,,,,,,,,,,,,,,,,,,,,,,,,,33.4,33.4,openmeteo_archive_proxy_fallback,33°C,False,,,,
2026-08-14 13:02:42,Shenzhen,2026-08-15,30.9,33.7,31°C,0.155,"{""33\\u00b0C"": 0.285, ""31\\u00b0C"": 0.155, ""32\\u00b0C"": 0.335, ""36\\u00b0C"": 0.0055, ""37\\u00b0C or higher"": 0.0025, ""27\\u00b0C or below"": 0.002, ""35\\u00b0C"": 0.02, ""29\\u00b0C"": 0.0125, ""28\\u00b0C"": 0.0055, ""30\\u00b0C"": 0.035, ""34\\u00b0C"": 0.115}",gen_a,,,,,,,,,,,,,,,,,,,,,,,,,,,,,,,,,31.4,31.4,openmeteo_archive_proxy_fallback,31°C,True,,,,
2026-08-14 13:12:29,Hong Kong,2026-08-15,30.1,31.7,30°C,0.18,"{""27°C or below"": 0.002, ""28°C"": 0.0045, ""29°C"": 0.03, ""30°C"": 0.18, ""31°C"": 0.435, ""32°C"": 0.305, ""33°C"": 0.085, ""34°C"": 0.015, ""35°C"": 0.0035, ""36°C"": 0.0005, ""37°C or higher"": 0.0005}",gen_a,,,,,,,,,,,,,,,,,,,,,,,,,,,,,,,,,31.8,31.8,openmeteo_archive_proxy_fallback,32°C,False,,,,
2026-08-14 13:15:38,Hong Kong,2026-08-15,30.1,31.7,30°C,0.18,"{""27°C or below"": 0.002, ""28°C"": 0.0045, ""29°C"": 0.03, ""30°C"": 0.18, ""31°C"": 0.435, ""32°C"": 0.305, ""33°C"": 0.085, ""34°C"": 0.015, ""35°C"": 0.0035, ""36°C"": 0.0005, ""37°C or higher"": 0.0005}",gen_a,,,,,,,,,,,,,,,,,,,,,,,,,,,,,,,,,31.8,31.8,openmeteo_archive_proxy_fallback,32°C,False,,,,
2026-08-14 13:15:38,Tokyo,2026-08-15,29.8,31.0,30°C,0.345,"{""24°C or below"": 0.002, ""25°C"": 0.0005, ""26°C"": 0.005, ""27°C"": 0.015, ""28°C"": 0.045, ""29°C"": 0.255, ""30°C"": 0.345, ""31°C"": 0.25, ""32°C"": 0.105, ""33°C"": 0.024, ""34°C or higher"": 0.008}",gen_a,,,,,,,,,,,,,,,,,,,,,,,,,,,,,,,,,28.4,28.4,openmeteo_archive_proxy_fallback,28°C,False,,,,
2026-08-14 13:15:38,Shanghai,2026-08-15,30.7,29.5,31°C,0.175,"{""25°C or below"": 0.0005, ""26°C"": 0.0035, ""27°C"": 0.0065, ""28°C"": 0.045, ""29°C"": 0.295, ""30°C"": 0.435, ""31°C"": 0.175, ""32°C"": 0.04, ""33°C"": 0.009, ""34°C"": 0.0035, ""35°C or higher"": 0.0015}",gen_a,,,,,,,,,,,,,,,,,,,,,,,,,,,,,,,,,30.8,30.8,openmeteo_archive_proxy_fallback,31°C,True,,,,
2026-08-14 13:15:38,Qingdao,2026-08-15,30.1,30.9,30°C,0.285,"{""33°C"": 0.0535, ""34°C"": 0.0065, ""35°C or higher"": 0.005, ""32°C"": 0.205, ""25°C or below"": 0.003, ""26°C"": 0.002, ""27°C"": 0.0065, ""28°C"": 0.01, ""29°C"": 0.065, ""30°C"": 0.285, ""31°C"": 0.425}",gen_a,,,,,,,,,,,,,,,,,,,,,,,,,,,,,,,,,30.7,30.7,openmeteo_archive_proxy_fallback,31°C,False,,,,
2026-08-14 13:15:38,Seoul,2026-08-15,28.4,23.9,28°C,0.24,"{""34°C or higher"": 0.0015, ""24°C or below"": 0.0005, ""25°C"": 0.002, ""26°C"": 0.008, ""27°C"": 0.085, ""28°C"": 0.24, ""29°C"": 0.33, ""30°C"": 0.26, ""31°C"": 0.07, ""32°C"": 0.015, ""33°C"": 0.006}",gen_a,,,,,,,,,,,,,,,,,,,,,,,,,,,,,,,,,27.3,27.3,openmeteo_archive_proxy_fallback,27°C,False,,,,
2026-08-14 13:15:38,Guangzhou,2026-08-15,32.5,34.4,32°C,0.0135,"{""29°C or below"": 0.0025, ""30°C"": 0.0025, ""31°C"": 0.004, ""32°C"": 0.0135, ""33°C"": 0.07, ""34°C"": 0.225, ""35°C"": 0.45, ""36°C"": 0.225, ""37°C"": 0.035, ""38°C"": 0.002, ""39°C or higher"": 0.0015}",gen_a,,,,,,,,,,,,,,,,,,,,,,,,,,,,,,,,,33.4,33.4,openmeteo_archive_proxy_fallback,33°C,False,,,,
2026-08-14 13:15:38,Shenzhen,2026-08-15,31.1,33.7,31°C,0.155,"{""33°C"": 0.285, ""31°C"": 0.155, ""32°C"": 0.335, ""36°C"": 0.0055, ""37°C or higher"": 0.003, ""27°C or below"": 0.002, ""35°C"": 0.02, ""29°C"": 0.0125, ""28°C"": 0.0045, ""30°C"": 0.035, ""34°C"": 0.11}",gen_a,,,,,,,,,,,,,,,,,,,,,,,,,,,,,,,,,31.4,31.4,openmeteo_archive_proxy_fallback,31°C,True,,,,
2026-08-14 13:33:26,Hong Kong,2026-08-15,30.1,31.7,30°C,0.16,"{""27°C or below"": 0.002, ""28°C"": 0.0075, ""29°C"": 0.03, ""30°C"": 0.16, ""31°C"": 0.435, ""32°C"": 0.315, ""33°C"": 0.085, ""34°C"": 0.005, ""35°C"": 0.0035, ""36°C"": 0.0005, ""37°C or higher"": 0.0005}",gen_a,,,,,,,,,,,,,,,,,,,,,,,,,,,,,,,,,31.8,31.8,openmeteo_archive_proxy_fallback,32°C,False,,,,
2026-08-14 13:33:26,Tokyo,2026-08-15,29.8,31.0,30°C,0.33,"{""24°C or below"": 0.002, ""25°C"": 0.0005, ""26°C"": 0.0055, ""27°C"": 0.015, ""28°C"": 0.045, ""29°C"": 0.245, ""30°C"": 0.33, ""31°C"": 0.255, ""32°C"": 0.1, ""33°C"": 0.0255, ""34°C or higher"": 0.008}",gen_a,,,,,,,,,,,,,,,,,,,,,,,,,,,,,,,,,28.4,28.4,openmeteo_archive_proxy_fallback,28°C,False,,,,
2026-08-14 13:33:26,Shanghai,2026-08-15,30.7,29.5,31°C,0.175,"{""25°C or below"": 0.0005, ""26°C"": 0.0015, ""27°C"": 0.0115, ""28°C"": 0.04, ""29°C"": 0.285, ""30°C"": 0.475, ""31°C"": 0.175, ""32°C"": 0.045, ""33°C"": 0.009, ""34°C"": 0.0035, ""35°C or higher"": 0.0005}",gen_a,,,,,,,,,,,,,,,,,,,,,,,,,,,,,,,,,30.8,30.8,openmeteo_archive_proxy_fallback,31°C,True,,,,
2026-08-14 13:33:26,Qingdao,2026-08-15,30.1,30.9,30°C,0.235,"{""33°C"": 0.05, ""34°C"": 0.006, ""35°C or higher"": 0.005, ""32°C"": 0.205, ""25°C or below"": 0.003, ""26°C"": 0.002, ""27°C"": 0.0065, ""28°C"": 0.01, ""29°C"": 0.075, ""30°C"": 0.235, ""31°C"": 0.425}",gen_a,,,,,,,,,,,,,,,,,,,,,,,,,,,,,,,,,30.7,30.7,openmeteo_archive_proxy_fallback,31°C,False,,,,
2026-08-14 13:33:26,Seoul,2026-08-15,28.4,23.9,28°C,0.27,"{""34°C or higher"": 0.0015, ""24°C or below"": 0.0005, ""25°C"": 0.002, ""26°C"": 0.008, ""27°C"": 0.075, ""28°C"": 0.27, ""29°C"": 0.33, ""30°C"": 0.265, ""31°C"": 0.07, ""32°C"": 0.015, ""33°C"": 0.006}",gen_a,,,,,,,,,,,,,,,,,,,,,,,,,,,,,,,,,27.3,27.3,openmeteo_archive_proxy_fallback,27°C,False,,,,
2026-08-14 13:33:26,Guangzhou,2026-08-15,32.5,34.4,32°C,0.013,"{""29°C or below"": 0.0025, ""30°C"": 0.0025, ""31°C"": 0.004, ""32°C"": 0.013, ""33°C"": 0.075, ""34°C"": 0.225, ""35°C"": 0.455, ""36°C"": 0.225, ""37°C"": 0.035, ""38°C"": 0.002, ""39°C or higher"": 0.0015}",gen_a,,,,,,,,,,,,,,,,,,,,,,,,,,,,,,,,,33.4,33.4,openmeteo_archive_proxy_fallback,33°C,False,,,,
2026-08-14 13:33:26,Shenzhen,2026-08-15,31.1,33.7,31°C,0.155,"{""33°C"": 0.285, ""31°C"": 0.155, ""32°C"": 0.335, ""36°C"": 0.0055, ""37°C or higher"": 0.003, ""27°C or below"": 0.002, ""35°C"": 0.02, ""29°C"": 0.0125, ""28°C"": 0.004, ""30°C"": 0.035, ""34°C"": 0.115}",gen_a,,,,,,,,,,,,,,,,,,,,,,,,,,,,,,,,,31.4,31.4,openmeteo_archive_proxy_fallback,31°C,True,,,,
2026-08-14 14:43:38,Hong Kong,2026-08-15,30.1,31.7,30°C,0.16,"{""27°C or below"": 0.003, ""28°C"": 0.004, ""29°C"": 0.04, ""30°C"": 0.16, ""31°C"": 0.43, ""32°C"": 0.315, ""33°C"": 0.085, ""34°C"": 0.014, ""35°C"": 0.0025, ""36°C"": 0.0005, ""37°C or higher"": 0.0005}",gen_a,,,,,,,,,,,,,,,,,,,,,,,,,,,,,,,,,31.8,31.8,openmeteo_archive_proxy_fallback,32°C,False,,,,
2026-08-14 14:43:38,Tokyo,2026-08-15,29.8,31.0,30°C,0.36,"{""24°C or below"": 0.002, ""25°C"": 0.0005, ""26°C"": 0.0055, ""27°C"": 0.015, ""28°C"": 0.05, ""29°C"": 0.24, ""30°C"": 0.36, ""31°C"": 0.275, ""32°C"": 0.1, ""33°C"": 0.0175, ""34°C or higher"": 0.0085}",gen_a,,,,,,,,,,,,,,,,,,,,,,,,,,,,,,,,,28.4,28.4,openmeteo_archive_proxy_fallback,28°C,False,,,,
2026-08-14 14:43:38,Shanghai,2026-08-15,30.7,29.5,31°C,0.175,"{""25°C or below"": 0.0005, ""26°C"": 0.0015, ""27°C"": 0.0075, ""28°C"": 0.045, ""29°C"": 0.29, ""30°C"": 0.47, ""31°C"": 0.175, ""32°C"": 0.035, ""33°C"": 0.009, ""34°C"": 0.004, ""35°C or higher"": 0.0005}",gen_a,,,,,,,,,,,,,,,,,,,,,,,,,,,,,,,,,30.8,30.8,openmeteo_archive_proxy_fallback,31°C,True,,,,
2026-08-14 14:43:38,Qingdao,2026-08-15,30.1,30.9,30°C,0.245,"{""33°C"": 0.0455, ""34°C"": 0.0065, ""35°C or higher"": 0.005, ""32°C"": 0.205, ""25°C or below"": 0.003, ""26°C"": 0.002, ""27°C"": 0.0065, ""28°C"": 0.0085, ""29°C"": 0.075, ""30°C"": 0.245, ""31°C"": 0.425}",gen_a,,,,,,,,,,,,,,,,,,,,,,,,,,,,,,,,,30.7,30.7,openmeteo_archive_proxy_fallback,31°C,False,,,,
2026-08-14 14:43:38,Seoul,2026-08-15,28.4,23.9,28°C,0.245,"{""34°C or higher"": 0.0015, ""24°C or below"": 0.0005, ""25°C"": 0.002, ""26°C"": 0.008, ""27°C"": 0.08, ""28°C"": 0.245, ""29°C"": 0.335, ""30°C"": 0.28, ""31°C"": 0.08, ""32°C"": 0.025, ""33°C"": 0.006}",gen_a,,,,,,,,,,,,,,,,,,,,,,,,,,,,,,,,,27.3,27.3,openmeteo_archive_proxy_fallback,27°C,False,,,,
2026-08-14 14:43:38,Guangzhou,2026-08-15,32.5,34.4,32°C,0.0135,"{""29°C or below"": 0.0025, ""30°C"": 0.0025, ""31°C"": 0.004, ""32°C"": 0.0135, ""33°C"": 0.085, ""34°C"": 0.215, ""35°C"": 0.445, ""36°C"": 0.225, ""37°C"": 0.035, ""38°C"": 0.002, ""39°C or higher"": 0.0015}",gen_a,,,,,,,,,,,,,,,,,,,,,,,,,,,,,,,,,33.4,33.4,openmeteo_archive_proxy_fallback,33°C,False,,,,
2026-08-14 14:43:38,Shenzhen,2026-08-15,31.1,33.7,31°C,0.18,"{""33°C"": 0.28, ""31°C"": 0.18, ""32°C"": 0.335, ""36°C"": 0.007, ""37°C or higher"": 0.003, ""27°C or below"": 0.002, ""35°C"": 0.025, ""29°C"": 0.0125, ""28°C"": 0.0055, ""30°C"": 0.035, ""34°C"": 0.08}",gen_a,,,,,,,,,,,,,,,,,,,,,,,,,,,,,,,,,31.4,31.4,openmeteo_archive_proxy_fallback,31°C,True,,,,
2026-08-14 15:40:32,Hong Kong,2026-08-15,30.1,31.7,30°C,0.185,"{""27°C or below"": 0.0025, ""28°C"": 0.0155, ""29°C"": 0.055, ""30°C"": 0.185, ""31°C"": 0.385, ""32°C"": 0.315, ""33°C"": 0.085, ""34°C"": 0.0145, ""35°C"": 0.0015, ""36°C"": 0.0005, ""37°C or higher"": 0.0005}",gen_a,,,,,,,,,,,,,,,,,,,,,,,,,,,,,,,,,31.8,31.8,openmeteo_archive_proxy_fallback,32°C,False,,,,
2026-08-14 15:40:32,Tokyo,2026-08-15,29.8,31.0,30°C,0.38,"{""24°C or below"": 0.0005, ""25°C"": 0.0005, ""26°C"": 0.006, ""27°C"": 0.025, ""28°C"": 0.04, ""29°C"": 0.215, ""30°C"": 0.38, ""31°C"": 0.265, ""32°C"": 0.045, ""33°C"": 0.018, ""34°C or higher"": 0.008}",gen_a,,,,,,,,,,,,,,,,,,,,,,,,,,,,,,,,,28.4,28.4,openmeteo_archive_proxy_fallback,28°C,False,,,,
2026-08-14 15:40:32,Shanghai,2026-08-15,30.7,29.5,31°C,0.19,"{""25°C or below"": 0.0005, ""26°C"": 0.002, ""27°C"": 0.005, ""28°C"": 0.055, ""29°C"": 0.285, ""30°C"": 0.455, ""31°C"": 0.19, ""32°C"": 0.035, ""33°C"": 0.008, ""34°C"": 0.004, ""35°C or higher"": 0.0005}",gen_a,,,,,,,,,,,,,,,,,,,,,,,,,,,,,,,,,30.8,30.8,openmeteo_archive_proxy_fallback,31°C,True,,,,
2026-08-14 15:40:32,Qingdao,2026-08-15,30.1,30.9,30°C,0.245,"{""33°C"": 0.0455, ""34°C"": 0.006, ""35°C or higher"": 0.005, ""32°C"": 0.205, ""25°C or below"": 0.0005, ""26°C"": 0.0005, ""27°C"": 0.005, ""28°C"": 0.018, ""29°C"": 0.075, ""30°C"": 0.245, ""31°C"": 0.425}",gen_a,,,,,,,,,,,,,,,,,,,,,,,,,,,,,,,,,30.7,30.7,openmeteo_archive_proxy_fallback,31°C,False,,,,
2026-08-14 15:40:32,Seoul,2026-08-15,28.4,23.9,28°C,0.25,"{""34°C or higher"": 0.0015, ""24°C or below"": 0.0005, ""25°C"": 0.0005, ""26°C"": 0.0065, ""27°C"": 0.05, ""28°C"": 0.25, ""29°C"": 0.365, ""30°C"": 0.275, ""31°C"": 0.085, ""32°C"": 0.015, ""33°C"": 0.006}",gen_a,,,,,,,,,,,,,,,,,,,,,,,,,,,,,,,,,27.3,27.3,openmeteo_archive_proxy_fallback,27°C,False,,,,
2026-08-14 15:40:32,Guangzhou,2026-08-15,32.5,34.4,32°C,0.018,"{""29°C or below"": 0.0025, ""30°C"": 0.005, ""31°C"": 0.005, ""32°C"": 0.018, ""33°C"": 0.115, ""34°C"": 0.2, ""35°C"": 0.425, ""36°C"": 0.225, ""37°C"": 0.035, ""38°C"": 0.003, ""39°C or higher"": 0.0015}",gen_a,,,,,,,,,,,,,,,,,,,,,,,,,,,,,,,,,33.4,33.4,openmeteo_archive_proxy_fallback,33°C,False,,,,
2026-08-14 15:40:32,Shenzhen,2026-08-15,31.1,33.7,31°C,0.195,"{""33°C"": 0.275, ""31°C"": 0.195, ""32°C"": 0.345, ""36°C"": 0.007, ""37°C or higher"": 0.003, ""27°C or below"": 0.002, ""35°C"": 0.025, ""29°C"": 0.0125, ""28°C"": 0.003, ""30°C"": 0.06, ""34°C"": 0.075}",gen_a,,,,,,,,,,,,,,,,,,,,,,,,,,,,,,,,,31.4,31.4,openmeteo_archive_proxy_fallback,31°C,True,,,,
2026-08-14 16:39:25,Hong Kong,2026-08-15,30.1,31.7,30°C,0.225,"{""27°C or below"": 0.002, ""28°C"": 0.0155, ""29°C"": 0.065, ""30°C"": 0.225, ""31°C"": 0.345, ""32°C"": 0.295, ""33°C"": 0.06, ""34°C"": 0.0035, ""35°C"": 0.0015, ""36°C"": 0.0005, ""37°C or higher"": 0.0005}",gen_a,,,,,,,,,,,,,,,,,,,,,,,,,,,,,,,,,31.8,31.8,openmeteo_archive_proxy_fallback,32°C,False,,,,
2026-08-14 16:39:25,Tokyo,2026-08-15,29.8,31.0,30°C,0.43,"{""24°C or below"": 0.0005, ""25°C"": 0.0005, ""26°C"": 0.005, ""27°C"": 0.015, ""28°C"": 0.025, ""29°C"": 0.27, ""30°C"": 0.43, ""31°C"": 0.235, ""32°C"": 0.045, ""33°C"": 0.0115, ""34°C or higher"": 0.0065}",gen_a,,,,,,,,,,,,,,,,,,,,,,,,,,,,,,,,,28.4,28.4,openmeteo_archive_proxy_fallback,28°C,False,,,,
2026-08-14 16:39:25,Shanghai,2026-08-15,30.7,29.5,31°C,0.205,"{""25°C or below"": 0.0005, ""26°C"": 0.002, ""27°C"": 0.006, ""28°C"": 0.055, ""29°C"": 0.285, ""30°C"": 0.455, ""31°C"": 0.205, ""32°C"": 0.035, ""33°C"": 0.008, ""34°C"": 0.0035, ""35°C or higher"": 0.0005}",gen_a,,,,,,,,,,,,,,,,,,,,,,,,,,,,,,,,,30.8,30.8,openmeteo_archive_proxy_fallback,31°C,True,,,,
2026-08-14 16:39:25,Qingdao,2026-08-15,30.1,30.9,30°C,0.255,"{""33°C"": 0.0585, ""34°C"": 0.0055, ""35°C or higher"": 0.0005, ""32°C"": 0.22, ""25°C or below"": 0.0005, ""26°C"": 0.0005, ""27°C"": 0.004, ""28°C"": 0.0115, ""29°C"": 0.055, ""30°C"": 0.255, ""31°C"": 0.425}",gen_a,,,,,,,,,,,,,,,,,,,,,,,,,,,,,,,,,30.7,30.7,openmeteo_archive_proxy_fallback,31°C,False,,,,
2026-08-14 16:39:25,Seoul,2026-08-15,28.4,23.9,28°C,0.235,"{""34°C or higher"": 0.0015, ""24°C or below"": 0.0005, ""25°C"": 0.0005, ""26°C"": 0.0065, ""27°C"": 0.06, ""28°C"": 0.235, ""29°C"": 0.375, ""30°C"": 0.305, ""31°C"": 0.065, ""32°C"": 0.025, ""33°C"": 0.004}",gen_a,,,,,,,,,,,,,,,,,,,,,,,,,,,,,,,,,27.3,27.3,openmeteo_archive_proxy_fallback,27°C,False,,,,
2026-08-14 16:39:25,Guangzhou,2026-08-15,32.5,34.4,32°C,0.04,"{""29°C or below"": 0.0025, ""30°C"": 0.006, ""31°C"": 0.032, ""32°C"": 0.04, ""33°C"": 0.12, ""34°C"": 0.205, ""35°C"": 0.365, ""36°C"": 0.215, ""37°C"": 0.035, ""38°C"": 0.0025, ""39°C or higher"": 0.0015}",gen_a,,,,,,,,,,,,,,,,,,,,,,,,,,,,,,,,,33.4,33.4,openmeteo_archive_proxy_fallback,33°C,False,,,,
2026-08-14 16:39:25,Shenzhen,2026-08-15,31.1,33.7,31°C,0.2,"{""33°C"": 0.27, ""31°C"": 0.2, ""32°C"": 0.36, ""36°C"": 0.007, ""37°C or higher"": 0.003, ""27°C or below"": 0.0005, ""35°C"": 0.025, ""29°C"": 0.0125, ""28°C"": 0.003, ""30°C"": 0.065, ""34°C"": 0.09}",gen_a,,,,,,,,,,,,,,,,,,,,,,,,,,,,,,,,,31.4,31.4,openmeteo_archive_proxy_fallback,31°C,True,,,,
2026-08-14 17:43:28,Hong Kong,2026-08-15,30.1,31.7,30°C,0.2,"{""27°C or below"": 0.0025, ""28°C"": 0.017, ""29°C"": 0.06, ""30°C"": 0.2, ""31°C"": 0.385, ""32°C"": 0.29, ""33°C"": 0.09, ""34°C"": 0.0225, ""35°C"": 0.0045, ""36°C"": 0.0015, ""37°C or higher"": 0.0005}",gen_a,,,,,,,,,,,,,,,,,,,,,,,,,,,,,,,,,31.8,31.8,openmeteo_archive_proxy_fallback,32°C,False,,,,
2026-08-14 17:43:28,Tokyo,2026-08-15,29.8,31.0,30°C,0.475,"{""24°C or below"": 0.0005, ""25°C"": 0.0005, ""26°C"": 0.0055, ""27°C"": 0.015, ""28°C"": 0.02, ""29°C"": 0.255, ""30°C"": 0.475, ""31°C"": 0.155, ""32°C"": 0.055, ""33°C"": 0.0165, ""34°C or higher"": 0.0085}",gen_a,,,,,,,,,,,,,,,,,,,,,,,,,,,,,,,,,28.4,28.4,openmeteo_archive_proxy_fallback,28°C,False,,,,
2026-08-14 17:43:28,Shanghai,2026-08-15,30.7,29.5,31°C,0.16,"{""25°C or below"": 0.0005, ""26°C"": 0.002, ""27°C"": 0.006, ""28°C"": 0.06, ""29°C"": 0.305, ""30°C"": 0.455, ""31°C"": 0.16, ""32°C"": 0.035, ""33°C"": 0.008, ""34°C"": 0.0045, ""35°C or higher"": 0.0015}",gen_a,,,,,,,,,,,,,,,,,,,,,,,,,,,,,,,,,30.8,30.8,openmeteo_archive_proxy_fallback,31°C,True,,,,
2026-08-14 17:43:28,Qingdao,2026-08-15,30.1,30.9,30°C,0.265,"{""33°C"": 0.058, ""34°C"": 0.0055, ""35°C or higher"": 0.0005, ""32°C"": 0.215, ""25°C or below"": 0.0005, ""26°C"": 0.0005, ""27°C"": 0.0065, ""28°C"": 0.0125, ""29°C"": 0.065, ""30°C"": 0.265, ""31°C"": 0.42}",gen_a,,,,,,,,,,,,,,,,,,,,,,,,,,,,,,,,,30.7,30.7,openmeteo_archive_proxy_fallback,31°C,False,,,,
2026-08-14 17:43:28,Seoul,2026-08-15,28.4,23.9,28°C,0.175,"{""34°C or higher"": 0.0015, ""24°C or below"": 0.0005, ""25°C"": 0.0005, ""26°C"": 0.0065, ""27°C"": 0.025, ""28°C"": 0.175, ""29°C"": 0.335, ""30°C"": 0.32, ""31°C"": 0.055, ""32°C"": 0.03, ""33°C"": 0.005}",gen_a,,,,,,,,,,,,,,,,,,,,,,,,,,,,,,,,,27.3,27.3,openmeteo_archive_proxy_fallback,27°C,False,,,,
2026-08-14 17:43:28,Guangzhou,2026-08-15,32.5,34.4,32°C,0.0355,"{""29°C or below"": 0.0025, ""30°C"": 0.0065, ""31°C"": 0.017, ""32°C"": 0.0355, ""33°C"": 0.135, ""34°C"": 0.205, ""35°C"": 0.385, ""36°C"": 0.235, ""37°C"": 0.04, ""38°C"": 0.0035, ""39°C or higher"": 0.0015}",gen_a,,,,,,,,,,,,,,,,,,,,,,,,,,,,,,,,,33.4,33.4,openmeteo_archive_proxy_fallback,33°C,False,,,,
2026-08-14 17:43:28,Shenzhen,2026-08-15,31.1,33.7,31°C,0.18,"{""33°C"": 0.27, ""31°C"": 0.18, ""32°C"": 0.345, ""36°C"": 0.0125, ""37°C or higher"": 0.0035, ""27°C or below"": 0.0005, ""35°C"": 0.04, ""29°C"": 0.0205, ""28°C"": 0.003, ""30°C"": 0.065, ""34°C"": 0.13}",gen_a,,,,,,,,,,,,,,,,,,,,,,,,,,,,,,,,,31.4,31.4,openmeteo_archive_proxy_fallback,31°C,True,,,,
2026-08-14 18:39:18,Hong Kong,2026-08-15,30.1,31.6,30°C,0.19,"{""27°C or below"": 0.0015, ""28°C"": 0.0185, ""29°C"": 0.065, ""30°C"": 0.19, ""31°C"": 0.37, ""32°C"": 0.285, ""33°C"": 0.095, ""34°C"": 0.011, ""35°C"": 0.0045, ""36°C"": 0.0015, ""37°C or higher"": 0.0005}",gen_a,,,,,,,,,,,,,,,,,,,,,,,,,,,,,,,,,31.8,31.8,openmeteo_archive_proxy_fallback,32°C,False,,,,
2026-08-14 18:39:18,Tokyo,2026-08-15,29.8,31.0,30°C,0.49,"{""24°C or below"": 0.0005, ""25°C"": 0.0005, ""26°C"": 0.005, ""27°C"": 0.01, ""28°C"": 0.03, ""29°C"": 0.265, ""30°C"": 0.49, ""31°C"": 0.165, ""32°C"": 0.05, ""33°C"": 0.011, ""34°C or higher"": 0.0075}",gen_a,,,,,,,,,,,,,,,,,,,,,,,,,,,,,,,,,28.4,28.4,openmeteo_archive_proxy_fallback,28°C,False,,,,
2026-08-14 18:39:18,Shanghai,2026-08-15,30.7,28.9,31°C,0.16,"{""25°C or below"": 0.0005, ""26°C"": 0.002, ""27°C"": 0.006, ""28°C"": 0.05, ""29°C"": 0.27, ""30°C"": 0.43, ""31°C"": 0.16, ""32°C"": 0.035, ""33°C"": 0.009, ""34°C"": 0.0045, ""35°C or higher"": 0.0015}",gen_a,,,,,,,,,,,,,,,,,,,,,,,,,,,,,,,,,30.8,30.8,openmeteo_archive_proxy_fallback,31°C,True,,,,
2026-08-14 18:39:18,Qingdao,2026-08-15,30.1,30.9,30°C,0.255,"{""33°C"": 0.0525, ""34°C"": 0.007, ""35°C or higher"": 0.004, ""32°C"": 0.235, ""25°C or below"": 0.0005, ""26°C"": 0.0005, ""27°C"": 0.0065, ""28°C"": 0.0125, ""29°C"": 0.06, ""30°C"": 0.255, ""31°C"": 0.415}",gen_a,,,,,,,,,,,,,,,,,,,,,,,,,,,,,,,,,30.7,30.7,openmeteo_archive_proxy_fallback,31°C,False,,,,
2026-08-14 18:39:18,Seoul,2026-08-15,28.4,25.9,28°C,0.205,"{""34°C or higher"": 0.0015, ""24°C or below"": 0.0005, ""25°C"": 0.0005, ""26°C"": 0.0065, ""27°C"": 0.075, ""28°C"": 0.205, ""29°C"": 0.305, ""30°C"": 0.305, ""31°C"": 0.07, ""32°C"": 0.03, ""33°C"": 0.005}",gen_a,,,,,,,,,,,,,,,,,,,,,,,,,,,,,,,,,27.3,27.3,openmeteo_archive_proxy_fallback,27°C,False,,,,
2026-08-14 18:39:18,Guangzhou,2026-08-15,32.5,35.0,32°C,0.029,"{""29°C or below"": 0.0005, ""30°C"": 0.006, ""31°C"": 0.0125, ""32°C"": 0.029, ""33°C"": 0.085, ""34°C"": 0.145, ""35°C"": 0.405, ""36°C"": 0.27, ""37°C"": 0.06, ""38°C"": 0.0055, ""39°C or higher"": 0.0015}",gen_a,,,,,,,,,,,,,,,,,,,,,,,,,,,,,,,,,33.4,33.4,openmeteo_archive_proxy_fallback,33°C,False,,,,
2026-08-14 18:39:18,Shenzhen,2026-08-15,31.1,33.9,31°C,0.175,"{""33°C"": 0.28, ""31°C"": 0.175, ""32°C"": 0.345, ""36°C"": 0.0115, ""37°C or higher"": 0.0035, ""27°C or below"": 0.0005, ""35°C"": 0.04, ""29°C"": 0.017, ""28°C"": 0.003, ""30°C"": 0.065, ""34°C"": 0.13}",gen_a,,,,,,,,,,,,,,,,,,,,,,,,,,,,,,,,,31.4,31.4,openmeteo_archive_proxy_fallback,31°C,True,,,,
2026-08-14 19:41:24,Hong Kong,2026-08-15,30.1,31.6,30°C,0.2,"{""27°C or below"": 0.0015, ""28°C"": 0.0195, ""29°C"": 0.075, ""30°C"": 0.2, ""31°C"": 0.36, ""32°C"": 0.285, ""33°C"": 0.095, ""34°C"": 0.0125, ""35°C"": 0.003, ""36°C"": 0.0015, ""37°C or higher"": 0.0005}",gen_a,,,,,,,,,,,,,,,,,,,,,,,,,,,,,,,,,31.8,31.8,openmeteo_archive_proxy_fallback,32°C,False,,,,
2026-08-14 19:41:24,Tokyo,2026-08-15,29.8,31.0,30°C,0.49,"{""24°C or below"": 0.0005, ""25°C"": 0.0005, ""26°C"": 0.005, ""27°C"": 0.01, ""28°C"": 0.02, ""29°C"": 0.275, ""30°C"": 0.49, ""31°C"": 0.175, ""32°C"": 0.05, ""33°C"": 0.0115, ""34°C or higher"": 0.0085}",gen_a,,,,,,,,,,,,,,,,,,,,,,,,,,,,,,,,,28.4,28.4,openmeteo_archive_proxy_fallback,28°C,False,,,,
2026-08-14 19:41:24,Shanghai,2026-08-15,30.7,28.9,31°C,0.185,"{""25°C or below"": 0.0005, ""26°C"": 0.002, ""27°C"": 0.0125, ""28°C"": 0.055, ""29°C"": 0.28, ""30°C"": 0.46, ""31°C"": 0.185, ""32°C"": 0.035, ""33°C"": 0.006, ""34°C"": 0.0045, ""35°C or higher"": 0.0015}",gen_a,,,,,,,,,,,,,,,,,,,,,,,,,,,,,,,,,30.8,30.8,openmeteo_archive_proxy_fallback,31°C,True,,,,
2026-08-14 19:41:24,Qingdao,2026-08-15,30.1,30.9,30°C,0.235,"{""33°C"": 0.0545, ""34°C"": 0.007, ""35°C or higher"": 0.004, ""32°C"": 0.255, ""25°C or below"": 0.0005, ""26°C"": 0.0005, ""27°C"": 0.0055, ""28°C"": 0.012, ""29°C"": 0.065, ""30°C"": 0.235, ""31°C"": 0.42}",gen_a,,,,,,,,,,,,,,,,,,,,,,,,,,,,,,,,,30.7,30.7,openmeteo_archive_proxy_fallback,31°C,False,,,,
2026-08-14 19:41:24,Seoul,2026-08-15,28.4,25.9,28°C,0.25,"{""34°C or higher"": 0.0015, ""24°C or below"": 0.0005, ""25°C"": 0.0005, ""26°C"": 0.008, ""27°C"": 0.115, ""28°C"": 0.25, ""29°C"": 0.315, ""30°C"": 0.275, ""31°C"": 0.065, ""32°C"": 0.025, ""33°C"": 0.005}",gen_a,,,,,,,,,,,,,,,,,,,,,,,,,,,,,,,,,27.3,27.3,openmeteo_archive_proxy_fallback,27°C,False,,,,
2026-08-14 19:41:24,Guangzhou,2026-08-15,32.5,35.0,32°C,0.0215,"{""29°C or below"": 0.0005, ""30°C"": 0.0065, ""31°C"": 0.0115, ""32°C"": 0.0215, ""33°C"": 0.065, ""34°C"": 0.205, ""35°C"": 0.42, ""36°C"": 0.275, ""37°C"": 0.055, ""38°C"": 0.007, ""39°C or higher"": 0.0015}",gen_a,,,,,,,,,,,,,,,,,,,,,,,,,,,,,,,,,33.4,33.4,openmeteo_archive_proxy_fallback,33°C,False,,,,
2026-08-14 19:41:24,Shenzhen,2026-08-15,31.1,33.9,31°C,0.175,"{""33°C"": 0.28, ""31°C"": 0.175, ""32°C"": 0.34, ""36°C"": 0.02, ""37°C or higher"": 0.0015, ""27°C or below"": 0.0005, ""35°C"": 0.045, ""29°C"": 0.008, ""28°C"": 0.0035, ""30°C"": 0.065, ""34°C"": 0.125}",gen_a,,,,,,,,,,,,,,,,,,,,,,,,,,,,,,,,,31.4,31.4,openmeteo_archive_proxy_fallback,31°C,True,,,,
2026-08-14 20:20:41,Hong Kong,2026-08-15,29.3,31.6,29°C,0.06,"{""27°C or below"": 0.0015, ""28°C"": 0.0165, ""29°C"": 0.06, ""30°C"": 0.175, ""31°C"": 0.375, ""32°C"": 0.285, ""33°C"": 0.095, ""34°C"": 0.0115, ""35°C"": 0.003, ""36°C"": 0.0015, ""37°C or higher"": 0.0005}",gen_a,,,,,,,,,,,,,,,,,,,,,,,,,,,,,,,,,31.8,31.8,openmeteo_archive_proxy_fallback,32°C,False,,,,
2026-08-14 20:20:41,Tokyo,2026-08-15,29.4,31.0,29°C,0.255,"{""24°C or below"": 0.0005, ""25°C"": 0.0005, ""26°C"": 0.005, ""27°C"": 0.01, ""28°C"": 0.015, ""29°C"": 0.255, ""30°C"": 0.485, ""31°C"": 0.185, ""32°C"": 0.035, ""33°C"": 0.009, ""34°C or higher"": 0.0075}",gen_a,,,,,,,,,,,,,,,,,,,,,,,,,,,,,,,,,28.4,28.4,openmeteo_archive_proxy_fallback,28°C,False,,,,
2026-08-14 20:20:41,Shanghai,2026-08-15,30.2,28.9,30°C,0.46,"{""25°C or below"": 0.0005, ""26°C"": 0.0005, ""27°C"": 0.003, ""28°C"": 0.06, ""29°C"": 0.28, ""30°C"": 0.46, ""31°C"": 0.195, ""32°C"": 0.035, ""33°C"": 0.006, ""34°C"": 0.004, ""35°C or higher"": 0.001}",gen_a,,,,,,,,,,,,,,,,,,,,,,,,,,,,,,,,,30.8,30.8,openmeteo_archive_proxy_fallback,31°C,False,,,,
2026-08-14 20:20:41,Qingdao,2026-08-15,30.6,30.9,31°C,0.42,"{""33°C"": 0.0615, ""34°C"": 0.007, ""35°C or higher"": 0.004, ""32°C"": 0.255, ""25°C or below"": 0.0005, ""26°C"": 0.0005, ""27°C"": 0.0055, ""28°C"": 0.012, ""29°C"": 0.06, ""30°C"": 0.235, ""31°C"": 0.42}",gen_a,,,,,,,,,,,,,,,,,,,,,,,,,,,,,,,,,30.7,30.7,openmeteo_archive_proxy_fallback,31°C,True,,,,
2026-08-14 20:20:41,Seoul,2026-08-15,28.0,25.9,28°C,0.26,"{""34°C or higher"": 0.0005, ""24°C or below"": 0.0005, ""25°C"": 0.0005, ""26°C"": 0.0125, ""27°C"": 0.05, ""28°C"": 0.26, ""29°C"": 0.335, ""30°C"": 0.265, ""31°C"": 0.06, ""32°C"": 0.0065, ""33°C"": 0.004}",gen_a,,,,,,,,,,,,,,,,,,,,,,,,,,,,,,,,,27.3,27.3,openmeteo_archive_proxy_fallback,27°C,False,,,,
2026-08-14 20:20:41,Guangzhou,2026-08-15,32.4,35.0,32°C,0.015,"{""29°C or below"": 0.0005, ""30°C"": 0.006, ""31°C"": 0.0135, ""32°C"": 0.015, ""33°C"": 0.065, ""34°C"": 0.185, ""35°C"": 0.45, ""36°C"": 0.27, ""37°C"": 0.055, ""38°C"": 0.007, ""39°C or higher"": 0.0015}",gen_a,,,,,,,,,,,,,,,,,,,,,,,,,,,,,,,,,33.4,33.4,openmeteo_archive_proxy_fallback,33°C,False,,,,
2026-08-14 20:20:41,Shenzhen,2026-08-15,29.7,33.9,30°C,0.07,"{""33°C"": 0.285, ""31°C"": 0.175, ""32°C"": 0.345, ""36°C"": 0.0115, ""37°C or higher"": 0.0015, ""27°C or below"": 0.0005, ""35°C"": 0.04, ""29°C"": 0.013, ""28°C"": 0.0035, ""30°C"": 0.07, ""34°C"": 0.125}",gen_a,,,,,,,,,,,,,,,,,,,,,,,,,,,,,,,,,31.4,31.4,openmeteo_archive_proxy_fallback,31°C,False,,,,
2026-08-14 21:15:03,Hong Kong,2026-08-15,29.3,31.6,29°C,0.06,"{""27°C or below"": 0.0015, ""28°C"": 0.016, ""29°C"": 0.06, ""30°C"": 0.165, ""31°C"": 0.37, ""32°C"": 0.285, ""33°C"": 0.105, ""34°C"": 0.0115, ""35°C"": 0.003, ""36°C"": 0.0015, ""37°C or higher"": 0.0005}",gen_a,,,,,,,,,,,,,,,,,,,,,,,,,,,,,,,,,31.8,31.8,openmeteo_archive_proxy_fallback,32°C,False,,,,
2026-08-14 21:15:03,Tokyo,2026-08-15,29.4,31.0,29°C,0.26,"{""24°C or below"": 0.0005, ""25°C"": 0.0005, ""26°C"": 0.0045, ""27°C"": 0.01, ""28°C"": 0.02, ""29°C"": 0.26, ""30°C"": 0.485, ""31°C"": 0.2, ""32°C"": 0.06, ""33°C"": 0.009, ""34°C or higher"": 0.011}",gen_a,,,,,,,,,,,,,,,,,,,,,,,,,,,,,,,,,28.4,28.4,openmeteo_archive_proxy_fallback,28°C,False,,,,
2026-08-14 21:15:03,Shanghai,2026-08-15,30.2,28.9,30°C,0.485,"{""25°C or below"": 0.0005, ""26°C"": 0.0005, ""27°C"": 0.0035, ""28°C"": 0.045, ""29°C"": 0.26, ""30°C"": 0.485, ""31°C"": 0.21, ""32°C"": 0.035, ""33°C"": 0.0055, ""34°C"": 0.004, ""35°C or higher"": 0.001}",gen_a,,,,,,,,,,,,,,,,,,,,,,,,,,,,,,,,,30.8,30.8,openmeteo_archive_proxy_fallback,31°C,False,,,,
2026-08-14 21:15:03,Qingdao,2026-08-15,30.6,30.9,31°C,0.41,"{""33°C"": 0.0605, ""34°C"": 0.007, ""35°C or higher"": 0.004, ""32°C"": 0.235, ""25°C or below"": 0.0005, ""26°C"": 0.0005, ""27°C"": 0.0055, ""28°C"": 0.012, ""29°C"": 0.07, ""30°C"": 0.24, ""31°C"": 0.41}",gen_a,,,,,,,,,,,,,,,,,,,,,,,,,,,,,,,,,30.7,30.7,openmeteo_archive_proxy_fallback,31°C,True,,,,
2026-08-14 21:15:03,Seoul,2026-08-15,28.0,25.9,28°C,0.265,"{""34°C or higher"": 0.0005, ""24°C or below"": 0.0005, ""25°C"": 0.0005, ""26°C"": 0.0135, ""27°C"": 0.09, ""28°C"": 0.265, ""29°C"": 0.335, ""30°C"": 0.255, ""31°C"": 0.06, ""32°C"": 0.0065, ""33°C"": 0.004}",gen_a,,,,,,,,,,,,,,,,,,,,,,,,,,,,,,,,,27.3,27.3,openmeteo_archive_proxy_fallback,27°C,False,,,,
2026-08-14 21:15:03,Guangzhou,2026-08-15,32.4,35.0,32°C,0.0145,"{""29°C or below"": 0.0005, ""30°C"": 0.0055, ""31°C"": 0.0135, ""32°C"": 0.0145, ""33°C"": 0.045, ""34°C"": 0.145, ""35°C"": 0.485, ""36°C"": 0.27, ""37°C"": 0.045, ""38°C"": 0.007, ""39°C or higher"": 0.0015}",gen_a,,,,,,,,,,,,,,,,,,,,,,,,,,,,,,,,,33.4,33.4,openmeteo_archive_proxy_fallback,33°C,False,,,,
2026-08-14 21:15:03,Shenzhen,2026-08-15,29.7,33.9,30°C,0.065,"{""33°C"": 0.26, ""31°C"": 0.185, ""32°C"": 0.345, ""36°C"": 0.0105, ""37°C or higher"": 0.0015, ""27°C or below"": 0.0005, ""35°C"": 0.04, ""29°C"": 0.012, ""28°C"": 0.003, ""30°C"": 0.065, ""34°C"": 0.115}",gen_a,,,,,,,,,,,,,,,,,,,,,,,,,,,,,,,,,31.4,31.4,openmeteo_archive_proxy_fallback,31°C,False,,,,
2026-08-14 22:11:21,Hong Kong,2026-08-15,29.3,31.6,29°C,0.065,"{""27°C or below"": 0.0005, ""28°C"": 0.018, ""29°C"": 0.065, ""30°C"": 0.235, ""31°C"": 0.355, ""32°C"": 0.265, ""33°C"": 0.105, ""34°C"": 0.0115, ""35°C"": 0.0025, ""36°C"": 0.0015, ""37°C or higher"": 0.0005}",gen_a,,,,,,,,,,,,,,,,,,,,,,,,,,,,,,,,,31.8,31.8,openmeteo_archive_proxy_fallback,32°C,False,,,,
2026-08-14 22:11:21,Tokyo,2026-08-15,29.4,31.0,29°C,0.28,"{""24°C or below"": 0.0005, ""25°C"": 0.0005, ""26°C"": 0.0045, ""27°C"": 0.004, ""28°C"": 0.02, ""29°C"": 0.28, ""30°C"": 0.485, ""31°C"": 0.18, ""32°C"": 0.055, ""33°C"": 0.011, ""34°C or higher"": 0.008}",gen_a,,,,,,,,,,,,,,,,,,,,,,,,,,,,,,,,,28.4,28.4,openmeteo_archive_proxy_fallback,28°C,False,,,,
2026-08-14 22:11:21,Shanghai,2026-08-15,30.2,28.9,30°C,0.46,"{""25°C or below"": 0.0005, ""26°C"": 0.0005, ""27°C"": 0.0035, ""28°C"": 0.04, ""29°C"": 0.26, ""30°C"": 0.46, ""31°C"": 0.22, ""32°C"": 0.035, ""33°C"": 0.0055, ""34°C"": 0.004, ""35°C or higher"": 0.0005}",gen_a,,,,,,,,,,,,,,,,,,,,,,,,,,,,,,,,,30.8,30.8,openmeteo_archive_proxy_fallback,31°C,False,,,,
2026-08-14 22:11:21,Qingdao,2026-08-15,30.6,30.9,31°C,0.41,"{""33°C"": 0.0615, ""34°C"": 0.007, ""35°C or higher"": 0.004, ""32°C"": 0.245, ""25°C or below"": 0.0005, ""26°C"": 0.0005, ""27°C"": 0.0055, ""28°C"": 0.0115, ""29°C"": 0.06, ""30°C"": 0.215, ""31°C"": 0.41}",gen_a,,,,,,,,,,,,,,,,,,,,,,,,,,,,,,,,,30.7,30.7,openmeteo_archive_proxy_fallback,31°C,True,,,,
2026-08-14 22:11:21,Seoul,2026-08-15,28.0,25.9,28°C,0.295,"{""34°C or higher"": 0.0005, ""24°C or below"": 0.0005, ""25°C"": 0.0005, ""26°C"": 0.013, ""27°C"": 0.11, ""28°C"": 0.295, ""29°C"": 0.305, ""30°C"": 0.235, ""31°C"": 0.06, ""32°C"": 0.0145, ""33°C"": 0.004}",gen_a,,,,,,,,,,,,,,,,,,,,,,,,,,,,,,,,,27.3,27.3,openmeteo_archive_proxy_fallback,27°C,False,,,,
2026-08-14 22:11:21,Guangzhou,2026-08-15,32.4,35.0,32°C,0.013,"{""29°C or below"": 0.0005, ""30°C"": 0.0055, ""31°C"": 0.013, ""32°C"": 0.013, ""33°C"": 0.05, ""34°C"": 0.175, ""35°C"": 0.485, ""36°C"": 0.265, ""37°C"": 0.045, ""38°C"": 0.005, ""39°C or higher"": 0.0015}",gen_a,,,,,,,,,,,,,,,,,,,,,,,,,,,,,,,,,33.4,33.4,openmeteo_archive_proxy_fallback,33°C,False,,,,
2026-08-14 22:11:21,Shenzhen,2026-08-15,29.7,33.9,30°C,0.085,"{""33°C"": 0.22, ""31°C"": 0.19, ""32°C"": 0.36, ""36°C"": 0.0135, ""37°C or higher"": 0.0015, ""27°C or below"": 0.0005, ""35°C"": 0.04, ""29°C"": 0.04, ""28°C"": 0.013, ""30°C"": 0.085, ""34°C"": 0.135}",gen_a,,,,,,,,,,,,,,,,,,,,,,,,,,,,,,,,,31.4,31.4,openmeteo_archive_proxy_fallback,31°C,False,,,,
2026-08-14 23:11:39,Hong Kong,2026-08-15,29.3,31.6,29°C,0.13,"{""27°C or below"": 0.0005, ""28°C"": 0.053, ""29°C"": 0.13, ""30°C"": 0.265, ""31°C"": 0.375, ""32°C"": 0.11, ""33°C"": 0.055, ""34°C"": 0.0115, ""35°C"": 0.0025, ""36°C"": 0.0005, ""37°C or higher"": 0.0005}",gen_a,,,,,,,,,,,,,,,,,,,,,,,,,,,,,,,,,31.8,31.8,openmeteo_archive_proxy_fallback,32°C,False,,,,
2026-08-14 23:11:39,Tokyo,2026-08-15,29.4,31.0,29°C,0.275,"{""24°C or below"": 0.0005, ""25°C"": 0.0005, ""26°C"": 0.0005, ""27°C"": 0.004, ""28°C"": 0.035, ""29°C"": 0.275, ""30°C"": 0.355, ""31°C"": 0.325, ""32°C"": 0.035, ""33°C"": 0.011, ""34°C or higher"": 0.0065}",gen_a,,,,,,,,,,,,,,,,,,,,,,,,,,,,,,,,,28.4,28.4,openmeteo_archive_proxy_fallback,28°C,False,,,,
2026-08-14 23:11:39,Shanghai,2026-08-15,30.2,28.9,30°C,0.475,"{""25°C or below"": 0.0005, ""26°C"": 0.0005, ""27°C"": 0.0045, ""28°C"": 0.035, ""29°C"": 0.295, ""30°C"": 0.475, ""31°C"": 0.215, ""32°C"": 0.035, ""33°C"": 0.0055, ""34°C"": 0.0035, ""35°C or higher"": 0.0005}",gen_a,,,,,,,,,,,,,,,,,,,,,,,,,,,,,,,,,30.8,30.8,openmeteo_archive_proxy_fallback,31°C,False,,,,
2026-08-14 23:11:39,Qingdao,2026-08-15,30.6,30.9,31°C,0.35,"{""33°C"": 0.1055, ""34°C"": 0.014, ""35°C or higher"": 0.004, ""32°C"": 0.295, ""25°C or below"": 0.0005, ""26°C"": 0.0005, ""27°C"": 0.023, ""28°C"": 0.0115, ""29°C"": 0.11, ""30°C"": 0.15, ""31°C"": 0.35}",gen_a,,,,,,,,,,,,,,,,,,,,,,,,,,,,,,,,,30.7,30.7,openmeteo_archive_proxy_fallback,31°C,True,,,,
2026-08-14 23:11:39,Seoul,2026-08-15,28.0,25.9,28°C,0.245,"{""34°C or higher"": 0.0005, ""24°C or below"": 0.0005, ""25°C"": 0.0005, ""26°C"": 0.0555, ""27°C"": 0.275, ""28°C"": 0.245, ""29°C"": 0.19, ""30°C"": 0.105, ""31°C"": 0.04, ""32°C"": 0.0105, ""33°C"": 0.003}",gen_a,,,,,,,,,,,,,,,,,,,,,,,,,,,,,,,,,27.3,27.3,openmeteo_archive_proxy_fallback,27°C,False,,,,
2026-08-14 23:11:39,Guangzhou,2026-08-15,32.4,35.0,32°C,0.012,"{""29°C or below"": 0.0015, ""30°C"": 0.005, ""31°C"": 0.0125, ""32°C"": 0.012, ""33°C"": 0.04, ""34°C"": 0.11, ""35°C"": 0.44, ""36°C"": 0.36, ""37°C"": 0.085, ""38°C"": 0.0045, ""39°C or higher"": 0.0015}",gen_a,,,,,,,,,,,,,,,,,,,,,,,,,,,,,,,,,33.4,33.4,openmeteo_archive_proxy_fallback,33°C,False,,,,
2026-08-14 23:11:39,Shenzhen,2026-08-15,29.7,33.9,30°C,0.08,"{""33°C"": 0.245, ""31°C"": 0.195, ""32°C"": 0.325, ""36°C"": 0.007, ""37°C or higher"": 0.0015, ""27°C or below"": 0.0005, ""35°C"": 0.035, ""29°C"": 0.054, ""28°C"": 0.0105, ""30°C"": 0.08, ""34°C"": 0.1}",gen_a,,,,,,,,,,,,,,,,,,,,,,,,,,,,,,,,,31.4,31.4,openmeteo_archive_proxy_fallback,31°C,False,,,,
2026-08-15 00:34:55,Hong Kong,2026-08-16,30.9,32.3,31°C,0.16,"{""27°C or below"": 0.001, ""28°C"": 0.0025, ""29°C"": 0.0035, ""30°C"": 0.025, ""31°C"": 0.16, ""32°C"": 0.325, ""33°C"": 0.375, ""34°C"": 0.115, ""35°C"": 0.025, ""36°C"": 0.0125, ""37°C or higher"": 0.0055}",gen_a,,,,,,,,,,,,,,,,,,,,,,,,,,,,,,,,,33.6,33.6,openmeteo_archive_proxy_fallback,34°C,False,,,,
2026-08-15 00:34:55,Tokyo,2026-08-16,27.4,30.2,27°C,0.035,"{""25°C"": 0.0025, ""26°C"": 0.0065, ""24°C or below"": 0.002, ""27°C"": 0.035, ""28°C"": 0.135, ""29°C"": 0.375, ""30°C"": 0.385, ""31°C"": 0.08, ""32°C"": 0.03, ""33°C"": 0.015, ""34°C or higher"": 0.0025}",gen_a,,,,,,,,,,,,,,,,,,,,,,,,,,,,,,,,,26.4,26.4,openmeteo_archive_proxy_fallback,26°C,False,,,,
2026-08-15 00:34:55,Shanghai,2026-08-16,30.5,28.8,30°C,0.42,"{""25°C or below"": 0.0005, ""26°C"": 0.0005, ""27°C"": 0.015, ""28°C"": 0.025, ""29°C"": 0.105, ""30°C"": 0.42, ""31°C"": 0.385, ""32°C"": 0.06, ""33°C"": 0.008, ""34°C"": 0.0045, ""35°C or higher"": 0.0005}",gen_a,,,,,,,,,,,,,,,,,,,,,,,,,,,,,,,,,29.8,29.8,openmeteo_archive_proxy_fallback,30°C,True,,,,
2026-08-15 00:34:55,Qingdao,2026-08-16,32.2,31.5,32°C,0.235,"{""26°C or below"": 0.0025, ""27°C"": 0.0025, ""28°C"": 0.005, ""29°C"": 0.006, ""30°C"": 0.035, ""31°C"": 0.115, ""32°C"": 0.235, ""33°C"": 0.395, ""34°C"": 0.18, ""35°C"": 0.05, ""36°C or higher"": 0.007}",gen_a,,,,,,,,,,,,,,,,,,,,,,,,,,,,,,,,,31.7,31.7,openmeteo_archive_proxy_fallback,32°C,True,,,,
2026-08-15 00:34:55,Seoul,2026-08-16,28.7,27.8,29°C,0.305,"{""22°C or below"": 0.0005, ""23°C"": 0.001, ""24°C"": 0.0005, ""25°C"": 0.0005, ""26°C"": 0.055, ""27°C"": 0.08, ""28°C"": 0.205, ""29°C"": 0.305, ""30°C"": 0.215, ""31°C"": 0.065, ""32°C or higher"": 0.035}",gen_a,,,,,,,,,,,,,,,,,,,,,,,,,,,,,,,,,26.8,26.8,openmeteo_archive_proxy_fallback,27°C,False,,,,
2026-08-15 00:34:55,Guangzhou,2026-08-16,33.0,36.7,33°C,0.045,"{""29°C or below"": 0.0005, ""30°C"": 0.0025, ""31°C"": 0.0035, ""32°C"": 0.015, ""33°C"": 0.045, ""34°C"": 0.115, ""35°C"": 0.255, ""36°C"": 0.415, ""37°C"": 0.175, ""38°C"": 0.035, ""39°C or higher"": 0.006}",gen_a,,,,,,,,,,,,,,,,,,,,,,,,,,,,,,,,,34.7,34.7,openmeteo_archive_proxy_fallback,35°C,False,,,,
2026-08-15 00:34:55,Shenzhen,2026-08-16,30.9,34.3,31°C,0.065,"{""27°C or below"": 0.003, ""28°C"": 0.0025, ""31°C"": 0.065, ""32°C"": 0.21, ""33°C"": 0.42, ""29°C"": 0.0065, ""30°C"": 0.02, ""34°C"": 0.245, ""35°C"": 0.065, ""36°C"": 0.0265, ""37°C or higher"": 0.0085}",gen_a,,,,,,,,,,,,,,,,,,,,,,,,,,,,,,,,,33.1,33.1,openmeteo_archive_proxy_fallback,33°C,False,,,,
2026-08-15 02:07:15,Hong Kong,2026-08-16,31.1,32.3,31°C,0.165,"{""27°C or below"": 0.001, ""28°C"": 0.0035, ""29°C"": 0.0045, ""30°C"": 0.035, ""31°C"": 0.165, ""32°C"": 0.325, ""33°C"": 0.375, ""34°C"": 0.115, ""35°C"": 0.025, ""36°C"": 0.0075, ""37°C or higher"": 0.0055}",gen_a,,,,,,,,,,,,,,,,,,,,,,,,,,,,,,,,,33.6,33.6,openmeteo_archive_proxy_fallback,34°C,False,,,,
2026-08-15 02:07:15,Tokyo,2026-08-16,26.5,30.2,26°C,0.006,"{""25°C"": 0.0025, ""26°C"": 0.006, ""24°C or below"": 0.002, ""27°C"": 0.035, ""28°C"": 0.135, ""29°C"": 0.375, ""30°C"": 0.385, ""31°C"": 0.075, ""32°C"": 0.025, ""33°C"": 0.015, ""34°C or higher"": 0.0025}",gen_a,,,,,,,,,,,,,,,,,,,,,,,,,,,,,,,,,26.4,26.4,openmeteo_archive_proxy_fallback,26°C,True,,,,
2026-08-15 02:07:15,Shanghai,2026-08-16,29.4,28.8,29°C,0.1,"{""25°C or below"": 0.0005, ""26°C"": 0.0005, ""27°C"": 0.015, ""28°C"": 0.025, ""29°C"": 0.1, ""30°C"": 0.415, ""31°C"": 0.375, ""32°C"": 0.055, ""33°C"": 0.006, ""34°C"": 0.0045, ""35°C or higher"": 0.0005}",gen_a,,,,,,,,,,,,,,,,,,,,,,,,,,,,,,,,,29.8,29.8,openmeteo_archive_proxy_fallback,30°C,False,,,,
2026-08-15 02:07:15,Qingdao,2026-08-16,32.0,31.5,32°C,0.26,"{""26°C or below"": 0.002, ""27°C"": 0.0025, ""28°C"": 0.005, ""29°C"": 0.006, ""30°C"": 0.04, ""31°C"": 0.105, ""32°C"": 0.26, ""33°C"": 0.405, ""34°C"": 0.185, ""35°C"": 0.045, ""36°C or higher"": 0.008}",gen_a,,,,,,,,,,,,,,,,,,,,,,,,,,,,,,,,,31.7,31.7,openmeteo_archive_proxy_fallback,32°C,True,,,,
2026-08-15 02:07:15,Seoul,2026-08-16,28.3,27.8,28°C,0.25,"{""22°C or below"": 0.0005, ""23°C"": 0.001, ""24°C"": 0.002, ""25°C"": 0.0085, ""26°C"": 0.045, ""27°C"": 0.145, ""28°C"": 0.25, ""29°C"": 0.31, ""30°C"": 0.19, ""31°C"": 0.075, ""32°C or higher"": 0.035}",gen_a,,,,,,,,,,,,,,,,,,,,,,,,,,,,,,,,,26.8,26.8,openmeteo_archive_proxy_fallback,27°C,False,,,,
2026-08-15 02:07:15,Guangzhou,2026-08-16,33.0,36.7,33°C,0.025,"{""29°C or below"": 0.0005, ""30°C"": 0.0005, ""31°C"": 0.0025, ""32°C"": 0.012, ""33°C"": 0.025, ""34°C"": 0.09, ""35°C"": 0.225, ""36°C"": 0.44, ""37°C"": 0.165, ""38°C"": 0.035, ""39°C or higher"": 0.007}",gen_a,,,,,,,,,,,,,,,,,,,,,,,,,,,,,,,,,34.7,34.7,openmeteo_archive_proxy_fallback,35°C,False,,,,
2026-08-15 02:07:15,Shenzhen,2026-08-16,31.1,34.3,31°C,0.075,"{""27°C or below"": 0.003, ""28°C"": 0.0035, ""31°C"": 0.075, ""32°C"": 0.175, ""33°C"": 0.42, ""29°C"": 0.0095, ""30°C"": 0.02, ""34°C"": 0.245, ""35°C"": 0.055, ""36°C"": 0.031, ""37°C or higher"": 0.0085}",gen_a,,,,,,,,,,,,,,,,,,,,,,,,,,,,,,,,,33.1,33.1,openmeteo_archive_proxy_fallback,33°C,False,,,,
2026-08-15 03:32:29,Hong Kong,2026-08-16,31.1,32.3,31°C,0.135,"{""27°C or below"": 0.001, ""28°C"": 0.0035, ""29°C"": 0.0045, ""30°C"": 0.035, ""31°C"": 0.135, ""32°C"": 0.325, ""33°C"": 0.365, ""34°C"": 0.115, ""35°C"": 0.025, ""36°C"": 0.007, ""37°C or higher"": 0.0045}",gen_a,,,,,,,,,,,,,,,,,,,,,,,,,,,,,,,,,33.6,33.6,openmeteo_archive_proxy_fallback,34°C,False,,,,
2026-08-15 03:32:29,Tokyo,2026-08-16,26.5,30.2,26°C,0.006,"{""25°C"": 0.0025, ""26°C"": 0.006, ""24°C or below"": 0.001, ""27°C"": 0.035, ""28°C"": 0.155, ""29°C"": 0.365, ""30°C"": 0.385, ""31°C"": 0.07, ""32°C"": 0.025, ""33°C"": 0.015, ""34°C or higher"": 0.0025}",gen_a,,,,,,,,,,,,,,,,,,,,,,,,,,,,,,,,,26.4,26.4,openmeteo_archive_proxy_fallback,26°C,True,,,,
2026-08-15 03:32:29,Shanghai,2026-08-16,29.4,28.8,29°C,0.095,"{""25°C or below"": 0.0005, ""26°C"": 0.0005, ""27°C"": 0.015, ""28°C"": 0.015, ""29°C"": 0.095, ""30°C"": 0.415, ""31°C"": 0.385, ""32°C"": 0.085, ""33°C"": 0.013, ""34°C"": 0.004, ""35°C or higher"": 0.0005}",gen_a,,,,,,,,,,,,,,,,,,,,,,,,,,,,,,,,,29.8,29.8,openmeteo_archive_proxy_fallback,30°C,False,,,,
2026-08-15 03:32:29,Qingdao,2026-08-16,32.0,31.5,32°C,0.265,"{""26°C or below"": 0.002, ""27°C"": 0.0025, ""28°C"": 0.005, ""29°C"": 0.009, ""30°C"": 0.04, ""31°C"": 0.105, ""32°C"": 0.265, ""33°C"": 0.405, ""34°C"": 0.175, ""35°C"": 0.04, ""36°C or higher"": 0.007}",gen_a,,,,,,,,,,,,,,,,,,,,,,,,,,,,,,,,,31.7,31.7,openmeteo_archive_proxy_fallback,32°C,True,,,,
2026-08-15 03:32:29,Seoul,2026-08-16,28.3,27.8,28°C,0.25,"{""22°C or below"": 0.0005, ""23°C"": 0.001, ""24°C"": 0.0035, ""25°C"": 0.009, ""26°C"": 0.055, ""27°C"": 0.14, ""28°C"": 0.25, ""29°C"": 0.305, ""30°C"": 0.19, ""31°C"": 0.075, ""32°C or higher"": 0.035}",gen_a,,,,,,,,,,,,,,,,,,,,,,,,,,,,,,,,,26.8,26.8,openmeteo_archive_proxy_fallback,27°C,False,,,,
2026-08-15 03:32:29,Guangzhou,2026-08-16,33.0,36.7,33°C,0.025,"{""29°C or below"": 0.0005, ""30°C"": 0.0005, ""31°C"": 0.0025, ""32°C"": 0.012, ""33°C"": 0.025, ""34°C"": 0.085, ""35°C"": 0.23, ""36°C"": 0.45, ""37°C"": 0.165, ""38°C"": 0.035, ""39°C or higher"": 0.006}",gen_a,,,,,,,,,,,,,,,,,,,,,,,,,,,,,,,,,34.7,34.7,openmeteo_archive_proxy_fallback,35°C,False,,,,
2026-08-15 03:32:29,Shenzhen,2026-08-16,31.1,34.3,31°C,0.075,"{""27°C or below"": 0.003, ""28°C"": 0.0035, ""31°C"": 0.075, ""32°C"": 0.175, ""33°C"": 0.42, ""29°C"": 0.0065, ""30°C"": 0.02, ""34°C"": 0.245, ""35°C"": 0.065, ""36°C"": 0.0275, ""37°C or higher"": 0.0085}",gen_a,,,,,,,,,,,,,,,,,,,,,,,,,,,,,,,,,33.1,33.1,openmeteo_archive_proxy_fallback,33°C,False,,,,
2026-08-14 13:12:29,Tokyo,2026-08-15,29.8,31.0,30°C,0.345,"{""24°C or below"": 0.002, ""25°C"": 0.0005, ""26°C"": 0.0055, ""27°C"": 0.015, ""28°C"": 0.045, ""29°C"": 0.265, ""30°C"": 0.345, ""31°C"": 0.25, ""32°C"": 0.085, ""33°C"": 0.024, ""34°C or higher"": 0.008}",gen_b,26°C: 0.5% | 27°C: 1.5% | 28°C: 4.5% | 29°C: 26.5% | 30°C: 34.5% | 31°C: 25.0% | 32°C: 8.5% | 33°C: 2.4% | 34°C or higher: 0.8%,,,,,,,,,,,,,,,,,,,,,,,,,,,,,,,,28.4,28.4,openmeteo_archive_proxy_fallback,28°C,False,,,,
2026-08-14 13:12:29,Shanghai,2026-08-15,30.7,29.5,31°C,0.175,"{""25°C or below"": 0.0005, ""26°C"": 0.0035, ""27°C"": 0.0065, ""28°C"": 0.045, ""29°C"": 0.295, ""30°C"": 0.435, ""31°C"": 0.175, ""32°C"": 0.04, ""33°C"": 0.009, ""34°C"": 0.0035, ""35°C or higher"": 0.0015}",gen_b,27°C: 0.7% | 28°C: 4.5% | 29°C: 29.5% | 30°C: 43.5% | 31°C: 17.5% | 32°C: 4.0% | 33°C: 0.9%,,,,,,,,,,,,,,,,,,,,,,,,,,,,,,,,30.8,30.8,openmeteo_archive_proxy_fallback,31°C,True,,,,
2026-08-14 13:12:29,Qingdao,2026-08-15,30.1,30.9,30°C,0.265,"{""33°C"": 0.0545, ""34°C"": 0.0065, ""35°C or higher"": 0.005, ""32°C"": 0.205, ""25°C or below"": 0.003, ""26°C"": 0.002, ""27°C"": 0.0065, ""28°C"": 0.01, ""29°C"": 0.065, ""30°C"": 0.265, ""31°C"": 0.425}",gen_b,33°C: 5.5% | 34°C: 0.7% | 35°C or higher: 0.5% | 32°C: 20.5% | 27°C: 0.7% | 28°C: 1.0% | 29°C: 6.5% | 30°C: 26.5% | 31°C: 42.5%,,,,,,,,,,,,,,,,,,,,,,,,,,,,,,,,30.7,30.7,openmeteo_archive_proxy_fallback,31°C,False,,,,
2026-08-14 13:12:29,Seoul,2026-08-15,28.4,23.9,28°C,0.25,"{""34°C or higher"": 0.0015, ""24°C or below"": 0.0005, ""25°C"": 0.002, ""26°C"": 0.008, ""27°C"": 0.09, ""28°C"": 0.25, ""29°C"": 0.33, ""30°C"": 0.26, ""31°C"": 0.07, ""32°C"": 0.015, ""33°C"": 0.006}",gen_b,26°C: 0.8% | 27°C: 9.0% | 28°C: 25.0% | 29°C: 33.0% | 30°C: 26.0% | 31°C: 7.0% | 32°C: 1.5% | 33°C: 0.6%,,,,,,,,,,,,,,,,,,,,,,,,,,,,,,,,27.3,27.3,openmeteo_archive_proxy_fallback,27°C,False,,,,
2026-08-14 13:12:29,Guangzhou,2026-08-15,32.5,34.4,32°C,0.0135,"{""29°C or below"": 0.0025, ""30°C"": 0.0025, ""31°C"": 0.004, ""32°C"": 0.0135, ""33°C"": 0.07, ""34°C"": 0.225, ""35°C"": 0.45, ""36°C"": 0.225, ""37°C"": 0.035, ""38°C"": 0.002, ""39°C or higher"": 0.0015}",gen_b,32°C: 1.4% | 33°C: 7.0% | 34°C: 22.5% | 35°C: 45.0% | 36°C: 22.5% | 37°C: 3.5%,,,,,,,,,,,,,,,,,,,,,,,,,,,,,,,,33.4,33.4,openmeteo_archive_proxy_fallback,33°C,False,,,,
2026-08-14 13:12:29,Shenzhen,2026-08-15,31.1,33.7,31°C,0.155,"{""33°C"": 0.285, ""31°C"": 0.155, ""32°C"": 0.335, ""36°C"": 0.0055, ""37°C or higher"": 0.0025, ""27°C or below"": 0.002, ""35°C"": 0.02, ""29°C"": 0.0125, ""28°C"": 0.0055, ""30°C"": 0.035, ""34°C"": 0.115}",gen_b,33°C: 28.5% | 31°C: 15.5% | 32°C: 33.5% | 36°C: 0.5% | 35°C: 2.0% | 29°C: 1.2% | 28°C: 0.5% | 30°C: 3.5% | 34°C: 11.5%,,,,,,,,,,,,,,,,,,,,,,,,,,,,,,,,31.4,31.4,openmeteo_archive_proxy_fallback,31°C,True,,,,
2026-08-15 03:34:01,Hong Kong,2026-08-16,31.1,32.3,31°C,0.135,"{""27°C or below"": 0.001, ""28°C"": 0.0035, ""29°C"": 0.0045, ""30°C"": 0.035, ""31°C"": 0.135, ""32°C"": 0.325, ""33°C"": 0.365, ""34°C"": 0.115, ""35°C"": 0.025, ""36°C"": 0.007, ""37°C or higher"": 0.0045}",gen_c,,20.43,-1.2,,,,,,,,,,,,,,,,,,,,,,,,,,,,,,33.6,33.6,openmeteo_archive_proxy_fallback,34°C,False,,,,
2026-08-15 03:34:01,Tokyo,2026-08-16,26.5,30.2,26°C,0.006,"{""25°C"": 0.002, ""26°C"": 0.006, ""24°C or below"": 0.001, ""27°C"": 0.035, ""28°C"": 0.155, ""29°C"": 0.365, ""30°C"": 0.385, ""31°C"": 0.075, ""32°C"": 0.025, ""33°C"": 0.015, ""34°C or higher"": 0.0025}",gen_c,,20.43,-3.7,,,,,,,,,,,,,,,,,,,,,,,,,,,,,,26.4,26.4,openmeteo_archive_proxy_fallback,26°C,True,,,,
2026-08-15 03:34:01,Shanghai,2026-08-16,29.4,28.8,29°C,0.095,"{""25°C or below"": 0.0005, ""26°C"": 0.0005, ""27°C"": 0.015, ""28°C"": 0.015, ""29°C"": 0.095, ""30°C"": 0.415, ""31°C"": 0.385, ""32°C"": 0.085, ""33°C"": 0.013, ""34°C"": 0.004, ""35°C or higher"": 0.0005}",gen_c,,20.43,0.6,,,,,,,,,,,,,,,,,,,,,,,,,,,,,,29.8,29.8,openmeteo_archive_proxy_fallback,30°C,False,,,,
2026-08-15 03:34:01,Qingdao,2026-08-16,32.0,31.5,32°C,0.275,"{""26°C or below"": 0.002, ""27°C"": 0.0025, ""28°C"": 0.005, ""29°C"": 0.009, ""30°C"": 0.04, ""31°C"": 0.105, ""32°C"": 0.275, ""33°C"": 0.405, ""34°C"": 0.18, ""35°C"": 0.045, ""36°C or higher"": 0.008}",gen_c,,20.43,0.5,,,,,,,,,,,,,,,,,,,,,,,,,,,,,,31.7,31.7,openmeteo_archive_proxy_fallback,32°C,True,,,,
2026-08-15 03:34:01,Seoul,2026-08-16,28.3,27.8,28°C,0.25,"{""22°C or below"": 0.0005, ""23°C"": 0.001, ""24°C"": 0.0035, ""25°C"": 0.009, ""26°C"": 0.055, ""27°C"": 0.14, ""28°C"": 0.25, ""29°C"": 0.305, ""30°C"": 0.19, ""31°C"": 0.075, ""32°C or higher"": 0.035}",gen_c,,20.43,0.5,,,,,,,,,,,,,,,,,,,,,,,,,,,,,,26.8,26.8,openmeteo_archive_proxy_fallback,27°C,False,,,,
2026-08-15 03:34:01,Guangzhou,2026-08-16,33.0,36.7,33°C,0.025,"{""29°C or below"": 0.0005, ""30°C"": 0.0005, ""31°C"": 0.0025, ""32°C"": 0.012, ""33°C"": 0.025, ""34°C"": 0.085, ""35°C"": 0.23, ""36°C"": 0.45, ""37°C"": 0.165, ""38°C"": 0.035, ""39°C or higher"": 0.006}",gen_c,,20.43,-3.7,,,,,,,,,,,,,,,,,,,,,,,,,,,,,,34.7,34.7,openmeteo_archive_proxy_fallback,35°C,False,,,,
2026-08-15 03:34:01,Shenzhen,2026-08-16,31.1,34.3,31°C,0.075,"{""27°C or below"": 0.003, ""28°C"": 0.0035, ""31°C"": 0.075, ""32°C"": 0.175, ""33°C"": 0.42, ""29°C"": 0.0065, ""30°C"": 0.02, ""34°C"": 0.245, ""35°C"": 0.065, ""36°C"": 0.0275, ""37°C or higher"": 0.0085}",gen_c,,20.43,-3.2,,,,,,,,,,,,,,,,,,,,,,,,,,,,,,33.1,33.1,openmeteo_archive_proxy_fallback,33°C,False,,,,
2026-08-15 04:06:58,Hong Kong,2026-08-16,31.1,32.3,31°C,0.145,"{""27°C or below"": 0.001, ""28°C"": 0.0035, ""29°C"": 0.0045, ""30°C"": 0.035, ""31°C"": 0.145, ""32°C"": 0.325, ""33°C"": 0.365, ""34°C"": 0.115, ""35°C"": 0.025, ""36°C"": 0.007, ""37°C or higher"": 0.0045}",gen_d,,19.88,-1.2,9076013b,1.2,,,32.46,1.36,0.16,0.145,0.325,,,,OK,,,,,,,,,,,,,,,,,33.6,33.6,openmeteo_archive_proxy_fallback,34°C,False,,,,
2026-08-15 04:06:58,Tokyo,2026-08-16,26.5,30.2,26°C,0.0055,"{""25°C"": 0.0015, ""26°C"": 0.0055, ""24°C or below"": 0.0005, ""27°C"": 0.035, ""28°C"": 0.155, ""29°C"": 0.355, ""30°C"": 0.375, ""31°C"": 0.055, ""32°C"": 0.025, ""33°C"": 0.015, ""34°C or higher"": 0.0025}",gen_d,,19.88,-3.7,9076013b,3.7,,,29.37,2.87,-0.83,0.0055,0.375,,,,OK,,,,,,,,,,,,,,,,,26.4,26.4,openmeteo_archive_proxy_fallback,26°C,True,,,,
2026-08-15 04:06:58,Shanghai,2026-08-16,29.4,28.8,29°C,0.085,"{""25°C or below"": 0.0005, ""26°C"": 0.0005, ""27°C"": 0.015, ""28°C"": 0.015, ""29°C"": 0.085, ""30°C"": 0.435, ""31°C"": 0.38, ""32°C"": 0.09, ""33°C"": 0.0155, ""34°C"": 0.0035, ""35°C or higher"": 0.0005}",gen_d,,19.88,0.6,9076013b,0.6,,,30.44,1.04,1.64,0.085,0.085,,,,OK,,,,,,,,,,,,,,,,,29.8,29.8,openmeteo_archive_proxy_fallback,30°C,False,,,,
2026-08-15 04:06:58,Qingdao,2026-08-16,32.0,31.5,32°C,0.265,"{""26°C or below"": 0.002, ""27°C"": 0.0025, ""28°C"": 0.005, ""29°C"": 0.008, ""30°C"": 0.035, ""31°C"": 0.1, ""32°C"": 0.265, ""33°C"": 0.405, ""34°C"": 0.185, ""35°C"": 0.045, ""36°C or higher"": 0.008}",gen_d,,19.88,0.5,9076013b,0.5,,,32.67,0.67,1.17,0.265,0.265,,,,OK,,,,,,,,,,,,,,,,,31.7,31.7,openmeteo_archive_proxy_fallback,32°C,True,,,,
2026-08-15 04:06:58,Seoul,2026-08-16,28.3,27.8,28°C,0.235,"{""22°C or below"": 0.0005, ""23°C"": 0.0005, ""24°C"": 0.0005, ""25°C"": 0.0195, ""26°C"": 0.075, ""27°C"": 0.16, ""28°C"": 0.235, ""29°C"": 0.295, ""30°C"": 0.185, ""31°C"": 0.065, ""32°C or higher"": 0.025}",gen_d,,19.88,0.5,9076013b,0.5,,,28.56,0.26,0.76,0.235,0.235,,,,OK,,,,,,,,,,,,,,,,,26.8,26.8,openmeteo_archive_proxy_fallback,27°C,False,,,,
2026-08-15 04:06:58,Guangzhou,2026-08-16,33.0,36.7,33°C,0.025,"{""29°C or below"": 0.0005, ""30°C"": 0.0005, ""31°C"": 0.0025, ""32°C"": 0.0135, ""33°C"": 0.025, ""34°C"": 0.09, ""35°C"": 0.23, ""36°C"": 0.45, ""37°C"": 0.165, ""38°C"": 0.035, ""39°C or higher"": 0.006}",gen_d,,19.88,-3.7,9076013b,3.7,,,35.7,2.7,-1.0,0.025,0.165,,,,OK,,,,,,,,,,,,,,,,,34.7,34.7,openmeteo_archive_proxy_fallback,35°C,False,,,,
2026-08-15 04:06:58,Shenzhen,2026-08-16,31.1,34.3,31°C,0.075,"{""27°C or below"": 0.003, ""28°C"": 0.0035, ""31°C"": 0.075, ""32°C"": 0.175, ""33°C"": 0.425, ""29°C"": 0.0065, ""30°C"": 0.015, ""34°C"": 0.245, ""35°C"": 0.065, ""36°C"": 0.032, ""37°C or higher"": 0.0085}",gen_d,,19.88,-3.2,9076013b,3.2,,,33.07,1.97,-1.23,0.075,0.245,,,,OK,,,,,,,,,,,,,,,,,33.1,33.1,openmeteo_archive_proxy_fallback,33°C,False,,,,
2026-08-15 04:06:58,New York,2026-08-16,26.3,27.0,,,{},gen_d,,19.88,-0.7,9076013b,0.7,,,,,,,,,,,MISSING_POLYMARKET_PRICES,,,,,,,,,,,,,,,,28.0,26.9,28.0,noaa_nws,,,,,,
2026-08-15 04:06:58,Chicago,2026-08-16,27.8,28.7,,,{},gen_d,,19.88,-0.9,9076013b,0.9,,,,,,,,,,,MISSING_POLYMARKET_PRICES,,,,,,,,,,,,,,,,30.0,29.6,30.0,noaa_nws,,,,,,
2026-08-15 04:06:58,Miami,2026-08-16,32.9,32.2,,,{},gen_d,,19.88,0.7,9076013b,0.7,,,,,,,,,,,MISSING_POLYMARKET_PRICES,,,,,,,,,,,,,,,,34.0,33.5,34.0,noaa_nws,,,,,,
2026-08-15 04:06:58,London,,,,,,{},gen_d,,,,9076013b,,,,,,,,,,,,WEATHER_FETCH_FAILED|MISSING_POLYMARKET_PRICES,,,,,,,,,,,,,,,,,,,,,,,,,
2026-08-15 04:06:58,Paris,,,,,,{},gen_d,,,,9076013b,,,,,,,,,,,,WEATHER_FETCH_FAILED|MISSING_POLYMARKET_PRICES,,,,,,,,,,,,,,,,,,,,,,,,,
2026-08-15 04:06:58,Ankara,,,,,,{},gen_d,,,,9076013b,,,,,,,,,,,,WEATHER_FETCH_FAILED|MISSING_POLYMARKET_PRICES,,,,,,,,,,,,,,,,,,,,,,,,,
2026-08-15 04:06:58,Buenos Aires,,,,,,{},gen_d,,,,9076013b,,,,,,,,,,,,WEATHER_FETCH_FAILED|MISSING_POLYMARKET_PRICES,,,,,,,,,,,,,,,,,,,,,,,,,
2026-08-15 04:16:39,Hong Kong,2026-08-16,31.1,32.3,31°C,0.145,"{""27°C or below"": 0.001, ""28°C"": 0.0035, ""29°C"": 0.0045, ""30°C"": 0.035, ""31°C"": 0.145, ""32°C"": 0.325, ""33°C"": 0.365, ""34°C"": 0.115, ""35°C"": 0.025, ""36°C"": 0.007, ""37°C or higher"": 0.0045}",gen_d,,19.72,-1.2,62108e33,1.2,,,32.46,1.36,0.16,0.145,0.325,,,,OK,,,,,,,,,,,,,,,,,33.6,33.6,openmeteo_archive_proxy_fallback,34°C,False,,,,
2026-08-15 04:16:39,Tokyo,2026-08-16,26.5,30.2,26°C,0.0055,"{""25°C"": 0.0015, ""26°C"": 0.0055, ""24°C or below"": 0.0005, ""27°C"": 0.045, ""28°C"": 0.155, ""29°C"": 0.355, ""30°C"": 0.375, ""31°C"": 0.055, ""32°C"": 0.025, ""33°C"": 0.015, ""34°C or higher"": 0.0025}",gen_d,,19.72,-3.7,62108e33,3.7,,,29.35,2.85,-0.85,0.0055,0.375,,,,OK,,,,,,,,,,,,,,,,,26.4,26.4,openmeteo_archive_proxy_fallback,26°C,True,,,,
2026-08-15 04:16:39,Shanghai,2026-08-16,29.4,28.8,29°C,0.085,"{""25°C or below"": 0.0005, ""26°C"": 0.0005, ""27°C"": 0.015, ""28°C"": 0.015, ""29°C"": 0.085, ""30°C"": 0.435, ""31°C"": 0.395, ""32°C"": 0.085, ""33°C"": 0.0155, ""34°C"": 0.0025, ""35°C or higher"": 0.0005}",gen_d,,19.72,0.6,62108e33,0.6,,,30.44,1.04,1.64,0.085,0.085,,,,OK,,,,,,,,,,,,,,,,,29.8,29.8,openmeteo_archive_proxy_fallback,30°C,False,,,,
2026-08-15 04:16:39,Qingdao,2026-08-16,32.0,31.5,32°C,0.27,"{""26°C or below"": 0.002, ""27°C"": 0.0025, ""28°C"": 0.005, ""29°C"": 0.0065, ""30°C"": 0.03, ""31°C"": 0.1, ""32°C"": 0.27, ""33°C"": 0.405, ""34°C"": 0.19, ""35°C"": 0.045, ""36°C or higher"": 0.0085}",gen_d,,19.72,0.5,62108e33,0.5,,,32.69,0.69,1.19,0.27,0.27,,,,OK,,,,,,,,,,,,,,,,,31.7,31.7,openmeteo_archive_proxy_fallback,32°C,True,,,,
2026-08-15 04:16:39,Seoul,2026-08-16,28.3,27.8,28°C,0.235,"{""22°C or below"": 0.0005, ""23°C"": 0.0005, ""24°C"": 0.0005, ""25°C"": 0.0145, ""26°C"": 0.065, ""27°C"": 0.155, ""28°C"": 0.235, ""29°C"": 0.295, ""30°C"": 0.185, ""31°C"": 0.065, ""32°C or higher"": 0.025}",gen_d,,19.72,0.5,62108e33,0.5,,,28.61,0.31,0.81,0.235,0.235,,,,OK,,,,,,,,,,,,,,,,,26.8,26.8,openmeteo_archive_proxy_fallback,27°C,False,,,,
2026-08-15 04:16:39,Guangzhou,2026-08-16,33.0,36.7,33°C,0.025,"{""29°C or below"": 0.0005, ""30°C"": 0.0005, ""31°C"": 0.0025, ""32°C"": 0.013, ""33°C"": 0.025, ""34°C"": 0.09, ""35°C"": 0.23, ""36°C"": 0.45, ""37°C"": 0.165, ""38°C"": 0.035, ""39°C or higher"": 0.006}",gen_d,,19.72,-3.7,62108e33,3.7,,,35.7,2.7,-1.0,0.025,0.165,,,,OK,,,,,,,,,,,,,,,,,34.7,34.7,openmeteo_archive_proxy_fallback,35°C,False,,,,
2026-08-15 04:16:39,Shenzhen,2026-08-16,31.1,34.3,31°C,0.075,"{""27°C or below"": 0.003, ""28°C"": 0.0035, ""31°C"": 0.075, ""32°C"": 0.175, ""33°C"": 0.43, ""29°C"": 0.0065, ""30°C"": 0.015, ""34°C"": 0.245, ""35°C"": 0.065, ""36°C"": 0.031, ""37°C or higher"": 0.0085}",gen_d,,19.72,-3.2,62108e33,3.2,,,33.07,1.97,-1.23,0.075,0.245,,,,OK,,,,,,,,,,,,,,,,,33.1,33.1,openmeteo_archive_proxy_fallback,33°C,False,,,,
2026-08-15 04:16:39,New York,2026-08-16,26.3,27.0,,,{},gen_d,,19.72,-0.7,62108e33,0.7,,,,,,,,,,,MISSING_POLYMARKET_PRICES,,,,,,,,,,,,,,,,28.0,26.9,28.0,noaa_nws,,,,,,
2026-08-15 04:16:39,Chicago,2026-08-16,27.8,28.7,,,{},gen_d,,19.72,-0.9,62108e33,0.9,,,,,,,,,,,MISSING_POLYMARKET_PRICES,,,,,,,,,,,,,,,,30.0,29.6,30.0,noaa_nws,,,,,,
2026-08-15 04:16:39,Miami,2026-08-16,32.9,32.2,,,{},gen_d,,19.72,0.7,62108e33,0.7,,,,,,,,,,,MISSING_POLYMARKET_PRICES,,,,,,,,,,,,,,,,34.0,33.5,34.0,noaa_nws,,,,,,
2026-08-15 04:16:39,London,2026-08-16,27.1,27.2,27°C,0.295,"{""23°C or below"": 0.025, ""24°C"": 0.025, ""25°C"": 0.175, ""26°C"": 0.415, ""27°C"": 0.295, ""28°C"": 0.055, ""29°C"": 0.025, ""30°C"": 0.0045, ""31°C"": 0.0005, ""32°C"": 0.0005, ""33°C or higher"": 0.0005}",gen_d,,19.72,-0.1,62108e33,0.1,,,26.19,-0.91,-1.01,0.295,0.295,,,,OK,,,,,,,,,,,,,,,,,25.2,25.2,openmeteo_archive_proxy_fallback,25°C,False,,,,
2026-08-15 04:16:39,Paris,2026-08-16,31.1,30.9,31°C,0.285,"{""30°C"": 0.475, ""31°C"": 0.285, ""32°C"": 0.058, ""33°C"": 0.008, ""34°C"": 0.0005, ""35°C or higher"": 0.001, ""29°C"": 0.165, ""25°C or below"": 0.0015, ""26°C"": 0.0005, ""27°C"": 0.015, ""28°C"": 0.035}",gen_d,,19.72,0.2,62108e33,0.2,,,30.14,-0.96,-0.76,0.285,0.285,,,,OK,,,,,,,,,,,,,,,,,30.0,30.0,openmeteo_archive_proxy_fallback,30°C,False,,,,
2026-08-15 04:16:39,Ankara,2026-08-16,28.0,29.0,28°C,0.235,"{""30°C"": 0.007, ""31°C"": 0.005, ""32°C or higher"": 0.002, ""27°C"": 0.54, ""28°C"": 0.235, ""29°C"": 0.035, ""22°C or below"": 0.002, ""23°C"": 0.0025, ""24°C"": 0.003, ""25°C"": 0.0185, ""26°C"": 0.175}",gen_d,,19.72,-1.0,62108e33,1.0,,,27.11,-0.89,-1.89,0.235,0.035,,,,OK,,,,,,,,,,,,,,,,,28.6,28.6,openmeteo_archive_proxy_fallback,29°C,False,,,,
2026-08-15 04:16:39,Buenos Aires,2026-08-16,16.8,16.6,,,{},gen_d,,19.72,0.2,62108e33,0.2,,,,,,,,,,,MISSING_POLYMARKET_PRICES,,,,,,,,,,,,,,,,,17.7,17.7,openmeteo_archive_proxy_fallback,,,,,,
2026-08-15 05:15:11,Hong Kong,2026-08-16,31.1,32.3,31°C,0.105,"{""27°C or below"": 0.0015, ""28°C"": 0.0035, ""29°C"": 0.0045, ""30°C"": 0.035, ""31°C"": 0.105, ""32°C"": 0.355, ""33°C"": 0.365, ""34°C"": 0.115, ""35°C"": 0.025, ""36°C"": 0.006, ""37°C or higher"": 0.0045}",gen_d,,18.75,-1.2,ae563b76,1.2,,,32.5,1.4,0.2,0.105,0.355,,,,OK,,,,,,,,,,,,,,,,,33.6,33.6,openmeteo_archive_proxy_fallback,34°C,False,,,,
2026-08-15 05:15:11,Tokyo,2026-08-16,26.5,30.2,26°C,0.0055,"{""25°C"": 0.0015, ""26°C"": 0.0055, ""24°C or below"": 0.0005, ""27°C"": 0.045, ""28°C"": 0.155, ""29°C"": 0.355, ""30°C"": 0.365, ""31°C"": 0.055, ""32°C"": 0.015, ""33°C"": 0.015, ""34°C or higher"": 0.0025}",gen_d,,18.75,-3.7,ae563b76,3.7,,,29.32,2.82,-0.88,0.0055,0.365,,,,OK,,,,,,,,,,,,,,,,,26.4,26.4,openmeteo_archive_proxy_fallback,26°C,True,,,,
2026-08-15 05:15:11,Shanghai,2026-08-16,29.4,28.8,29°C,0.085,"{""25°C or below"": 0.0005, ""26°C"": 0.0005, ""27°C"": 0.015, ""28°C"": 0.015, ""29°C"": 0.085, ""30°C"": 0.435, ""31°C"": 0.395, ""32°C"": 0.085, ""33°C"": 0.0105, ""34°C"": 0.0025, ""35°C or higher"": 0.0005}",gen_d,,18.75,0.6,ae563b76,0.6,,,30.43,1.03,1.63,0.085,0.085,,,,OK,,,,,,,,,,,,,,,,,29.8,29.8,openmeteo_archive_proxy_fallback,30°C,False,,,,
2026-08-15 05:15:11,Qingdao,2026-08-16,32.0,31.5,32°C,0.265,"{""26°C or below"": 0.002, ""27°C"": 0.0025, ""28°C"": 0.0055, ""29°C"": 0.0055, ""30°C"": 0.03, ""31°C"": 0.095, ""32°C"": 0.265, ""33°C"": 0.395, ""34°C"": 0.215, ""35°C"": 0.04, ""36°C or higher"": 0.007}",gen_d,,18.75,0.5,ae563b76,0.5,,,32.71,0.71,1.21,0.265,0.265,,,,OK,,,,,,,,,,,,,,,,,31.7,31.7,openmeteo_archive_proxy_fallback,32°C,True,,,,
2026-08-15 05:15:11,Seoul,2026-08-16,28.3,27.8,28°C,0.245,"{""22°C or below"": 0.0005, ""23°C"": 0.0005, ""24°C"": 0.0005, ""25°C"": 0.0155, ""26°C"": 0.085, ""27°C"": 0.175, ""28°C"": 0.245, ""29°C"": 0.275, ""30°C"": 0.165, ""31°C"": 0.055, ""32°C or higher"": 0.025}",gen_d,,18.75,0.5,ae563b76,0.5,,,28.46,0.16,0.66,0.245,0.245,,,,OK,,,,,,,,,,,,,,,,,26.8,26.8,openmeteo_archive_proxy_fallback,27°C,False,,,,
2026-08-15 05:15:11,Guangzhou,2026-08-16,33.0,36.7,33°C,0.025,"{""29°C or below"": 0.0005, ""30°C"": 0.0005, ""31°C"": 0.0025, ""32°C"": 0.015, ""33°C"": 0.025, ""34°C"": 0.09, ""35°C"": 0.22, ""36°C"": 0.455, ""37°C"": 0.155, ""38°C"": 0.035, ""39°C or higher"": 0.006}",gen_d,,18.75,-3.7,ae563b76,3.7,,,35.69,2.69,-1.01,0.025,0.155,,,,OK,,,,,,,,,,,,,,,,,34.7,34.7,openmeteo_archive_proxy_fallback,35°C,False,,,,
2026-08-15 05:15:11,Shenzhen,2026-08-16,31.1,34.3,31°C,0.075,"{""27°C or below"": 0.003, ""28°C"": 0.0035, ""31°C"": 0.075, ""32°C"": 0.175, ""33°C"": 0.425, ""29°C"": 0.0065, ""30°C"": 0.015, ""34°C"": 0.245, ""35°C"": 0.065, ""36°C"": 0.0285, ""37°C or higher"": 0.0085}",gen_d,,18.75,-3.2,ae563b76,3.2,,,33.06,1.96,-1.24,0.075,0.245,,,,OK,,,,,,,,,,,,,,,,,33.1,33.1,openmeteo_archive_proxy_fallback,33°C,False,,,,
2026-08-15 05:15:11,New York,2026-08-16,26.3,27.0,,,{},gen_d,,18.75,-0.7,ae563b76,0.7,,,,,,,,,,,MISSING_POLYMARKET_PRICES,,,,,,,,,,,,,,,,28.0,26.9,28.0,noaa_nws,,,,,,
2026-08-15 05:15:11,Chicago,2026-08-16,27.8,28.7,,,{},gen_d,,18.75,-0.9,ae563b76,0.9,,,,,,,,,,,MISSING_POLYMARKET_PRICES,,,,,,,,,,,,,,,,30.0,29.6,30.0,noaa_nws,,,,,,
2026-08-15 05:15:11,Miami,2026-08-16,32.9,32.2,,,{},gen_d,,18.75,0.7,ae563b76,0.7,,,,,,,,,,,MISSING_POLYMARKET_PRICES,,,,,,,,,,,,,,,,34.0,33.5,34.0,noaa_nws,,,,,,
2026-08-15 05:15:11,London,2026-08-16,27.1,27.2,27°C,0.295,"{""23°C or below"": 0.025, ""24°C"": 0.025, ""25°C"": 0.18, ""26°C"": 0.415, ""27°C"": 0.295, ""28°C"": 0.055, ""29°C"": 0.0255, ""30°C"": 0.0045, ""31°C"": 0.0005, ""32°C"": 0.0005, ""33°C or higher"": 0.0005}",gen_d,,18.75,-0.1,ae563b76,0.1,,,26.19,-0.91,-1.01,0.295,0.295,,,,OK,,,,,,,,,,,,,,,,,25.2,25.2,openmeteo_archive_proxy_fallback,25°C,False,,,,
2026-08-15 05:15:11,Paris,2026-08-16,31.1,30.9,31°C,0.305,"{""30°C"": 0.42, ""31°C"": 0.305, ""32°C"": 0.068, ""33°C"": 0.008, ""34°C"": 0.0005, ""35°C or higher"": 0.0005, ""29°C"": 0.165, ""25°C or below"": 0.001, ""26°C"": 0.0005, ""27°C"": 0.015, ""28°C"": 0.035}",gen_d,,18.75,0.2,ae563b76,0.2,,,30.18,-0.92,-0.72,0.305,0.305,,,,OK,,,,,,,,,,,,,,,,,30.0,30.0,openmeteo_archive_proxy_fallback,30°C,False,,,,
2026-08-15 05:15:11,Ankara,2026-08-16,28.0,29.0,28°C,0.23,"{""30°C"": 0.006, ""31°C"": 0.0045, ""32°C or higher"": 0.002, ""27°C"": 0.54, ""28°C"": 0.23, ""29°C"": 0.035, ""22°C or below"": 0.002, ""23°C"": 0.0025, ""24°C"": 0.0025, ""25°C"": 0.024, ""26°C"": 0.195}",gen_d,,18.75,-1.0,ae563b76,1.0,,,27.07,-0.93,-1.93,0.23,0.035,,,,OK,,,,,,,,,,,,,,,,,28.6,28.6,openmeteo_archive_proxy_fallback,29°C,False,,,,
2026-08-15 05:15:11,Buenos Aires,2026-08-16,16.8,16.6,,,{},gen_d,,18.75,0.2,ae563b76,0.2,,,,,,,,,,,MISSING_POLYMARKET_PRICES,,,,,,,,,,,,,,,,,17.7,17.7,openmeteo_archive_proxy_fallback,,,,,,
2026-08-15 05:24:48,Hong Kong,2026-08-15,30.5,31.6,30°C,0.175,"{""27°C or below"": 0.0005, ""28°C"": 0.0015, ""29°C"": 0.0015, ""30°C"": 0.175, ""31°C"": 0.485, ""32°C"": 0.27, ""33°C"": 0.042, ""34°C"": 0.0055, ""35°C"": 0.0005, ""36°C"": 0.0005, ""37°C or higher"": 0.0005}",gen_d,,-5.41,-1.1,90332ece,1.1,,,31.2,0.7,-0.4,0.175,0.27,,,,OK,,,,,,,,,,,,,,,,,31.8,31.8,openmeteo_archive_proxy_fallback,32°C,False,,,,
2026-08-15 05:24:48,Tokyo,2026-08-15,28.3,31.0,28°C,0.0005,"{""24°C or below"": 0.0005, ""25°C"": 0.0005, ""26°C"": 0.0005, ""27°C"": 0.0005, ""28°C"": 0.0005, ""29°C"": 0.985, ""30°C"": 0.02, ""31°C"": 0.003, ""32°C"": 0.0005, ""33°C"": 0.0005, ""34°C or higher"": 0.0005}",gen_d,,-5.41,-2.7,90332ece,2.7,,,29.02,0.72,-1.98,0.0005,0.003,,,,OK,,,,,,,,,,,,,,,,,28.4,28.4,openmeteo_archive_proxy_fallback,28°C,True,,,,
2026-08-15 05:24:48,Shanghai,2026-08-15,29.5,30.6,30°C,0.0005,"{""25°C or below"": 0.0005, ""26°C"": 0.0005, ""27°C"": 0.0005, ""28°C"": 0.0005, ""29°C"": 0.0005, ""30°C"": 0.0005, ""31°C"": 0.88, ""32°C"": 0.105, ""33°C"": 0.013, ""34°C"": 0.0005, ""35°C or higher"": 0.0005}",gen_d,,-5.41,-1.1,90332ece,1.1,,,31.12,1.62,0.52,0.0005,0.88,,,,OK,,,,,,,,,,,,,,,,,30.8,30.8,openmeteo_archive_proxy_fallback,31°C,False,,,,
2026-08-15 05:24:48,Qingdao,2026-08-15,30.9,30.9,31°C,0.475,"{""33°C"": 0.0585, ""34°C"": 0.008, ""35°C or higher"": 0.0005, ""32°C"": 0.46, ""25°C or below"": 0.0005, ""26°C"": 0.0005, ""27°C"": 0.0005, ""28°C"": 0.0005, ""29°C"": 0.0005, ""30°C"": 0.0005, ""31°C"": 0.475}",gen_d,,-5.41,0.0,90332ece,0.0,,,31.59,0.69,0.69,0.475,0.475,,,,OK,,,,,,,,,,,,,,,,,30.7,30.7,openmeteo_archive_proxy_fallback,31°C,True,,,,
2026-08-15 05:24:48,Seoul,2026-08-15,28.2,25.2,28°C,0.905,"{""34°C or higher"": 0.0005, ""24°C or below"": 0.0005, ""25°C"": 0.0005, ""26°C"": 0.0005, ""27°C"": 0.0005, ""28°C"": 0.905, ""29°C"": 0.075, ""30°C"": 0.0065, ""31°C"": 0.003, ""32°C"": 0.001, ""33°C"": 0.0005}",gen_d,,-5.41,3.0,90332ece,3.0,,,28.1,-0.1,2.9,0.905,0.0005,,,,OK,,,,,,,,,,,,,,,,,27.3,27.3,openmeteo_archive_proxy_fallback,27°C,False,,,,
2026-08-15 05:24:48,Guangzhou,2026-08-15,31.4,35.0,31°C,0.0005,"{""29°C or below"": 0.0005, ""30°C"": 0.0005, ""31°C"": 0.0005, ""32°C"": 0.0005, ""33°C"": 0.075, ""34°C"": 0.265, ""35°C"": 0.595, ""36°C"": 0.085, ""37°C"": 0.025, ""38°C"": 0.0005, ""39°C or higher"": 0.0005}",gen_d,,-5.41,-3.6,90332ece,3.6,,,34.73,3.33,-0.27,0.0005,0.595,,,,OK,,,,,,,,,,,,,,,,,33.4,33.4,openmeteo_archive_proxy_fallback,33°C,False,,,,
2026-08-15 05:24:48,Shenzhen,2026-08-15,30.3,33.7,30°C,0.015,"{""33°C"": 0.235, ""31°C"": 0.28, ""32°C"": 0.45, ""36°C"": 0.0015, ""37°C or higher"": 0.0005, ""27°C or below"": 0.0005, ""35°C"": 0.0015, ""29°C"": 0.0005, ""28°C"": 0.0005, ""30°C"": 0.015, ""34°C"": 0.07}",gen_d,,-5.41,-3.4,90332ece,3.4,,,32.07,1.77,-1.63,0.015,0.07,,,,OK,,,,,,,,,,,,,,,,,31.4,31.4,openmeteo_archive_proxy_fallback,31°C,False,,,,
2026-08-15 05:24:48,New York,2026-08-15,28.7,29.4,75°F or below,0.001,"{""75°F or below"": 0.001, ""76-77°F"": 0.005, ""78-79°F"": 0.013, ""80-81°F"": 0.105, ""82-83°F"": 0.485, ""84-85°F"": 0.375, ""86-87°F"": 0.06, ""88-89°F"": 0.012, ""90-91°F"": 0.0015, ""92-93°F"": 0.0005, ""94°F or higher"": 0.0005}",gen_d,,-5.41,-0.7,90332ece,0.7,,,82.74,54.04,53.34,0.001,0.001,,,,OK,,,,,,,,,,,,,,,,29.0,28.7,29.0,noaa_nws,84-85°F,False,,,,
2026-08-15 05:24:48,Chicago,2026-08-15,24.7,25.5,75°F or below,0.017,"{""75°F or below"": 0.017, ""76-77°F"": 0.1055, ""78-79°F"": 0.335, ""80-81°F"": 0.4, ""82-83°F"": 0.15, ""84-85°F"": 0.035, ""86-87°F"": 0.0055, ""88-89°F"": 0.0005, ""90-91°F"": 0.0005, ""92-93°F"": 0.0005, ""94°F or higher"": 0.0005}",gen_d,,-5.41,-0.8,90332ece,0.8,,,79.34,54.64,53.84,0.017,0.017,,,,OK,,,,,,,,,,,,,,,,26.1,27.5,26.1,noaa_nws,78-79°F,False,,,,
2026-08-15 05:24:48,Miami,2026-08-15,32.4,32.8,79°F or below,0.0005,"{""79°F or below"": 0.0005, ""80-81°F"": 0.0005, ""82-83°F"": 0.0005, ""84-85°F"": 0.0005, ""86-87°F"": 0.0045, ""88-89°F"": 0.001, ""90-91°F"": 0.055, ""92-93°F"": 0.72, ""94-95°F"": 0.225, ""96-97°F"": 0.0055, ""98°F or higher"": 0.0015}",gen_d,,-5.41,-0.4,90332ece,0.4,,,92.31,59.91,59.51,0.0005,0.0005,,,,OK,,,,,,,,,,,,,,,,34.0,33.9,34.0,noaa_nws,92-93°F,False,,,,
2026-08-15 05:24:48,London,2026-08-15,27.5,27.2,28°C,0.325,"{""20°C or below"": 0.0005, ""21°C"": 0.0005, ""22°C"": 0.0005, ""23°C"": 0.0005, ""24°C"": 0.007, ""25°C"": 0.055, ""26°C"": 0.205, ""27°C"": 0.41, ""28°C"": 0.325, ""29°C"": 0.0195, ""30°C or higher"": 0.004}",gen_d,,-5.41,0.3,90332ece,0.3,,,27.03,-0.47,-0.17,0.325,0.41,,,,OK,,,,,,,,,,,,,,,,,27.3,27.3,openmeteo_archive_proxy_fallback,27°C,False,,,,
2026-08-15 05:24:48,Paris,2026-08-15,34.3,34.6,34°C,0.635,"{""30°C or below"": 0.005, ""31°C"": 0.003, ""32°C"": 0.0235, ""33°C"": 0.18, ""34°C"": 0.635, ""35°C"": 0.15, ""36°C"": 0.0425, ""37°C"": 0.006, ""38°C"": 0.0005, ""39°C"": 0.0005, ""40°C or higher"": 0.0005}",gen_d,,-5.41,-0.3,90332ece,0.3,,,34.0,-0.3,-0.6,0.635,0.15,,,,OK,,,,,,,,,,,,,,,,,29.8,29.8,openmeteo_archive_proxy_fallback,30°C or below,False,,,,
2026-08-15 05:24:48,Ankara,2026-08-15,27.7,28.3,28°C,0.02,"{""32°C"": 0.0005, ""33°C or higher"": 0.0005, ""23°C or below"": 0.0005, ""24°C"": 0.0005, ""25°C"": 0.07, ""26°C"": 0.505, ""27°C"": 0.44, ""28°C"": 0.02, ""29°C"": 0.0015, ""30°C"": 0.0005, ""31°C"": 0.0005}",gen_d,,-5.41,-0.6,90332ece,0.6,,,26.41,-1.29,-1.89,0.02,0.02,,,,OK,,,,,,,,,,,,,,,,,26.8,26.8,openmeteo_archive_proxy_fallback,27°C,False,,,,
2026-08-15 05:24:48,Buenos Aires,2026-08-15,14.3,13.3,14°C,0.03,"{""12°C or below"": 0.0005, ""13°C"": 0.0005, ""14°C"": 0.03, ""15°C"": 0.125, ""16°C"": 0.595, ""17°C"": 0.195, ""18°C"": 0.025, ""19°C"": 0.006, ""20°C"": 0.002, ""21°C"": 0.0005, ""22°C or higher"": 0.0005}",gen_d,,-5.41,1.0,90332ece,1.0,,,16.09,1.79,2.79,0.03,0.0005,,,,OK,,,,,,,,,,,,,,,,,15.3,15.3,openmeteo_archive_proxy_fallback,15°C,False,,,,
2026-08-15 05:30:42,Hong Kong,2026-08-15,30.5,31.6,30°C,0.135,"{""27°C or below"": 0.0005, ""28°C"": 0.0015, ""29°C"": 0.0015, ""30°C"": 0.135, ""31°C"": 0.58, ""32°C"": 0.305, ""33°C"": 0.03, ""34°C"": 0.005, ""35°C"": 0.0005, ""36°C"": 0.0005, ""37°C or higher"": 0.0005}",gen_d,,-5.51,-1.1,b3fb1495,1.1,,,31.23,0.73,-0.37,0.135,0.305,,,,OK,,,,,,,,,,,,,,,,,31.8,31.8,openmeteo_archive_proxy_fallback,32°C,False,,,,
2026-08-15 05:30:42,Tokyo,2026-08-15,28.3,31.0,28°C,0.0005,"{""24°C or below"": 0.0005, ""25°C"": 0.0005, ""26°C"": 0.0005, ""27°C"": 0.0005, ""28°C"": 0.0005, ""29°C"": 0.97, ""30°C"": 0.025, ""31°C"": 0.003, ""32°C"": 0.0005, ""33°C"": 0.0005, ""34°C or higher"": 0.0005}",gen_d,,-5.51,-2.7,b3fb1495,2.7,,,29.03,0.73,-1.97,0.0005,0.003,,,,OK,,,,,,,,,,,,,,,,,28.4,28.4,openmeteo_archive_proxy_fallback,28°C,True,,,,
2026-08-15 05:30:42,Shanghai,2026-08-15,29.5,30.6,30°C,0.0005,"{""25°C or below"": 0.0005, ""26°C"": 0.0005, ""27°C"": 0.0005, ""28°C"": 0.0005, ""29°C"": 0.0005, ""30°C"": 0.0005, ""31°C"": 0.915, ""32°C"": 0.055, ""33°C"": 0.0125, ""34°C"": 0.0005, ""35°C or higher"": 0.0005}",gen_d,,-5.51,-1.1,b3fb1495,1.1,,,31.07,1.57,0.47,0.0005,0.915,,,,OK,,,,,,,,,,,,,,,,,30.8,30.8,openmeteo_archive_proxy_fallback,31°C,False,,,,
2026-08-15 05:30:42,Qingdao,2026-08-15,30.9,30.9,31°C,0.475,"{""33°C"": 0.0575, ""34°C"": 0.008, ""35°C or higher"": 0.0005, ""32°C"": 0.445, ""25°C or below"": 0.0005, ""26°C"": 0.0005, ""27°C"": 0.0005, ""28°C"": 0.0005, ""29°C"": 0.0005, ""30°C"": 0.0005, ""31°C"": 0.475}",gen_d,,-5.51,0.0,b3fb1495,0.0,,,31.58,0.68,0.68,0.475,0.475,,,,OK,,,,,,,,,,,,,,,,,30.7,30.7,openmeteo_archive_proxy_fallback,31°C,True,,,,
2026-08-15 05:30:42,Seoul,2026-08-15,28.2,25.2,28°C,0.885,"{""34°C or higher"": 0.0005, ""24°C or below"": 0.0005, ""25°C"": 0.0005, ""26°C"": 0.0005, ""27°C"": 0.0005, ""28°C"": 0.885, ""29°C"": 0.095, ""30°C"": 0.0065, ""31°C"": 0.003, ""32°C"": 0.001, ""33°C"": 0.0005}",gen_d,,-5.51,3.0,b3fb1495,3.0,,,28.12,-0.08,2.92,0.885,0.0005,,,,OK,,,,,,,,,,,,,,,,,27.3,27.3,openmeteo_archive_proxy_fallback,27°C,False,,,,
2026-08-15 05:30:42,Guangzhou,2026-08-15,31.4,35.0,31°C,0.0005,"{""29°C or below"": 0.0005, ""30°C"": 0.0005, ""31°C"": 0.0005, ""32°C"": 0.0005, ""33°C"": 0.045, ""34°C"": 0.26, ""35°C"": 0.62, ""36°C"": 0.095, ""37°C"": 0.025, ""38°C"": 0.0005, ""39°C or higher"": 0.0005}",gen_d,,-5.51,-3.6,b3fb1495,3.6,,,34.8,3.4,-0.2,0.0005,0.62,,,,OK,,,,,,,,,,,,,,,,,33.4,33.4,openmeteo_archive_proxy_fallback,33°C,False,,,,
2026-08-15 05:30:42,Shenzhen,2026-08-15,30.3,33.7,30°C,0.025,"{""33°C"": 0.22, ""31°C"": 0.26, ""32°C"": 0.445, ""36°C"": 0.0015, ""37°C or higher"": 0.0005, ""27°C or below"": 0.0005, ""35°C"": 0.0055, ""29°C"": 0.0005, ""28°C"": 0.0005, ""30°C"": 0.025, ""34°C"": 0.11}",gen_d,,-5.51,-3.4,b3fb1495,3.4,,,32.14,1.84,-1.56,0.025,0.11,,,,OK,,,,,,,,,,,,,,,,,31.4,31.4,openmeteo_archive_proxy_fallback,31°C,False,,,,
2026-08-15 05:30:42,New York,2026-08-15,28.7,29.4,,,"{""75°F or below"": 0.001, ""76-77°F"": 0.005, ""78-79°F"": 0.013, ""80-81°F"": 0.105, ""82-83°F"": 0.485, ""84-85°F"": 0.375, ""86-87°F"": 0.055, ""88-89°F"": 0.012, ""90-91°F"": 0.0015, ""92-93°F"": 0.0005, ""94°F or higher"": 0.0005}",gen_d,,-5.51,-0.7,b3fb1495,0.7,,,-17.99,-46.69,-47.39,,0.375,,,,ECMWF_BUCKET_MAPPING_AMBIGUOUS,,,,,,,,,,,,,,,,29.0,28.7,29.0,noaa_nws,84-85°F,,,,,
2026-08-15 05:30:42,Chicago,2026-08-15,24.7,25.5,,,"{""75°F or below"": 0.017, ""76-77°F"": 0.1055, ""78-79°F"": 0.335, ""80-81°F"": 0.395, ""82-83°F"": 0.145, ""84-85°F"": 0.035, ""86-87°F"": 0.0055, ""88-89°F"": 0.0005, ""90-91°F"": 0.0005, ""92-93°F"": 0.0005, ""94°F or higher"": 0.0005}",gen_d,,-5.51,-0.8,b3fb1495,0.8,,,-17.35,-42.05,-42.85,,,,,,ECMWF_BUCKET_MAPPING_AMBIGUOUS|GFS_BUCKET_MAPPING_AMBIGUOUS,,,,,,,,,,,,,,,,26.1,27.5,26.1,noaa_nws,78-79°F,,,,,
2026-08-15 05:30:42,Miami,2026-08-15,32.4,32.8,,,"{""79°F or below"": 0.0005, ""80-81°F"": 0.0005, ""82-83°F"": 0.0005, ""84-85°F"": 0.0005, ""86-87°F"": 0.0045, ""88-89°F"": 0.001, ""90-91°F"": 0.07, ""92-93°F"": 0.68, ""94-95°F"": 0.27, ""96-97°F"": 0.0095, ""98°F or higher"": 0.0015}",gen_d,,-5.51,-0.4,b3fb1495,0.4,,,-17.96,-50.36,-50.76,,0.07,,,,ECMWF_BUCKET_MAPPING_AMBIGUOUS,,,,,,,,,,,,,,,,34.0,33.9,34.0,noaa_nws,92-93°F,,,,,
2026-08-15 05:30:42,London,2026-08-15,27.5,27.2,28°C,0.325,"{""20°C or below"": 0.0005, ""21°C"": 0.0005, ""22°C"": 0.0005, ""23°C"": 0.0005, ""24°C"": 0.007, ""25°C"": 0.065, ""26°C"": 0.205, ""27°C"": 0.415, ""28°C"": 0.325, ""29°C"": 0.0195, ""30°C or higher"": 0.004}",gen_d,,-5.51,0.3,b3fb1495,0.3,,,27.01,-0.49,-0.19,0.325,0.415,,,,OK,,,,,,,,,,,,,,,,,27.3,27.3,openmeteo_archive_proxy_fallback,27°C,False,,,,
2026-08-15 05:30:42,Paris,2026-08-15,34.3,34.6,34°C,0.635,"{""30°C or below"": 0.005, ""31°C"": 0.003, ""32°C"": 0.0205, ""33°C"": 0.185, ""34°C"": 0.635, ""35°C"": 0.15, ""36°C"": 0.0425, ""37°C"": 0.006, ""38°C"": 0.0005, ""39°C"": 0.0005, ""40°C or higher"": 0.0005}",gen_d,,-5.51,-0.3,b3fb1495,0.3,,,34.0,-0.3,-0.6,0.635,0.15,,,,OK,,,,,,,,,,,,,,,,,29.8,29.8,openmeteo_archive_proxy_fallback,30°C or below,False,,,,
2026-08-15 05:30:42,Ankara,2026-08-15,27.7,28.3,28°C,0.02,"{""32°C"": 0.0005, ""33°C or higher"": 0.0005, ""23°C or below"": 0.0005, ""24°C"": 0.0005, ""25°C"": 0.07, ""26°C"": 0.505, ""27°C"": 0.435, ""28°C"": 0.02, ""29°C"": 0.0015, ""30°C"": 0.0005, ""31°C"": 0.0005}",gen_d,,-5.51,-0.6,b3fb1495,0.6,,,26.4,-1.3,-1.9,0.02,0.02,,,,OK,,,,,,,,,,,,,,,,,26.8,26.8,openmeteo_archive_proxy_fallback,27°C,False,,,,
2026-08-15 05:30:42,Buenos Aires,2026-08-15,14.3,13.3,14°C,0.045,"{""12°C or below"": 0.0005, ""13°C"": 0.0005, ""14°C"": 0.045, ""15°C"": 0.145, ""16°C"": 0.645, ""17°C"": 0.11, ""18°C"": 0.025, ""19°C"": 0.006, ""20°C"": 0.002, ""21°C"": 0.0005, ""22°C or higher"": 0.0005}",gen_d,,-5.51,1.0,b3fb1495,1.0,,,15.95,1.65,2.65,0.045,0.0005,,,,OK,,,,,,,,,,,,,,,,,15.3,15.3,openmeteo_archive_proxy_fallback,15°C,False,,,,
2026-08-15 05:51:36,Hong Kong,2026-08-15,30.5,31.5,30°C,0.08,"{""27°C or below"": 0.0005, ""28°C"": 0.0015, ""29°C"": 0.0015, ""30°C"": 0.08, ""31°C"": 0.705, ""32°C"": 0.215, ""33°C"": 0.03, ""34°C"": 0.0035, ""35°C"": 0.0005, ""36°C"": 0.0005, ""37°C or higher"": 0.0005}",gen_d,,-5.86,-1.0,70c272b1,1.0,,,31.2,0.7,-0.3,0.08,0.215,,,,OK,,,,,,,,,,,,,,,,,31.8,31.8,openmeteo_archive_proxy_fallback,32°C,False,,,,
2026-08-15 05:51:36,Tokyo,2026-08-15,28.3,30.5,28°C,0.0005,"{""24°C or below"": 0.0005, ""25°C"": 0.0005, ""26°C"": 0.0005, ""27°C"": 0.0005, ""28°C"": 0.0005, ""29°C"": 0.9945, ""30°C"": 0.008, ""31°C"": 0.003, ""32°C"": 0.0005, ""33°C"": 0.0005, ""34°C or higher"": 0.0005}",gen_d,,-5.86,-2.2,70c272b1,2.2,,,29.01,0.71,-1.49,0.0005,0.008,,,,OK,,,,,,,,,,,,,,,,,28.4,28.4,openmeteo_archive_proxy_fallback,28°C,True,,,,
2026-08-15 05:51:36,Shanghai,2026-08-15,29.5,30.9,30°C,0.0005,"{""25°C or below"": 0.0005, ""26°C"": 0.0005, ""27°C"": 0.0005, ""28°C"": 0.0005, ""29°C"": 0.0005, ""30°C"": 0.0005, ""31°C"": 0.985, ""32°C"": 0.015, ""33°C"": 0.0025, ""34°C"": 0.0005, ""35°C or higher"": 0.0005}",gen_d,,-5.86,-1.4,70c272b1,1.4,,,31.01,1.51,0.11,0.0005,0.985,,,,OK,,,,,,,,,,,,,,,,,30.8,30.8,openmeteo_archive_proxy_fallback,31°C,False,,,,
2026-08-15 05:51:36,Qingdao,2026-08-15,30.9,30.3,31°C,0.905,"{""33°C"": 0.015, ""34°C"": 0.0065, ""35°C or higher"": 0.0005, ""32°C"": 0.09, ""25°C or below"": 0.0005, ""26°C"": 0.0005, ""27°C"": 0.0005, ""28°C"": 0.0005, ""29°C"": 0.0005, ""30°C"": 0.0005, ""31°C"": 0.905}",gen_d,,-5.86,0.6,70c272b1,0.6,,,31.13,0.23,0.83,0.905,0.0005,,,,OK,,,,,,,,,,,,,,,,,30.7,30.7,openmeteo_archive_proxy_fallback,31°C,True,,,,
2026-08-15 05:51:36,Seoul,2026-08-15,28.2,25.2,28°C,0.955,"{""34°C or higher"": 0.0005, ""24°C or below"": 0.0005, ""25°C"": 0.0005, ""26°C"": 0.0005, ""27°C"": 0.0005, ""28°C"": 0.955, ""29°C"": 0.045, ""30°C"": 0.0035, ""31°C"": 0.0025, ""32°C"": 0.0005, ""33°C"": 0.0005}",gen_d,,-5.86,3.0,70c272b1,3.0,,,28.06,-0.14,2.86,0.955,0.0005,,,,OK,,,,,,,,,,,,,,,,,27.3,27.3,openmeteo_archive_proxy_fallback,27°C,False,,,,
2026-08-15 05:51:36,Guangzhou,2026-08-15,31.4,35.3,31°C,0.0005,"{""29°C or below"": 0.0005, ""30°C"": 0.0005, ""31°C"": 0.0005, ""32°C"": 0.0005, ""33°C"": 0.05, ""34°C"": 0.3, ""35°C"": 0.6, ""36°C"": 0.08, ""37°C"": 0.025, ""38°C"": 0.0005, ""39°C or higher"": 0.0005}",gen_d,,-5.86,-3.9,70c272b1,3.9,,,34.74,3.34,-0.56,0.0005,0.6,,,,OK,,,,,,,,,,,,,,,,,33.4,33.4,openmeteo_archive_proxy_fallback,33°C,False,,,,
2026-08-15 05:51:36,Shenzhen,2026-08-15,30.3,33.5,30°C,0.035,"{""33°C"": 0.155, ""31°C"": 0.325, ""32°C"": 0.445, ""36°C"": 0.0015, ""37°C or higher"": 0.0005, ""27°C or below"": 0.0005, ""35°C"": 0.0025, ""29°C"": 0.0035, ""28°C"": 0.0005, ""30°C"": 0.035, ""34°C"": 0.08}",gen_d,,-5.86,-3.2,70c272b1,3.2,,,31.92,1.62,-1.58,0.035,0.08,,,,OK,,,,,,,,,,,,,,,,,31.4,31.4,openmeteo_archive_proxy_fallback,31°C,False,,,,
2026-08-15 05:51:36,New York,2026-08-15,28.7,29.4,,,"{""75°F or below"": 0.001, ""76-77°F"": 0.004, ""78-79°F"": 0.013, ""80-81°F"": 0.105, ""82-83°F"": 0.485, ""84-85°F"": 0.38, ""86-87°F"": 0.055, ""88-89°F"": 0.0115, ""90-91°F"": 0.0015, ""92-93°F"": 0.0005, ""94°F or higher"": 0.0005}",gen_d,,-5.86,-0.7,70c272b1,0.7,,,28.47,-0.23,-0.93,,0.38,,,,ECMWF_BUCKET_MAPPING_AMBIGUOUS,,,,,,,,,,,,,,,,29.0,28.7,29.0,noaa_nws,84-85°F,,,,,
2026-08-15 05:51:36,Chicago,2026-08-15,24.7,25.5,76-77°F,0.084,"{""75°F or below"": 0.017, ""76-77°F"": 0.084, ""78-79°F"": 0.355, ""80-81°F"": 0.4, ""82-83°F"": 0.145, ""84-85°F"": 0.035, ""86-87°F"": 0.0055, ""88-89°F"": 0.0005, ""90-91°F"": 0.0005, ""92-93°F"": 0.0005, ""94°F or higher"": 0.0005}",gen_d,,-5.86,-0.8,70c272b1,0.8,,,26.59,1.89,1.09,0.084,,,,,GFS_BUCKET_MAPPING_AMBIGUOUS,,,,,,,,,,,,,,,,26.1,27.5,26.1,noaa_nws,78-79°F,False,,,,
2026-08-15 05:51:36,Miami,2026-08-15,32.4,32.8,90-91°F,0.075,"{""79°F or below"": 0.0005, ""80-81°F"": 0.0005, ""82-83°F"": 0.0005, ""84-85°F"": 0.0005, ""86-87°F"": 0.0045, ""88-89°F"": 0.001, ""90-91°F"": 0.075, ""92-93°F"": 0.665, ""94-95°F"": 0.27, ""96-97°F"": 0.0095, ""98°F or higher"": 0.0015}",gen_d,,-5.86,-0.4,70c272b1,0.4,,,33.82,1.42,1.02,0.075,0.075,,,,OK,,,,,,,,,,,,,,,,34.0,33.9,34.0,noaa_nws,92-93°F,False,,,,
2026-08-15 05:51:36,London,2026-08-15,27.5,28.1,28°C,0.32,"{""20°C or below"": 0.0005, ""21°C"": 0.0005, ""22°C"": 0.0005, ""23°C"": 0.0005, ""24°C"": 0.007, ""25°C"": 0.065, ""26°C"": 0.19, ""27°C"": 0.415, ""28°C"": 0.32, ""29°C"": 0.0195, ""30°C or higher"": 0.004}",gen_d,,-5.86,-0.6,70c272b1,0.6,,,27.02,-0.48,-1.08,0.32,0.32,,,,OK,,,,,,,,,,,,,,,,,27.3,27.3,openmeteo_archive_proxy_fallback,27°C,False,,,,
2026-08-15 05:51:36,Paris,2026-08-15,34.3,34.9,34°C,0.635,"{""30°C or below"": 0.005, ""31°C"": 0.003, ""32°C"": 0.018, ""33°C"": 0.17, ""34°C"": 0.635, ""35°C"": 0.16, ""36°C"": 0.0415, ""37°C"": 0.006, ""38°C"": 0.0005, ""39°C"": 0.0005, ""40°C or higher"": 0.0005}",gen_d,,-5.86,-0.6,70c272b1,0.6,,,34.03,-0.27,-0.87,0.635,0.16,,,,OK,,,,,,,,,,,,,,,,,29.8,29.8,openmeteo_archive_proxy_fallback,30°C or below,False,,,,
2026-08-15 05:51:36,Ankara,2026-08-15,27.7,28.2,28°C,0.02,"{""32°C"": 0.0005, ""33°C or higher"": 0.0005, ""23°C or below"": 0.0005, ""24°C"": 0.0005, ""25°C"": 0.075, ""26°C"": 0.515, ""27°C"": 0.41, ""28°C"": 0.02, ""29°C"": 0.0015, ""30°C"": 0.0005, ""31°C"": 0.0005}",gen_d,,-5.86,-0.5,70c272b1,0.5,,,26.38,-1.32,-1.82,0.02,0.02,,,,OK,,,,,,,,,,,,,,,,,26.8,26.8,openmeteo_archive_proxy_fallback,27°C,False,,,,
2026-08-15 05:51:36,Buenos Aires,2026-08-15,14.3,13.2,14°C,0.03,"{""12°C or below"": 0.0005, ""13°C"": 0.0005, ""14°C"": 0.03, ""15°C"": 0.145, ""16°C"": 0.625, ""17°C"": 0.145, ""18°C"": 0.025, ""19°C"": 0.0055, ""20°C"": 0.0005, ""21°C"": 0.0005, ""22°C or higher"": 0.0005}",gen_d,,-5.86,1.1,70c272b1,1.1,,,16.01,1.71,2.81,0.03,0.0005,,,,OK,,,,,,,,,,,,,,,,,15.3,15.3,openmeteo_archive_proxy_fallback,15°C,False,,,,
2026-08-15 06:05:16,Hong Kong,2026-08-15,30.5,31.5,30°C,0.0015,"{""27°C or below"": 0.0005, ""28°C"": 0.0015, ""29°C"": 0.0015, ""30°C"": 0.0015, ""31°C"": 0.37, ""32°C"": 0.685, ""33°C"": 0.0315, ""34°C"": 0.0095, ""35°C"": 0.0005, ""36°C"": 0.0005, ""37°C or higher"": 0.0005}",gen_d,,-6.09,-1.0,bf5378f2,1.0,,,31.7,1.2,0.2,0.0015,0.685,,,,OK,,,,,,,,,,,,,,,,,31.8,31.8,openmeteo_archive_proxy_fallback,32°C,False,,,,
2026-08-15 06:05:16,Tokyo,2026-08-15,28.3,30.5,28°C,0.0005,"{""24°C or below"": 0.0005, ""25°C"": 0.0005, ""26°C"": 0.0005, ""27°C"": 0.0005, ""28°C"": 0.0005, ""29°C"": 0.995, ""30°C"": 0.0055, ""31°C"": 0.0015, ""32°C"": 0.0005, ""33°C"": 0.0005, ""34°C or higher"": 0.0005}",gen_d,,-6.09,-2.2,bf5378f2,2.2,,,29.01,0.71,-1.49,0.0005,0.0055,,,,OK,,,,,,,,,,,,,,,,,28.4,28.4,openmeteo_archive_proxy_fallback,28°C,True,,,,
2026-08-15 06:05:16,Shanghai,2026-08-15,29.5,30.9,30°C,0.0005,"{""25°C or below"": 0.0005, ""26°C"": 0.0005, ""27°C"": 0.0005, ""28°C"": 0.0005, ""29°C"": 0.0005, ""30°C"": 0.0005, ""31°C"": 0.985, ""32°C"": 0.015, ""33°C"": 0.0025, ""34°C"": 0.0005, ""35°C or higher"": 0.0005}",gen_d,,-6.09,-1.4,bf5378f2,1.4,,,31.01,1.51,0.11,0.0005,0.985,,,,OK,,,,,,,,,,,,,,,,,30.8,30.8,openmeteo_archive_proxy_fallback,31°C,False,,,,
2026-08-15 06:05:16,Qingdao,2026-08-15,30.9,30.3,31°C,0.835,"{""33°C"": 0.011, ""34°C"": 0.006, ""35°C or higher"": 0.0005, ""32°C"": 0.165, ""25°C or below"": 0.0005, ""26°C"": 0.0005, ""27°C"": 0.0005, ""28°C"": 0.0005, ""29°C"": 0.0005, ""30°C"": 0.0005, ""31°C"": 0.835}",gen_d,,-6.09,0.6,bf5378f2,0.6,,,31.19,0.29,0.89,0.835,0.0005,,,,OK,,,,,,,,,,,,,,,,,30.7,30.7,openmeteo_archive_proxy_fallback,31°C,True,,,,
2026-08-15 06:05:16,Seoul,2026-08-15,28.2,25.2,28°C,0.94,"{""34°C or higher"": 0.0005, ""24°C or below"": 0.0005, ""25°C"": 0.0005, ""26°C"": 0.0005, ""27°C"": 0.0005, ""28°C"": 0.94, ""29°C"": 0.06, ""30°C"": 0.003, ""31°C"": 0.002, ""32°C"": 0.0005, ""33°C"": 0.0005}",gen_d,,-6.09,3.0,bf5378f2,3.0,,,28.07,-0.13,2.87,0.94,0.0005,,,,OK,,,,,,,,,,,,,,,,,27.3,27.3,openmeteo_archive_proxy_fallback,27°C,False,,,,
2026-08-15 06:05:16,Guangzhou,2026-08-15,31.4,35.3,31°C,0.0005,"{""29°C or below"": 0.0005, ""30°C"": 0.0005, ""31°C"": 0.0005, ""32°C"": 0.0005, ""33°C"": 0.115, ""34°C"": 0.32, ""35°C"": 0.51, ""36°C"": 0.07, ""37°C"": 0.015, ""38°C"": 0.0005, ""39°C or higher"": 0.0005}",gen_d,,-6.09,-3.9,bf5378f2,3.9,,,34.56,3.16,-0.74,0.0005,0.51,,,,OK,,,,,,,,,,,,,,,,,33.4,33.4,openmeteo_archive_proxy_fallback,33°C,False,,,,
2026-08-15 06:05:16,Shenzhen,2026-08-15,30.3,33.5,30°C,0.005,"{""33°C"": 0.17, ""31°C"": 0.335, ""32°C"": 0.48, ""36°C"": 0.0015, ""37°C or higher"": 0.0005, ""27°C or below"": 0.0005, ""35°C"": 0.0025, ""29°C"": 0.003, ""28°C"": 0.0005, ""30°C"": 0.005, ""34°C"": 0.07}",gen_d,,-6.09,-3.2,bf5378f2,3.2,,,31.97,1.67,-1.53,0.005,0.07,,,,OK,,,,,,,,,,,,,,,,,31.4,31.4,openmeteo_archive_proxy_fallback,31°C,False,,,,
2026-08-15 06:05:16,New York,2026-08-15,28.7,29.4,84-85°F,0.38,"{""75°F or below"": 0.0005, ""76-77°F"": 0.0045, ""78-79°F"": 0.013, ""80-81°F"": 0.105, ""82-83°F"": 0.485, ""84-85°F"": 0.38, ""86-87°F"": 0.055, ""88-89°F"": 0.0105, ""90-91°F"": 0.0015, ""92-93°F"": 0.0005, ""94°F or higher"": 0.0005}",gen_d,,-6.09,-0.7,bf5378f2,0.7,,,28.46,-0.24,-0.94,0.38,0.38,,,,OK,,,,,,,,,,,,,,,,29.0,28.7,29.0,noaa_nws,84-85°F,True,,,,
2026-08-15 06:05:16,Chicago,2026-08-15,24.7,25.5,76-77°F,0.061,"{""75°F or below"": 0.017, ""76-77°F"": 0.061, ""78-79°F"": 0.34, ""80-81°F"": 0.44, ""82-83°F"": 0.145, ""84-85°F"": 0.025, ""86-87°F"": 0.0055, ""88-89°F"": 0.0005, ""90-91°F"": 0.0005, ""92-93°F"": 0.0005, ""94°F or higher"": 0.0005}",gen_d,,-6.09,-0.8,bf5378f2,0.8,,,26.63,1.93,1.13,0.061,0.34,,,,OK,,,,,,,,,,,,,,,,26.1,27.5,26.1,noaa_nws,78-79°F,False,,,,
2026-08-15 06:05:16,Miami,2026-08-15,32.4,32.8,90-91°F,0.09,"{""79°F or below"": 0.0005, ""80-81°F"": 0.0005, ""82-83°F"": 0.0005, ""84-85°F"": 0.0005, ""86-87°F"": 0.0045, ""88-89°F"": 0.001, ""90-91°F"": 0.09, ""92-93°F"": 0.66, ""94-95°F"": 0.275, ""96-97°F"": 0.01, ""98°F or higher"": 0.0015}",gen_d,,-6.09,-0.4,bf5378f2,0.4,,,33.81,1.41,1.01,0.09,0.09,,,,OK,,,,,,,,,,,,,,,,34.0,33.9,34.0,noaa_nws,92-93°F,False,,,,
2026-08-15 06:05:16,London,2026-08-15,27.5,28.1,28°C,0.315,"{""20°C or below"": 0.0005, ""21°C"": 0.0005, ""22°C"": 0.0005, ""23°C"": 0.0005, ""24°C"": 0.006, ""25°C"": 0.075, ""26°C"": 0.2, ""27°C"": 0.43, ""28°C"": 0.315, ""29°C"": 0.0195, ""30°C or higher"": 0.004}",gen_d,,-6.09,-0.6,bf5378f2,0.6,,,26.99,-0.51,-1.11,0.315,0.315,,,,OK,,,,,,,,,,,,,,,,,27.3,27.3,openmeteo_archive_proxy_fallback,27°C,False,,,,
2026-08-15 06:05:16,Paris,2026-08-15,34.3,34.9,34°C,0.635,"{""30°C or below"": 0.005, ""31°C"": 0.003, ""32°C"": 0.025, ""33°C"": 0.145, ""34°C"": 0.635, ""35°C"": 0.165, ""36°C"": 0.0495, ""37°C"": 0.006, ""38°C"": 0.0005, ""39°C"": 0.0005, ""40°C or higher"": 0.0005}",gen_d,,-6.09,-0.6,bf5378f2,0.6,,,34.06,-0.24,-0.84,0.635,0.165,,,,OK,,,,,,,,,,,,,,,,,29.8,29.8,openmeteo_archive_proxy_fallback,30°C or below,False,,,,
2026-08-15 06:05:16,Ankara,2026-08-15,27.7,28.2,28°C,0.02,"{""32°C"": 0.0005, ""33°C or higher"": 0.0005, ""23°C or below"": 0.0005, ""24°C"": 0.0005, ""25°C"": 0.085, ""26°C"": 0.53, ""27°C"": 0.39, ""28°C"": 0.02, ""29°C"": 0.001, ""30°C"": 0.0005, ""31°C"": 0.0005}",gen_d,,-6.09,-0.5,bf5378f2,0.5,,,26.35,-1.35,-1.85,0.02,0.02,,,,OK,,,,,,,,,,,,,,,,,26.8,26.8,openmeteo_archive_proxy_fallback,27°C,False,,,,
2026-08-15 06:05:16,Buenos Aires,2026-08-15,14.3,13.2,14°C,0.03,"{""12°C or below"": 0.0005, ""13°C"": 0.0005, ""14°C"": 0.03, ""15°C"": 0.145, ""16°C"": 0.625, ""17°C"": 0.145, ""18°C"": 0.025, ""19°C"": 0.005, ""20°C"": 0.0005, ""21°C"": 0.0005, ""22°C or higher"": 0.0005}",gen_d,,-6.09,1.1,bf5378f2,1.1,,,16.01,1.71,2.81,0.03,0.0005,,,,OK,,,,,,,,,,,,,,,,,15.3,15.3,openmeteo_archive_proxy_fallback,15°C,False,,,,
2026-08-15 06:18:13,Hong Kong,2026-08-15,30.5,31.5,30°C,0.0015,"{""27°C or below"": 0.0005, ""28°C"": 0.0015, ""29°C"": 0.0015, ""30°C"": 0.0015, ""31°C"": 0.275, ""32°C"": 0.625, ""33°C"": 0.0715, ""34°C"": 0.0065, ""35°C"": 0.0005, ""36°C"": 0.0005, ""37°C or higher"": 0.0005}",gen_d,,-6.3,-1.0,f01c2324,1.0,,,31.8,1.3,0.3,0.0015,0.625,,,,OK,,,,,,,,,,,,,,,,,31.8,31.8,openmeteo_archive_proxy_fallback,32°C,False,,,,
2026-08-15 06:18:13,Tokyo,2026-08-15,28.3,30.5,28°C,0.0005,"{""24°C or below"": 0.0005, ""25°C"": 0.0005, ""26°C"": 0.0005, ""27°C"": 0.0005, ""28°C"": 0.0005, ""29°C"": 0.995, ""30°C"": 0.0035, ""31°C"": 0.0025, ""32°C"": 0.0005, ""33°C"": 0.0005, ""34°C or higher"": 0.0005}",gen_d,,-6.3,-2.2,f01c2324,2.2,,,29.01,0.71,-1.49,0.0005,0.0035,,,,OK,,,,,,,,,,,,,,,,,28.4,28.4,openmeteo_archive_proxy_fallback,28°C,True,,,,
2026-08-15 06:18:13,Shanghai,2026-08-15,29.5,30.9,30°C,0.0005,"{""25°C or below"": 0.0005, ""26°C"": 0.0005, ""27°C"": 0.0005, ""28°C"": 0.0005, ""29°C"": 0.0005, ""30°C"": 0.0005, ""31°C"": 0.9805, ""32°C"": 0.018, ""33°C"": 0.0005, ""34°C"": 0.0005, ""35°C or higher"": 0.0005}",gen_d,,-6.3,-1.4,f01c2324,1.4,,,31.01,1.51,0.11,0.0005,0.9805,,,,OK,,,,,,,,,,,,,,,,,30.8,30.8,openmeteo_archive_proxy_fallback,31°C,False,,,,
2026-08-15 06:18:13,Qingdao,2026-08-15,30.9,30.3,31°C,0.565,"{""33°C"": 0.015, ""34°C"": 0.0015, ""35°C or higher"": 0.0005, ""32°C"": 0.435, ""25°C or below"": 0.0005, ""26°C"": 0.0005, ""27°C"": 0.0005, ""28°C"": 0.0005, ""29°C"": 0.0005, ""30°C"": 0.0005, ""31°C"": 0.565}",gen_d,,-6.3,0.6,f01c2324,0.6,,,31.45,0.55,1.15,0.565,0.0005,,,,OK,,,,,,,,,,,,,,,,,30.7,30.7,openmeteo_archive_proxy_fallback,31°C,True,,,,
2026-08-15 06:18:13,Seoul,2026-08-15,28.2,25.2,28°C,0.975,"{""34°C or higher"": 0.0005, ""24°C or below"": 0.0005, ""25°C"": 0.0005, ""26°C"": 0.0005, ""27°C"": 0.0005, ""28°C"": 0.975, ""29°C"": 0.03, ""30°C"": 0.005, ""31°C"": 0.0005, ""32°C"": 0.0005, ""33°C"": 0.0005}",gen_d,,-6.3,3.0,f01c2324,3.0,,,28.04,-0.16,2.84,0.975,0.0005,,,,OK,,,,,,,,,,,,,,,,,27.3,27.3,openmeteo_archive_proxy_fallback,27°C,False,,,,
2026-08-15 06:18:13,Guangzhou,2026-08-15,31.4,35.3,31°C,0.0005,"{""29°C or below"": 0.0005, ""30°C"": 0.0005, ""31°C"": 0.0005, ""32°C"": 0.0005, ""33°C"": 0.0005, ""34°C"": 0.31, ""35°C"": 0.62, ""36°C"": 0.08, ""37°C"": 0.015, ""38°C"": 0.0005, ""39°C or higher"": 0.0005}",gen_d,,-6.3,-3.9,f01c2324,3.9,,,34.8,3.4,-0.5,0.0005,0.62,,,,OK,,,,,,,,,,,,,,,,,33.4,33.4,openmeteo_archive_proxy_fallback,33°C,False,,,,
2026-08-15 06:18:13,Shenzhen,2026-08-15,30.3,33.5,30°C,0.0035,"{""33°C"": 0.205, ""31°C"": 0.23, ""32°C"": 0.505, ""36°C"": 0.0015, ""37°C or higher"": 0.0005, ""27°C or below"": 0.0005, ""35°C"": 0.0005, ""29°C"": 0.0025, ""28°C"": 0.0005, ""30°C"": 0.0035, ""34°C"": 0.07}",gen_d,,-6.3,-3.2,f01c2324,3.2,,,32.1,1.8,-1.4,0.0035,0.07,,,,OK,,,,,,,,,,,,,,,,,31.4,31.4,openmeteo_archive_proxy_fallback,31°C,False,,,,
2026-08-15 06:18:13,New York,2026-08-15,28.7,29.4,84-85°F,0.38,"{""75°F or below"": 0.0005, ""76-77°F"": 0.0045, ""78-79°F"": 0.013, ""80-81°F"": 0.105, ""82-83°F"": 0.485, ""84-85°F"": 0.38, ""86-87°F"": 0.055, ""88-89°F"": 0.0105, ""90-91°F"": 0.0015, ""92-93°F"": 0.0005, ""94°F or higher"": 0.0005}",gen_d,,-6.3,-0.7,f01c2324,0.7,,,28.46,-0.24,-0.94,0.38,0.38,,,,OK,,,,,,,,,,,,,,,,29.0,28.7,29.0,noaa_nws,84-85°F,True,,,,
2026-08-15 06:18:13,Chicago,2026-08-15,24.7,25.5,76-77°F,0.074,"{""75°F or below"": 0.017, ""76-77°F"": 0.074, ""78-79°F"": 0.345, ""80-81°F"": 0.435, ""82-83°F"": 0.145, ""84-85°F"": 0.025, ""86-87°F"": 0.0055, ""88-89°F"": 0.0005, ""90-91°F"": 0.0005, ""92-93°F"": 0.0005, ""94°F or higher"": 0.0005}",gen_d,,-6.3,-0.8,f01c2324,0.8,,,26.61,1.91,1.11,0.074,0.345,,,,OK,,,,,,,,,,,,,,,,26.1,27.5,26.1,noaa_nws,78-79°F,False,,,,
2026-08-15 06:18:13,Miami,2026-08-15,32.4,32.8,90-91°F,0.085,"{""79°F or below"": 0.0005, ""80-81°F"": 0.0005, ""82-83°F"": 0.0005, ""84-85°F"": 0.0005, ""86-87°F"": 0.0045, ""88-89°F"": 0.001, ""90-91°F"": 0.085, ""92-93°F"": 0.645, ""94-95°F"": 0.295, ""96-97°F"": 0.0075, ""98°F or higher"": 0.0015}",gen_d,,-6.3,-0.4,f01c2324,0.4,,,33.83,1.43,1.03,0.085,0.085,,,,OK,,,,,,,,,,,,,,,,34.0,33.9,34.0,noaa_nws,92-93°F,False,,,,
2026-08-15 06:18:13,London,2026-08-15,27.5,28.1,28°C,0.285,"{""20°C or below"": 0.0005, ""21°C"": 0.0005, ""22°C"": 0.0005, ""23°C"": 0.0005, ""24°C"": 0.0035, ""25°C"": 0.07, ""26°C"": 0.2, ""27°C"": 0.44, ""28°C"": 0.285, ""29°C"": 0.0195, ""30°C or higher"": 0.004}",gen_d,,-6.3,-0.6,f01c2324,0.6,,,26.98,-0.52,-1.12,0.285,0.285,,,,OK,,,,,,,,,,,,,,,,,27.3,27.3,openmeteo_archive_proxy_fallback,27°C,False,,,,
2026-08-15 06:18:13,Paris,2026-08-15,34.3,34.9,34°C,0.635,"{""30°C or below"": 0.005, ""31°C"": 0.003, ""32°C"": 0.019, ""33°C"": 0.17, ""34°C"": 0.635, ""35°C"": 0.16, ""36°C"": 0.0495, ""37°C"": 0.006, ""38°C"": 0.0005, ""39°C"": 0.0005, ""40°C or higher"": 0.0005}",gen_d,,-6.3,-0.6,f01c2324,0.6,,,34.04,-0.26,-0.86,0.635,0.16,,,,OK,,,,,,,,,,,,,,,,,29.8,29.8,openmeteo_archive_proxy_fallback,30°C or below,False,,,,
2026-08-15 06:18:13,Ankara,2026-08-15,27.7,28.2,28°C,0.02,"{""32°C"": 0.0005, ""33°C or higher"": 0.0005, ""23°C or below"": 0.0005, ""24°C"": 0.0005, ""25°C"": 0.085, ""26°C"": 0.505, ""27°C"": 0.39, ""28°C"": 0.02, ""29°C"": 0.001, ""30°C"": 0.0005, ""31°C"": 0.0005}",gen_d,,-6.3,-0.5,f01c2324,0.5,,,26.36,-1.34,-1.84,0.02,0.02,,,,OK,,,,,,,,,,,,,,,,,26.8,26.8,openmeteo_archive_proxy_fallback,27°C,False,,,,
2026-08-15 06:18:13,Buenos Aires,2026-08-15,14.3,13.2,14°C,0.03,"{""12°C or below"": 0.0005, ""13°C"": 0.0005, ""14°C"": 0.03, ""15°C"": 0.155, ""16°C"": 0.615, ""17°C"": 0.145, ""18°C"": 0.025, ""19°C"": 0.0045, ""20°C"": 0.0005, ""21°C"": 0.0005, ""22°C or higher"": 0.0005}",gen_d,,-6.3,1.1,f01c2324,1.1,,,16.0,1.7,2.8,0.03,0.0005,,,,OK,,,,,,,,,,,,,,,,,15.3,15.3,openmeteo_archive_proxy_fallback,15°C,False,,,,
2026-08-15 06:31:43,Hong Kong,2026-08-15,30.5,31.5,30°C,0.001,"{""27°C or below"": 0.0005, ""28°C"": 0.0015, ""29°C"": 0.0015, ""30°C"": 0.001, ""31°C"": 0.605, ""32°C"": 0.37, ""33°C"": 0.046, ""34°C"": 0.008, ""35°C"": 0.0005, ""36°C"": 0.0005, ""37°C or higher"": 0.0005}",gen_d,,-6.53,-1.0,ce57951a,1.0,,,31.47,0.97,-0.03,0.001,0.37,-0.6,-0.8,,OK,,,,,,,,,,,,,,,,,31.8,31.8,openmeteo_archive_proxy_fallback,32°C,False,,,,
2026-08-15 06:31:43,Tokyo,2026-08-15,28.3,30.5,28°C,0.0005,"{""24°C or below"": 0.0005, ""25°C"": 0.0005, ""26°C"": 0.0005, ""27°C"": 0.0005, ""28°C"": 0.0005, ""29°C"": 0.9945, ""30°C"": 0.0085, ""31°C"": 0.0025, ""32°C"": 0.0005, ""33°C"": 0.0005, ""34°C or higher"": 0.0005}",gen_d,,-6.53,-2.2,ce57951a,2.2,,,29.01,0.71,-1.49,0.0005,0.0085,1.8,0.3,,OK,,,,,,,,,,,,,,,,,28.4,28.4,openmeteo_archive_proxy_fallback,28°C,True,,,,
2026-08-15 06:31:43,Shanghai,2026-08-15,29.5,30.9,30°C,0.0005,"{""25°C or below"": 0.0005, ""26°C"": 0.0005, ""27°C"": 0.0005, ""28°C"": 0.0005, ""29°C"": 0.0005, ""30°C"": 0.0005, ""31°C"": 0.9815, ""32°C"": 0.0175, ""33°C"": 0.0005, ""34°C"": 0.0005, ""35°C or higher"": 0.0005}",gen_d,,-6.53,-1.4,ce57951a,1.4,,,31.01,1.51,0.11,0.0005,0.9815,0.1,2.1,,OK,,,,,,,,,,,,,,,,,30.8,30.8,openmeteo_archive_proxy_fallback,31°C,False,,,,
2026-08-15 06:31:43,Qingdao,2026-08-15,30.9,30.3,31°C,0.715,"{""33°C"": 0.016, ""34°C"": 0.0015, ""35°C or higher"": 0.0005, ""32°C"": 0.28, ""25°C or below"": 0.0005, ""26°C"": 0.0005, ""27°C"": 0.0005, ""28°C"": 0.0005, ""29°C"": 0.0005, ""30°C"": 0.0005, ""31°C"": 0.715}",gen_d,,-6.53,0.6,ce57951a,0.6,,,31.3,0.4,1.0,0.715,0.0005,-1.1,-1.2,,OK,,,,,,,,,,,,,,,,,30.7,30.7,openmeteo_archive_proxy_fallback,31°C,True,,,,
2026-08-15 06:31:43,Seoul,2026-08-15,28.2,25.2,28°C,0.985,"{""34°C or higher"": 0.0005, ""24°C or below"": 0.0005, ""25°C"": 0.0005, ""26°C"": 0.0005, ""27°C"": 0.0005, ""28°C"": 0.985, ""29°C"": 0.025, ""30°C"": 0.002, ""31°C"": 0.0005, ""32°C"": 0.0005, ""33°C"": 0.0005}",gen_d,,-6.53,3.0,ce57951a,3.0,,,28.03,-0.17,2.83,0.985,0.0005,-0.1,-2.6,,OK,,,,,,,,,,,,,,,,,27.3,27.3,openmeteo_archive_proxy_fallback,27°C,False,,,,
2026-08-15 06:31:43,Guangzhou,2026-08-15,31.4,35.3,31°C,0.0005,"{""29°C or below"": 0.0005, ""30°C"": 0.0005, ""31°C"": 0.0005, ""32°C"": 0.0005, ""33°C"": 0.0005, ""34°C"": 0.205, ""35°C"": 0.545, ""36°C"": 0.26, ""37°C"": 0.015, ""38°C"": 0.0005, ""39°C or higher"": 0.0005}",gen_d,,-6.53,-3.9,ce57951a,3.9,,,35.08,3.68,-0.22,0.0005,0.545,-1.6,-1.4,,OK,,,,,,,,,,,,,,,,,33.4,33.4,openmeteo_archive_proxy_fallback,33°C,False,,,,
2026-08-15 06:31:43,Shenzhen,2026-08-15,30.3,33.5,30°C,0.0005,"{""33°C"": 0.23, ""31°C"": 0.05, ""32°C"": 0.565, ""36°C"": 0.0015, ""37°C or higher"": 0.0005, ""27°C or below"": 0.0005, ""35°C"": 0.02, ""29°C"": 0.0005, ""28°C"": 0.0005, ""30°C"": 0.0005, ""34°C"": 0.11}",gen_d,,-6.53,-3.2,ce57951a,3.2,,,32.47,2.17,-1.03,0.0005,0.11,-0.8,-0.8,,OK,,,,,,,,,,,,,,,,,31.4,31.4,openmeteo_archive_proxy_fallback,31°C,False,,,,
2026-08-15 06:31:43,New York,2026-08-15,28.7,29.4,84-85°F,0.37,"{""75°F or below"": 0.0005, ""76-77°F"": 0.0045, ""78-79°F"": 0.013, ""80-81°F"": 0.105, ""82-83°F"": 0.485, ""84-85°F"": 0.37, ""86-87°F"": 0.06, ""88-89°F"": 0.0105, ""90-91°F"": 0.0015, ""92-93°F"": 0.0005, ""94°F or higher"": 0.0005}",gen_d,,-6.53,-0.7,ce57951a,0.7,,,28.47,-0.23,-0.93,0.37,0.37,,,,OK,,,,,,,,,,,,,,,,29.0,28.7,29.0,noaa_nws,84-85°F,True,,,,
2026-08-15 06:31:43,Chicago,2026-08-15,24.7,25.5,76-77°F,0.0745,"{""75°F or below"": 0.017, ""76-77°F"": 0.0745, ""78-79°F"": 0.39, ""80-81°F"": 0.385, ""82-83°F"": 0.145, ""84-85°F"": 0.025, ""86-87°F"": 0.0055, ""88-89°F"": 0.0005, ""90-91°F"": 0.0005, ""92-93°F"": 0.0005, ""94°F or higher"": 0.0005}",gen_d,,-6.53,-0.8,ce57951a,0.8,,,26.56,1.86,1.06,0.0745,0.39,,,,OK,,,,,,,,,,,,,,,,26.1,27.5,26.1,noaa_nws,78-79°F,False,,,,
2026-08-15 06:31:43,Miami,2026-08-15,32.4,32.8,90-91°F,0.08,"{""79°F or below"": 0.0005, ""80-81°F"": 0.0005, ""82-83°F"": 0.0005, ""84-85°F"": 0.0005, ""86-87°F"": 0.0045, ""88-89°F"": 0.001, ""90-91°F"": 0.08, ""92-93°F"": 0.645, ""94-95°F"": 0.295, ""96-97°F"": 0.0075, ""98°F or higher"": 0.0015}",gen_d,,-6.53,-0.4,ce57951a,0.4,,,33.83,1.43,1.03,0.08,0.08,,,,OK,,,,,,,,,,,,,,,,34.0,33.9,34.0,noaa_nws,92-93°F,False,,,,
2026-08-15 06:31:43,London,2026-08-15,27.5,28.1,28°C,0.295,"{""20°C or below"": 0.0005, ""21°C"": 0.0005, ""22°C"": 0.0005, ""23°C"": 0.0005, ""24°C"": 0.0045, ""25°C"": 0.07, ""26°C"": 0.2, ""27°C"": 0.44, ""28°C"": 0.295, ""29°C"": 0.0195, ""30°C or higher"": 0.004}",gen_d,,-6.53,-0.6,ce57951a,0.6,,,26.98,-0.52,-1.12,0.295,0.295,,,,OK,,,,,,,,,,,,,,,,,27.3,27.3,openmeteo_archive_proxy_fallback,27°C,False,,,,
2026-08-15 06:31:43,Paris,2026-08-15,34.3,34.9,34°C,0.425,"{""30°C or below"": 0.0055, ""31°C"": 0.036, ""32°C"": 0.0575, ""33°C"": 0.33, ""34°C"": 0.425, ""35°C"": 0.16, ""36°C"": 0.0445, ""37°C"": 0.0055, ""38°C"": 0.0005, ""39°C"": 0.0005, ""40°C or higher"": 0.0005}",gen_d,,-6.53,-0.6,ce57951a,0.6,,,33.71,-0.59,-1.19,0.425,0.16,,,,OK,,,,,,,,,,,,,,,,,29.8,29.8,openmeteo_archive_proxy_fallback,30°C or below,False,,,,
2026-08-15 06:31:43,Ankara,2026-08-15,27.7,28.2,28°C,0.02,"{""32°C"": 0.0005, ""33°C or higher"": 0.0005, ""23°C or below"": 0.0005, ""24°C"": 0.0015, ""25°C"": 0.085, ""26°C"": 0.515, ""27°C"": 0.375, ""28°C"": 0.02, ""29°C"": 0.001, ""30°C"": 0.0005, ""31°C"": 0.0005}",gen_d,,-6.53,-0.5,ce57951a,0.5,,,26.34,-1.36,-1.86,0.02,0.02,,,,OK,,,,,,,,,,,,,,,,,26.8,26.8,openmeteo_archive_proxy_fallback,27°C,False,,,,
2026-08-15 06:31:43,Buenos Aires,2026-08-15,14.3,13.2,14°C,0.035,"{""12°C or below"": 0.0005, ""13°C"": 0.0005, ""14°C"": 0.035, ""15°C"": 0.165, ""16°C"": 0.635, ""17°C"": 0.145, ""18°C"": 0.025, ""19°C"": 0.0045, ""20°C"": 0.0005, ""21°C"": 0.0005, ""22°C or higher"": 0.0005}",gen_d,,-6.53,1.1,ce57951a,1.1,,,15.98,1.68,2.78,0.035,0.0005,,,,OK,,,,,,,,,,,,,,,,,15.3,15.3,openmeteo_archive_proxy_fallback,15°C,False,,,,
2026-08-15 06:46:14,Hong Kong,2026-08-15,30.5,31.5,30°C,0.0005,"{""27°C or below"": 0.0005, ""28°C"": 0.0005, ""29°C"": 0.0005, ""30°C"": 0.0005, ""31°C"": 0.635, ""32°C"": 0.33, ""33°C"": 0.0145, ""34°C"": 0.006, ""35°C"": 0.0005, ""36°C"": 0.0005, ""37°C or higher"": 0.0005}",gen_d,,-6.77,-1.0,b5fd892d,1.0,,,31.38,0.88,-0.12,0.0005,0.33,-0.6,-0.8,,OK,,,,,,,,,,,,,,,,,31.8,31.8,openmeteo_archive_proxy_fallback,32°C,False,,,,
2026-08-15 06:46:14,Tokyo,2026-08-15,28.3,30.5,28°C,0.0005,"{""24°C or below"": 0.0005, ""25°C"": 0.0005, ""26°C"": 0.0005, ""27°C"": 0.0005, ""28°C"": 0.0005, ""29°C"": 0.9945, ""30°C"": 0.006, ""31°C"": 0.0025, ""32°C"": 0.0005, ""33°C"": 0.0005, ""34°C or higher"": 0.0005}",gen_d,,-6.77,-2.2,b5fd892d,2.2,,,29.01,0.71,-1.49,0.0005,0.006,1.8,0.3,,OK,,,,,,,,,,,,,,,,,28.4,28.4,openmeteo_archive_proxy_fallback,28°C,True,,,,
2026-08-15 06:46:14,Shanghai,2026-08-15,29.5,30.9,30°C,0.0005,"{""25°C or below"": 0.0005, ""26°C"": 0.0005, ""27°C"": 0.0005, ""28°C"": 0.0005, ""29°C"": 0.0005, ""30°C"": 0.0005, ""31°C"": 0.9935, ""32°C"": 0.0065, ""33°C"": 0.0005, ""34°C"": 0.0005, ""35°C or higher"": 0.0005}",gen_d,,-6.77,-1.4,b5fd892d,1.4,,,31.0,1.5,0.1,0.0005,0.9935,0.1,2.1,,OK,,,,,,,,,,,,,,,,,30.8,30.8,openmeteo_archive_proxy_fallback,31°C,False,,,,
2026-08-15 06:46:14,Qingdao,2026-08-15,30.9,30.3,31°C,0.82,"{""33°C"": 0.0155, ""34°C"": 0.0015, ""35°C or higher"": 0.0005, ""32°C"": 0.19, ""25°C or below"": 0.0005, ""26°C"": 0.0005, ""27°C"": 0.0005, ""28°C"": 0.0005, ""29°C"": 0.0005, ""30°C"": 0.0005, ""31°C"": 0.82}",gen_d,,-6.77,0.6,b5fd892d,0.6,,,31.21,0.31,0.91,0.82,0.0005,-1.1,-1.2,,OK,,,,,,,,,,,,,,,,,30.7,30.7,openmeteo_archive_proxy_fallback,31°C,True,,,,
2026-08-15 06:46:14,Seoul,2026-08-15,28.2,25.2,28°C,0.975,"{""34°C or higher"": 0.0005, ""24°C or below"": 0.0005, ""25°C"": 0.0005, ""26°C"": 0.0005, ""27°C"": 0.0005, ""28°C"": 0.975, ""29°C"": 0.015, ""30°C"": 0.004, ""31°C"": 0.0005, ""32°C"": 0.0005, ""33°C"": 0.0005}",gen_d,,-6.77,3.0,b5fd892d,3.0,,,28.03,-0.17,2.83,0.975,0.0005,-0.1,-2.6,,OK,,,,,,,,,,,,,,,,,27.3,27.3,openmeteo_archive_proxy_fallback,27°C,False,,,,
2026-08-15 06:46:14,Guangzhou,2026-08-15,31.4,35.3,31°C,0.0005,"{""29°C or below"": 0.0005, ""30°C"": 0.0005, ""31°C"": 0.0005, ""32°C"": 0.0005, ""33°C"": 0.0005, ""34°C"": 0.205, ""35°C"": 0.56, ""36°C"": 0.25, ""37°C"": 0.015, ""38°C"": 0.0005, ""39°C or higher"": 0.0005}",gen_d,,-6.77,-3.9,b5fd892d,3.9,,,35.07,3.67,-0.23,0.0005,0.56,-1.6,-1.4,,OK,,,,,,,,,,,,,,,,,33.4,33.4,openmeteo_archive_proxy_fallback,33°C,False,,,,
2026-08-15 06:46:14,Shenzhen,2026-08-15,30.3,33.5,30°C,0.0005,"{""33°C"": 0.285, ""31°C"": 0.07, ""32°C"": 0.61, ""36°C"": 0.0005, ""37°C or higher"": 0.0005, ""27°C or below"": 0.0005, ""35°C"": 0.02, ""29°C"": 0.0005, ""28°C"": 0.0005, ""30°C"": 0.0005, ""34°C"": 0.085}",gen_d,,-6.77,-3.2,b5fd892d,3.2,,,32.41,2.11,-1.09,0.0005,0.085,-0.8,-0.8,,OK,,,,,,,,,,,,,,,,,31.4,31.4,openmeteo_archive_proxy_fallback,31°C,False,,,,
2026-08-15 06:46:14,New York,2026-08-15,28.7,29.4,84-85°F,0.345,"{""75°F or below"": 0.0005, ""76-77°F"": 0.0045, ""78-79°F"": 0.013, ""80-81°F"": 0.09, ""82-83°F"": 0.515, ""84-85°F"": 0.345, ""86-87°F"": 0.06, ""88-89°F"": 0.01, ""90-91°F"": 0.0015, ""92-93°F"": 0.0005, ""94°F or higher"": 0.0005}",gen_d,,-6.77,-0.7,b5fd892d,0.7,,,28.46,-0.24,-0.94,0.345,0.345,,,,OK,,,,,,,,,,,,,,,,29.0,28.7,29.0,noaa_nws,84-85°F,True,,,,
2026-08-15 06:46:14,Chicago,2026-08-15,24.7,25.5,76-77°F,0.064,"{""75°F or below"": 0.017, ""76-77°F"": 0.064, ""78-79°F"": 0.395, ""80-81°F"": 0.35, ""82-83°F"": 0.145, ""84-85°F"": 0.025, ""86-87°F"": 0.0055, ""88-89°F"": 0.0005, ""90-91°F"": 0.0005, ""92-93°F"": 0.0005, ""94°F or higher"": 0.0005}",gen_d,,-6.77,-0.8,b5fd892d,0.8,,,26.56,1.86,1.06,0.064,0.395,,,,OK,,,,,,,,,,,,,,,,26.1,27.5,26.1,noaa_nws,78-79°F,False,,,,
2026-08-15 06:46:14,Miami,2026-08-15,32.4,32.8,90-91°F,0.07,"{""79°F or below"": 0.0005, ""80-81°F"": 0.0005, ""82-83°F"": 0.0005, ""84-85°F"": 0.0005, ""86-87°F"": 0.0045, ""88-89°F"": 0.001, ""90-91°F"": 0.07, ""92-93°F"": 0.645, ""94-95°F"": 0.305, ""96-97°F"": 0.01, ""98°F or higher"": 0.0015}",gen_d,,-6.77,-0.4,b5fd892d,0.4,,,33.86,1.46,1.06,0.07,0.07,,,,OK,,,,,,,,,,,,,,,,34.0,33.9,34.0,noaa_nws,92-93°F,False,,,,
2026-08-15 06:46:14,London,2026-08-15,27.5,28.1,28°C,0.26,"{""20°C or below"": 0.0005, ""21°C"": 0.0005, ""22°C"": 0.0005, ""23°C"": 0.0005, ""24°C"": 0.0035, ""25°C"": 0.07, ""26°C"": 0.205, ""27°C"": 0.44, ""28°C"": 0.26, ""29°C"": 0.0195, ""30°C or higher"": 0.004}",gen_d,,-6.77,-0.6,b5fd892d,0.6,,,26.95,-0.55,-1.15,0.26,0.26,,,,OK,,,,,,,,,,,,,,,,,27.3,27.3,openmeteo_archive_proxy_fallback,27°C,False,,,,
2026-08-15 06:46:14,Paris,2026-08-15,34.3,34.9,34°C,0.435,"{""30°C or below"": 0.0055, ""31°C"": 0.0115, ""32°C"": 0.054, ""33°C"": 0.39, ""34°C"": 0.435, ""35°C"": 0.125, ""36°C"": 0.0365, ""37°C"": 0.0055, ""38°C"": 0.0005, ""39°C"": 0.0005, ""40°C or higher"": 0.0005}",gen_d,,-6.77,-0.6,b5fd892d,0.6,,,33.69,-0.61,-1.21,0.435,0.125,,,,OK,,,,,,,,,,,,,,,,,29.8,29.8,openmeteo_archive_proxy_fallback,30°C or below,False,,,,
2026-08-15 06:46:14,Ankara,2026-08-15,27.7,28.2,28°C,0.03,"{""32°C"": 0.0005, ""33°C or higher"": 0.0005, ""23°C or below"": 0.0005, ""24°C"": 0.0015, ""25°C"": 0.085, ""26°C"": 0.535, ""27°C"": 0.375, ""28°C"": 0.03, ""29°C"": 0.0005, ""30°C"": 0.0005, ""31°C"": 0.0005}",gen_d,,-6.77,-0.5,b5fd892d,0.5,,,26.35,-1.35,-1.85,0.03,0.03,,,,OK,,,,,,,,,,,,,,,,,26.8,26.8,openmeteo_archive_proxy_fallback,27°C,False,,,,
2026-08-15 06:46:14,Buenos Aires,2026-08-15,14.3,13.2,14°C,0.03,"{""12°C or below"": 0.0005, ""13°C"": 0.0005, ""14°C"": 0.03, ""15°C"": 0.165, ""16°C"": 0.635, ""17°C"": 0.145, ""18°C"": 0.025, ""19°C"": 0.0045, ""20°C"": 0.0005, ""21°C"": 0.0005, ""22°C or higher"": 0.0005}",gen_d,,-6.77,1.1,b5fd892d,1.1,,,15.99,1.69,2.79,0.03,0.0005,,,,OK,,,,,,,,,,,,,,,,,15.3,15.3,openmeteo_archive_proxy_fallback,15°C,False,,,,
2026-08-15 07:21:27,Hong Kong,2026-08-15,30.5,31.5,30°C,0.0005,"{""27°C or below"": 0.0005, ""28°C"": 0.0005, ""29°C"": 0.0005, ""30°C"": 0.0005, ""31°C"": 0.955, ""32°C"": 0.045, ""33°C"": 0.0065, ""34°C"": 0.0025, ""35°C"": 0.0005, ""36°C"": 0.0005, ""37°C or higher"": 0.0005}",gen_d,,-7.36,-1.0,4da700e6,1.0,,,31.07,0.57,-0.43,0.0005,0.045,-0.6,-0.8,,OK,,,,,,,,,,,,,,,,,31.8,31.8,openmeteo_archive_proxy_fallback,32°C,False,,,,
2026-08-15 07:21:27,Tokyo,2026-08-15,28.3,30.5,28°C,0.0005,"{""24°C or below"": 0.0005, ""25°C"": 0.0005, ""26°C"": 0.0005, ""27°C"": 0.0005, ""28°C"": 0.0005, ""29°C"": 0.996, ""30°C"": 0.004, ""31°C"": 0.0025, ""32°C"": 0.0005, ""33°C"": 0.0005, ""34°C or higher"": 0.0005}",gen_d,,-7.36,-2.2,4da700e6,2.2,,,29.01,0.71,-1.49,0.0005,0.004,1.8,0.3,,OK,,,,,,,,,,,,,,,,,28.4,28.4,openmeteo_archive_proxy_fallback,28°C,True,,,,
2026-08-15 07:21:27,Shanghai,2026-08-15,29.5,30.9,30°C,0.0005,"{""25°C or below"": 0.0005, ""26°C"": 0.0005, ""27°C"": 0.0005, ""28°C"": 0.0005, ""29°C"": 0.0005, ""30°C"": 0.0005, ""31°C"": 0.9965, ""32°C"": 0.0035, ""33°C"": 0.0005, ""34°C"": 0.0005, ""35°C or higher"": 0.0005}",gen_d,,-7.36,-1.4,4da700e6,1.4,,,31.0,1.5,0.1,0.0005,0.9965,0.1,2.1,,OK,,,,,,,,,,,,,,,,,30.8,30.8,openmeteo_archive_proxy_fallback,31°C,False,,,,
2026-08-15 07:21:27,Qingdao,2026-08-15,30.9,30.3,31°C,0.98,"{""33°C"": 0.0055, ""34°C"": 0.0005, ""35°C or higher"": 0.0005, ""32°C"": 0.015, ""25°C or below"": 0.0005, ""26°C"": 0.0005, ""27°C"": 0.0005, ""28°C"": 0.0005, ""29°C"": 0.0005, ""30°C"": 0.0005, ""31°C"": 0.98}",gen_d,,-7.36,0.6,4da700e6,0.6,,,31.02,0.12,0.72,0.98,0.0005,-1.1,-1.2,,OK,,,,,,,,,,,,,,,,,30.7,30.7,openmeteo_archive_proxy_fallback,31°C,True,,,,
2026-08-15 07:21:27,Seoul,2026-08-15,28.2,25.2,28°C,0.995,"{""34°C or higher"": 0.0005, ""24°C or below"": 0.0005, ""25°C"": 0.0005, ""26°C"": 0.0005, ""27°C"": 0.0005, ""28°C"": 0.995, ""29°C"": 0.005, ""30°C"": 0.004, ""31°C"": 0.0005, ""32°C"": 0.0005, ""33°C"": 0.0005}",gen_d,,-7.36,3.0,4da700e6,3.0,,,28.02,-0.18,2.82,0.995,0.0005,-0.1,-2.6,,OK,,,,,,,,,,,,,,,,,27.3,27.3,openmeteo_archive_proxy_fallback,27°C,False,,,,
2026-08-15 07:21:27,Guangzhou,2026-08-15,31.4,35.3,31°C,0.0005,"{""29°C or below"": 0.0005, ""30°C"": 0.0005, ""31°C"": 0.0005, ""32°C"": 0.0005, ""33°C"": 0.0005, ""34°C"": 0.0005, ""35°C"": 0.885, ""36°C"": 0.115, ""37°C"": 0.0055, ""38°C"": 0.0005, ""39°C or higher"": 0.0005}",gen_d,,-7.36,-3.9,4da700e6,3.9,,,35.12,3.72,-0.18,0.0005,0.885,-1.6,-1.4,,OK,,,,,,,,,,,,,,,,,33.4,33.4,openmeteo_archive_proxy_fallback,33°C,False,,,,
2026-08-15 07:21:27,Shenzhen,2026-08-15,30.3,33.5,30°C,0.0005,"{""33°C"": 0.08, ""31°C"": 0.004, ""32°C"": 0.865, ""36°C"": 0.0005, ""37°C or higher"": 0.0005, ""27°C or below"": 0.0005, ""35°C"": 0.0025, ""29°C"": 0.0005, ""28°C"": 0.0005, ""30°C"": 0.0005, ""34°C"": 0.045}",gen_d,,-7.36,-3.2,4da700e6,3.2,,,32.17,1.87,-1.33,0.0005,0.045,-0.8,-0.8,,OK,,,,,,,,,,,,,,,,,31.4,31.4,openmeteo_archive_proxy_fallback,31°C,False,,,,
2026-08-15 07:21:27,New York,2026-08-15,28.7,29.1,84-85°F,0.355,"{""75°F or below"": 0.0005, ""76-77°F"": 0.0045, ""78-79°F"": 0.0125, ""80-81°F"": 0.08, ""82-83°F"": 0.515, ""84-85°F"": 0.355, ""86-87°F"": 0.06, ""88-89°F"": 0.01, ""90-91°F"": 0.0015, ""92-93°F"": 0.0005, ""94°F or higher"": 0.0005}",gen_d,,-7.36,-0.4,4da700e6,0.4,,,28.48,-0.22,-0.62,0.355,0.355,,,,OK,,,,,,,,,,,,,,,,29.0,28.7,29.0,noaa_nws,84-85°F,True,,,,
2026-08-15 07:21:27,Chicago,2026-08-15,24.7,25.7,76-77°F,0.068,"{""75°F or below"": 0.019, ""76-77°F"": 0.068, ""78-79°F"": 0.415, ""80-81°F"": 0.355, ""82-83°F"": 0.155, ""84-85°F"": 0.025, ""86-87°F"": 0.0055, ""88-89°F"": 0.0005, ""90-91°F"": 0.0005, ""92-93°F"": 0.0005, ""94°F or higher"": 0.0005}",gen_d,,-7.36,-1.0,4da700e6,1.0,,,26.54,1.84,0.84,0.068,0.415,,,,OK,,,,,,,,,,,,,,,,26.1,27.5,26.1,noaa_nws,78-79°F,False,,,,
2026-08-15 07:21:27,Miami,2026-08-15,32.4,32.8,90-91°F,0.065,"{""79°F or below"": 0.0005, ""80-81°F"": 0.0005, ""82-83°F"": 0.0005, ""84-85°F"": 0.0005, ""86-87°F"": 0.0045, ""88-89°F"": 0.001, ""90-91°F"": 0.065, ""92-93°F"": 0.625, ""94-95°F"": 0.305, ""96-97°F"": 0.01, ""98°F or higher"": 0.0015}",gen_d,,-7.36,-0.4,4da700e6,0.4,,,33.87,1.47,1.07,0.065,0.065,,,,OK,,,,,,,,,,,,,,,,34.0,33.9,34.0,noaa_nws,92-93°F,False,,,,
2026-08-15 07:21:27,London,2026-08-15,27.5,28.1,28°C,0.24,"{""20°C or below"": 0.0005, ""21°C"": 0.0005, ""22°C"": 0.0005, ""23°C"": 0.0005, ""24°C"": 0.006, ""25°C"": 0.1, ""26°C"": 0.255, ""27°C"": 0.44, ""28°C"": 0.24, ""29°C"": 0.017, ""30°C or higher"": 0.007}",gen_d,,-7.36,-0.6,4da700e6,0.6,,,26.83,-0.67,-1.27,0.24,0.24,,,,OK,,,,,,,,,,,,,,,,,27.3,27.3,openmeteo_archive_proxy_fallback,27°C,False,,,,
2026-08-15 07:21:27,Paris,2026-08-15,34.3,34.9,34°C,0.345,"{""30°C or below"": 0.0075, ""31°C"": 0.034, ""32°C"": 0.1195, ""33°C"": 0.43, ""34°C"": 0.345, ""35°C"": 0.07, ""36°C"": 0.0325, ""37°C"": 0.005, ""38°C"": 0.0005, ""39°C"": 0.0005, ""40°C or higher"": 0.0005}",gen_d,,-7.36,-0.6,4da700e6,0.6,,,33.38,-0.92,-1.52,0.345,0.07,,,,OK,,,,,,,,,,,,,,,,,29.8,29.8,openmeteo_archive_proxy_fallback,30°C or below,False,,,,
2026-08-15 07:21:27,Ankara,2026-08-15,27.7,28.2,28°C,0.06,"{""32°C"": 0.0005, ""33°C or higher"": 0.0005, ""23°C or below"": 0.0005, ""24°C"": 0.0005, ""25°C"": 0.065, ""26°C"": 0.355, ""27°C"": 0.53, ""28°C"": 0.06, ""29°C"": 0.0015, ""30°C"": 0.0005, ""31°C"": 0.0005}",gen_d,,-7.36,-0.5,4da700e6,0.5,,,26.59,-1.11,-1.61,0.06,0.06,,,,OK,,,,,,,,,,,,,,,,,26.8,26.8,openmeteo_archive_proxy_fallback,27°C,False,,,,
2026-08-15 07:21:27,Buenos Aires,2026-08-15,14.3,13.2,14°C,0.03,"{""12°C or below"": 0.0005, ""13°C"": 0.0005, ""14°C"": 0.03, ""15°C"": 0.175, ""16°C"": 0.645, ""17°C"": 0.145, ""18°C"": 0.025, ""19°C"": 0.0045, ""20°C"": 0.0005, ""21°C"": 0.0005, ""22°C or higher"": 0.0005}",gen_d,,-7.36,1.1,4da700e6,1.1,,,15.98,1.68,2.78,0.03,0.0005,,,,OK,,,,,,,,,,,,,,,,,15.3,15.3,openmeteo_archive_proxy_fallback,15°C,False,,,,
2026-08-15 07:56:22,Hong Kong,2026-08-15,30.7,31.5,31°C,0.985,"{""27°C or below"": 0.0005, ""28°C"": 0.0005, ""29°C"": 0.0005, ""30°C"": 0.0005, ""31°C"": 0.985, ""32°C"": 0.015, ""33°C"": 0.0035, ""34°C"": 0.0015, ""35°C"": 0.0005, ""36°C"": 0.0005, ""37°C or higher"": 0.0005}",gen_d,,-7.94,-0.8,c44c5d47,0.8,,,31.03,0.33,-0.47,0.985,0.015,-0.4,-0.8,,OK,,,,,,,,,,,,,,,,,31.8,31.8,openmeteo_archive_proxy_fallback,32°C,False,,,,
2026-08-15 07:56:22,Tokyo,2026-08-15,28.5,30.5,28°C,0.0005,"{""24°C or below"": 0.0005, ""25°C"": 0.0005, ""26°C"": 0.0005, ""27°C"": 0.0005, ""28°C"": 0.0005, ""29°C"": 0.9995, ""30°C"": 0.0005, ""31°C"": 0.001, ""32°C"": 0.0005, ""33°C"": 0.0005, ""34°C or higher"": 0.0005}",gen_d,,-7.94,-2.0,c44c5d47,2.0,,,29.0,0.5,-1.5,0.0005,0.0005,2.0,0.3,,OK,,,,,,,,,,,,,,,,,28.4,28.4,openmeteo_archive_proxy_fallback,28°C,True,,,,
2026-08-15 07:56:22,Shanghai,2026-08-15,30.7,30.9,31°C,0.995,"{""25°C or below"": 0.0005, ""26°C"": 0.0005, ""27°C"": 0.0005, ""28°C"": 0.0005, ""29°C"": 0.0005, ""30°C"": 0.0005, ""31°C"": 0.995, ""32°C"": 0.003, ""33°C"": 0.0005, ""34°C"": 0.0005, ""35°C or higher"": 0.0005}",gen_d,,-7.94,-0.2,c44c5d47,0.2,,,31.0,0.3,0.1,0.995,0.995,1.3,2.1,,OK,,,,,,,,,,,,,,,,,30.8,30.8,openmeteo_archive_proxy_fallback,31°C,True,,,,
2026-08-15 07:56:22,Qingdao,2026-08-15,31.1,30.3,31°C,0.98,"{""33°C"": 0.0025, ""34°C"": 0.0005, ""35°C or higher"": 0.0005, ""32°C"": 0.025, ""25°C or below"": 0.0005, ""26°C"": 0.0005, ""27°C"": 0.0005, ""28°C"": 0.0005, ""29°C"": 0.0005, ""30°C"": 0.0005, ""31°C"": 0.98}",gen_d,,-7.94,0.8,c44c5d47,0.8,,,31.02,-0.08,0.72,0.98,0.0005,-0.9,-1.2,,OK,,,,,,,,,,,,,,,,,30.7,30.7,openmeteo_archive_proxy_fallback,31°C,True,,,,
2026-08-15 07:56:22,Seoul,2026-08-15,28.2,25.2,28°C,0.9905,"{""34°C or higher"": 0.0005, ""24°C or below"": 0.0005, ""25°C"": 0.0005, ""26°C"": 0.0005, ""27°C"": 0.0005, ""28°C"": 0.9905, ""29°C"": 0.0065, ""30°C"": 0.0005, ""31°C"": 0.0005, ""32°C"": 0.0005, ""33°C"": 0.0005}",gen_d,,-7.94,3.0,c44c5d47,3.0,,,28.01,-0.19,2.81,0.9905,0.0005,-0.1,-2.6,,OK,,,,,,,,,,,,,,,,,27.3,27.3,openmeteo_archive_proxy_fallback,27°C,False,,,,
2026-08-15 07:56:22,Guangzhou,2026-08-15,32.8,35.3,33°C,0.0005,"{""29°C or below"": 0.0005, ""30°C"": 0.0005, ""31°C"": 0.0005, ""32°C"": 0.0005, ""33°C"": 0.0005, ""34°C"": 0.0005, ""35°C"": 0.94, ""36°C"": 0.06, ""37°C"": 0.0055, ""38°C"": 0.0005, ""39°C or higher"": 0.0005}",gen_d,,-7.94,-2.5,c44c5d47,2.5,,,35.06,2.26,-0.24,0.0005,0.94,-0.2,-1.4,,OK,,,,,,,,,,,,,,,,,33.4,33.4,openmeteo_archive_proxy_fallback,33°C,True,,,,
2026-08-15 07:56:22,Shenzhen,2026-08-15,31.2,33.5,31°C,0.0005,"{""33°C"": 0.105, ""31°C"": 0.0005, ""32°C"": 0.875, ""36°C"": 0.0005, ""37°C or higher"": 0.0005, ""27°C or below"": 0.0005, ""35°C"": 0.002, ""29°C"": 0.0005, ""28°C"": 0.0005, ""30°C"": 0.0005, ""34°C"": 0.025}",gen_d,,-7.94,-2.3,c44c5d47,2.3,,,32.16,0.96,-1.34,0.0005,0.025,0.1,-0.8,,OK,,,,,,,,,,,,,,,,,31.4,31.4,openmeteo_archive_proxy_fallback,31°C,True,,,,
2026-08-15 07:56:22,New York,2026-08-15,28.6,29.1,82-83°F,0.525,"{""75°F or below"": 0.0005, ""76-77°F"": 0.0045, ""78-79°F"": 0.0125, ""80-81°F"": 0.08, ""82-83°F"": 0.525, ""84-85°F"": 0.345, ""86-87°F"": 0.035, ""88-89°F"": 0.011, ""90-91°F"": 0.0015, ""92-93°F"": 0.0005, ""94°F or higher"": 0.0005}",gen_d,,-7.94,-0.5,c44c5d47,0.5,,,28.43,-0.17,-0.67,0.525,0.345,,,,OK,,,,,,,,,,,,,,,,29.0,28.7,29.0,noaa_nws,84-85°F,False,,,,
2026-08-15 07:56:22,Chicago,2026-08-15,26.5,25.7,80-81°F,0.355,"{""75°F or below"": 0.019, ""76-77°F"": 0.063, ""78-79°F"": 0.425, ""80-81°F"": 0.355, ""82-83°F"": 0.145, ""84-85°F"": 0.025, ""86-87°F"": 0.0055, ""88-89°F"": 0.0005, ""90-91°F"": 0.0005, ""92-93°F"": 0.0005, ""94°F or higher"": 0.0005}",gen_d,,-7.94,0.8,c44c5d47,0.8,,,26.53,0.03,0.83,0.355,0.425,,,,OK,,,,,,,,,,,,,,,,26.1,27.5,26.1,noaa_nws,78-79°F,False,,,,
2026-08-15 07:56:22,Miami,2026-08-15,32.9,32.8,90-91°F,0.065,"{""79°F or below"": 0.0005, ""80-81°F"": 0.0005, ""82-83°F"": 0.0005, ""84-85°F"": 0.0005, ""86-87°F"": 0.0045, ""88-89°F"": 0.0015, ""90-91°F"": 0.065, ""92-93°F"": 0.62, ""94-95°F"": 0.305, ""96-97°F"": 0.0105, ""98°F or higher"": 0.002}",gen_d,,-7.94,0.1,c44c5d47,0.1,,,33.87,0.97,1.07,0.065,0.065,,,,OK,,,,,,,,,,,,,,,,34.0,33.9,34.0,noaa_nws,92-93°F,False,,,,
2026-08-15 07:56:22,London,2026-08-15,27.4,28.1,27°C,0.42,"{""20°C or below"": 0.0005, ""21°C"": 0.0005, ""22°C"": 0.0005, ""23°C"": 0.0005, ""24°C"": 0.011, ""25°C"": 0.135, ""26°C"": 0.28, ""27°C"": 0.42, ""28°C"": 0.175, ""29°C"": 0.019, ""30°C or higher"": 0.007}",gen_d,,-7.94,-0.7,c44c5d47,0.7,,,26.66,-0.74,-1.44,0.42,0.175,,,,OK,,,,,,,,,,,,,,,,,27.3,27.3,openmeteo_archive_proxy_fallback,27°C,True,,,,
2026-08-15 07:56:22,Paris,2026-08-15,32.5,34.9,32°C,0.2105,"{""30°C or below"": 0.017, ""31°C"": 0.063, ""32°C"": 0.2105, ""33°C"": 0.43, ""34°C"": 0.255, ""35°C"": 0.065, ""36°C"": 0.0305, ""37°C"": 0.0045, ""38°C"": 0.0005, ""39°C"": 0.0005, ""40°C or higher"": 0.0005}",gen_d,,-7.94,-2.4,c44c5d47,2.4,,,33.1,0.6,-1.8,0.2105,0.065,,,,OK,,,,,,,,,,,,,,,,,29.8,29.8,openmeteo_archive_proxy_fallback,30°C or below,False,,,,
2026-08-15 07:56:22,Ankara,2026-08-15,27.5,28.2,28°C,0.055,"{""32°C"": 0.0005, ""33°C or higher"": 0.0005, ""23°C or below"": 0.0005, ""24°C"": 0.0005, ""25°C"": 0.065, ""26°C"": 0.415, ""27°C"": 0.505, ""28°C"": 0.055, ""29°C"": 0.0015, ""30°C"": 0.0005, ""31°C"": 0.0005}",gen_d,,-7.94,-0.7,c44c5d47,0.7,,,26.54,-0.96,-1.66,0.055,0.055,,,,OK,,,,,,,,,,,,,,,,,26.8,26.8,openmeteo_archive_proxy_fallback,27°C,False,,,,
2026-08-15 07:56:22,Buenos Aires,2026-08-15,14.5,13.2,14°C,0.03,"{""12°C or below"": 0.0005, ""13°C"": 0.0005, ""14°C"": 0.03, ""15°C"": 0.175, ""16°C"": 0.655, ""17°C"": 0.145, ""18°C"": 0.025, ""19°C"": 0.0035, ""20°C"": 0.0005, ""21°C"": 0.0005, ""22°C or higher"": 0.0005}",gen_d,,-7.94,1.3,c44c5d47,1.3,,,15.98,1.48,2.78,0.03,0.0005,,,,OK,,,,,,,,,,,,,,,,,15.3,15.3,openmeteo_archive_proxy_fallback,15°C,False,,,,
2026-08-15 08:14:30,Hong Kong,2026-08-15,30.7,31.5,31°C,0.987,"{""27°C or below"": 0.0005, ""28°C"": 0.0005, ""29°C"": 0.0005, ""30°C"": 0.0005, ""31°C"": 0.987, ""32°C"": 0.0175, ""33°C"": 0.002, ""34°C"": 0.001, ""35°C"": 0.0005, ""36°C"": 0.0005, ""37°C or higher"": 0.0005}",gen_d,,-8.24,-0.8,2f3d749a,0.8,,,31.03,0.33,-0.47,0.987,0.0175,-0.4,-0.8,,OK,,,,,,,,,,,,,,,,,31.8,31.8,openmeteo_archive_proxy_fallback,32°C,False,,,,
2026-08-15 08:14:30,Tokyo,2026-08-15,28.5,30.5,28°C,0.0005,"{""24°C or below"": 0.0005, ""25°C"": 0.0005, ""26°C"": 0.0005, ""27°C"": 0.0005, ""28°C"": 0.0005, ""29°C"": 0.998, ""30°C"": 0.0005, ""31°C"": 0.0005, ""32°C"": 0.0005, ""33°C"": 0.0005, ""34°C or higher"": 0.0005}",gen_d,,-8.24,-2.0,2f3d749a,2.0,,,29.0,0.5,-1.5,0.0005,0.0005,2.0,0.3,,OK,,,,,,,,,,,,,,,,,28.4,28.4,openmeteo_archive_proxy_fallback,28°C,True,,,,
2026-08-15 08:14:30,Shanghai,2026-08-15,30.7,30.9,31°C,0.997,"{""25°C or below"": 0.0005, ""26°C"": 0.0005, ""27°C"": 0.0005, ""28°C"": 0.0005, ""29°C"": 0.0005, ""30°C"": 0.0005, ""31°C"": 0.997, ""32°C"": 0.0025, ""33°C"": 0.0005, ""34°C"": 0.0005, ""35°C or higher"": 0.0005}",gen_d,,-8.24,-0.2,2f3d749a,0.2,,,31.0,0.3,0.1,0.997,0.997,1.3,2.1,,OK,,,,,,,,,,,,,,,,,30.8,30.8,openmeteo_archive_proxy_fallback,31°C,True,,,,
2026-08-15 08:14:30,Qingdao,2026-08-15,31.1,30.3,31°C,0.9855,"{""33°C"": 0.002, ""34°C"": 0.0005, ""35°C or higher"": 0.0005, ""32°C"": 0.0055, ""25°C or below"": 0.0005, ""26°C"": 0.0005, ""27°C"": 0.0005, ""28°C"": 0.0005, ""29°C"": 0.0005, ""30°C"": 0.0005, ""31°C"": 0.9855}",gen_d,,-8.24,0.8,2f3d749a,0.8,,,31.0,-0.1,0.7,0.9855,0.0005,-0.9,-1.2,,OK,,,,,,,,,,,,,,,,,30.7,30.7,openmeteo_archive_proxy_fallback,31°C,True,,,,
2026-08-15 08:14:30,Seoul,2026-08-15,28.2,25.2,28°C,0.997,"{""34°C or higher"": 0.0005, ""24°C or below"": 0.0005, ""25°C"": 0.0005, ""26°C"": 0.0005, ""27°C"": 0.0005, ""28°C"": 0.997, ""29°C"": 0.0035, ""30°C"": 0.0025, ""31°C"": 0.0005, ""32°C"": 0.0005, ""33°C"": 0.0005}",gen_d,,-8.24,3.0,2f3d749a,3.0,,,28.01,-0.19,2.81,0.997,0.0005,-0.1,-2.6,,OK,,,,,,,,,,,,,,,,,27.3,27.3,openmeteo_archive_proxy_fallback,27°C,False,,,,
2026-08-15 08:14:30,Guangzhou,2026-08-15,32.8,35.3,33°C,0.0005,"{""29°C or below"": 0.0005, ""30°C"": 0.0005, ""31°C"": 0.0005, ""32°C"": 0.0005, ""33°C"": 0.0005, ""34°C"": 0.0005, ""35°C"": 0.945, ""36°C"": 0.095, ""37°C"": 0.002, ""38°C"": 0.0005, ""39°C or higher"": 0.0005}",gen_d,,-8.24,-2.5,2f3d749a,2.5,,,35.09,2.29,-0.21,0.0005,0.945,-0.2,-1.4,,OK,,,,,,,,,,,,,,,,,33.4,33.4,openmeteo_archive_proxy_fallback,33°C,True,,,,
2026-08-15 08:14:30,Shenzhen,2026-08-15,31.2,33.5,31°C,0.0005,"{""33°C"": 0.035, ""31°C"": 0.0005, ""32°C"": 0.975, ""36°C"": 0.0005, ""37°C or higher"": 0.0005, ""27°C or below"": 0.0005, ""35°C"": 0.0015, ""29°C"": 0.0005, ""28°C"": 0.0005, ""30°C"": 0.0005, ""34°C"": 0.0055}",gen_d,,-8.24,-2.3,2f3d749a,2.3,,,32.05,0.85,-1.45,0.0005,0.0055,0.1,-0.8,,OK,,,,,,,,,,,,,,,,,31.4,31.4,openmeteo_archive_proxy_fallback,31°C,True,,,,
2026-08-15 08:14:30,New York,2026-08-15,28.6,29.1,82-83°F,0.535,"{""75°F or below"": 0.0005, ""76-77°F"": 0.0045, ""78-79°F"": 0.0125, ""80-81°F"": 0.08, ""82-83°F"": 0.535, ""84-85°F"": 0.35, ""86-87°F"": 0.035, ""88-89°F"": 0.011, ""90-91°F"": 0.0015, ""92-93°F"": 0.0005, ""94°F or higher"": 0.0005}",gen_d,,-8.24,-0.5,2f3d749a,0.5,,,28.43,-0.17,-0.67,0.535,0.35,,,,OK,,,,,,,,,,,,,,,,29.0,28.7,29.0,noaa_nws,84-85°F,False,,,,
2026-08-15 08:14:30,Chicago,2026-08-15,26.5,25.8,80-81°F,0.355,"{""75°F or below"": 0.019, ""76-77°F"": 0.063, ""78-79°F"": 0.425, ""80-81°F"": 0.355, ""82-83°F"": 0.145, ""84-85°F"": 0.025, ""86-87°F"": 0.0055, ""88-89°F"": 0.0005, ""90-91°F"": 0.0005, ""92-93°F"": 0.0005, ""94°F or higher"": 0.0005}",gen_d,,-8.24,0.7,2f3d749a,0.7,,,26.53,0.03,0.73,0.355,0.425,,,,OK,,,,,,,,,,,,,,,,26.1,27.5,26.1,noaa_nws,78-79°F,False,,,,
2026-08-15 08:14:30,Miami,2026-08-15,32.9,32.7,90-91°F,0.09,"{""79°F or below"": 0.0005, ""80-81°F"": 0.0005, ""82-83°F"": 0.0005, ""84-85°F"": 0.0005, ""86-87°F"": 0.0045, ""88-89°F"": 0.0015, ""90-91°F"": 0.09, ""92-93°F"": 0.655, ""94-95°F"": 0.25, ""96-97°F"": 0.0085, ""98°F or higher"": 0.002}",gen_d,,-8.24,0.2,2f3d749a,0.2,,,33.78,0.88,1.08,0.09,0.09,,,,OK,,,,,,,,,,,,,,,,34.0,33.9,34.0,noaa_nws,92-93°F,False,,,,
2026-08-15 08:14:30,London,2026-08-15,27.4,28.1,27°C,0.375,"{""20°C or below"": 0.0005, ""21°C"": 0.0005, ""22°C"": 0.0005, ""23°C"": 0.0005, ""24°C"": 0.0305, ""25°C"": 0.105, ""26°C"": 0.355, ""27°C"": 0.375, ""28°C"": 0.145, ""29°C"": 0.016, ""30°C or higher"": 0.007}",gen_d,,-8.24,-0.7,2f3d749a,0.7,,,26.55,-0.85,-1.55,0.375,0.145,,,,OK,,,,,,,,,,,,,,,,,27.3,27.3,openmeteo_archive_proxy_fallback,27°C,True,,,,
2026-08-15 08:14:30,Paris,2026-08-15,32.5,34.9,32°C,0.198,"{""30°C or below"": 0.017, ""31°C"": 0.057, ""32°C"": 0.198, ""33°C"": 0.44, ""34°C"": 0.285, ""35°C"": 0.045, ""36°C"": 0.0085, ""37°C"": 0.0035, ""38°C"": 0.0005, ""39°C"": 0.0005, ""40°C or higher"": 0.0005}",gen_d,,-8.24,-2.4,2f3d749a,2.4,,,33.05,0.55,-1.85,0.198,0.045,,,,OK,,,,,,,,,,,,,,,,,29.8,29.8,openmeteo_archive_proxy_fallback,30°C or below,False,,,,
2026-08-15 08:14:30,Ankara,2026-08-15,27.5,28.2,28°C,0.05,"{""32°C"": 0.0005, ""33°C or higher"": 0.0005, ""23°C or below"": 0.0005, ""24°C"": 0.0005, ""25°C"": 0.065, ""26°C"": 0.47, ""27°C"": 0.435, ""28°C"": 0.05, ""29°C"": 0.001, ""30°C"": 0.0005, ""31°C"": 0.0005}",gen_d,,-8.24,-0.7,2f3d749a,0.7,,,26.47,-1.03,-1.73,0.05,0.05,,,,OK,,,,,,,,,,,,,,,,,26.8,26.8,openmeteo_archive_proxy_fallback,27°C,False,,,,
2026-08-15 08:14:30,Buenos Aires,2026-08-15,14.5,13.2,14°C,0.025,"{""12°C or below"": 0.0005, ""13°C"": 0.0005, ""14°C"": 0.025, ""15°C"": 0.175, ""16°C"": 0.665, ""17°C"": 0.145, ""18°C"": 0.025, ""19°C"": 0.0045, ""20°C"": 0.0005, ""21°C"": 0.0005, ""22°C or higher"": 0.0005}",gen_d,,-8.24,1.3,2f3d749a,1.3,,,15.99,1.49,2.79,0.025,0.0005,,,,OK,,,,,,,,,,,,,,,,,15.3,15.3,openmeteo_archive_proxy_fallback,15°C,False,,,,
2026-08-15 09:15:27,Hong Kong,2026-08-15,30.7,31.5,31°C,0.9975,"{""27°C or below"": 0.0005, ""28°C"": 0.0005, ""29°C"": 0.0005, ""30°C"": 0.0005, ""31°C"": 0.9975, ""32°C"": 0.0015, ""33°C"": 0.0015, ""34°C"": 0.0005, ""35°C"": 0.0005, ""36°C"": 0.0005, ""37°C or higher"": 0.0005}",2,,-17.26,-0.8,843aacb8,0.8,,,31.01,0.31,-0.49,0.9975,0.0015,-0.4,-0.8,,IMPLIED_TEMP_USED_OPEN_BUCKET_APPROX,True,31°C,32°C,31°C,0.9975,,,,,,,,,,,,31.8,31.8,openmeteo_archive_proxy_fallback,32°C,False,True,,,False
2026-08-15 09:15:27,Tokyo,2026-08-15,28.5,30.5,28°C,0.0005,"{""24°C or below"": 0.0005, ""25°C"": 0.0005, ""26°C"": 0.0005, ""27°C"": 0.0005, ""28°C"": 0.0005, ""29°C"": 0.9995, ""30°C"": 0.0005, ""31°C"": 0.0005, ""32°C"": 0.0005, ""33°C"": 0.0005, ""34°C or higher"": 0.0005}",2,,-18.26,-2.0,843aacb8,2.0,,,29.0,0.5,-1.5,0.0005,0.0005,2.0,0.3,,IMPLIED_TEMP_USED_OPEN_BUCKET_APPROX,True,28°C,30°C,29°C,0.9995,,,,,,,,,,,,28.4,28.4,openmeteo_archive_proxy_fallback,28°C,True,False,,,False
2026-08-15 09:15:27,Shanghai,2026-08-15,30.7,30.9,31°C,0.9985,"{""25°C or below"": 0.0005, ""26°C"": 0.0005, ""27°C"": 0.0005, ""28°C"": 0.0005, ""29°C"": 0.0005, ""30°C"": 0.0005, ""31°C"": 0.9985, ""32°C"": 0.0015, ""33°C"": 0.0005, ""34°C"": 0.0005, ""35°C or higher"": 0.0005}",2,,-17.26,-0.2,843aacb8,0.2,,,31.0,0.3,0.1,0.9985,0.9985,1.3,2.1,,IMPLIED_TEMP_USED_OPEN_BUCKET_APPROX,True,31°C,31°C,31°C,0.9985,,,,,,,,,,,,30.8,30.8,openmeteo_archive_proxy_fallback,31°C,True,True,,,True
2026-08-15 09:15:27,Qingdao,2026-08-15,31.1,30.3,31°C,0.9965,"{""33°C"": 0.0005, ""34°C"": 0.0005, ""35°C or higher"": 0.0005, ""32°C"": 0.0045, ""25°C or below"": 0.0005, ""26°C"": 0.0005, ""27°C"": 0.0005, ""28°C"": 0.0005, ""29°C"": 0.0005, ""30°C"": 0.0005, ""31°C"": 0.9965}",2,,-17.26,0.8,843aacb8,0.8,,,31.0,-0.1,0.7,0.9965,0.0005,-0.9,-1.2,,IMPLIED_TEMP_USED_OPEN_BUCKET_APPROX,True,31°C,30°C,31°C,0.9965,,,,,,,,,,,,30.7,30.7,openmeteo_archive_proxy_fallback,31°C,True,False,,,True
2026-08-15 09:15:27,Seoul,2026-08-15,28.2,25.2,28°C,0.999,"{""34°C or higher"": 0.0005, ""24°C or below"": 0.0005, ""25°C"": 0.0005, ""26°C"": 0.0005, ""27°C"": 0.0005, ""28°C"": 0.999, ""29°C"": 0.0005, ""30°C"": 0.0005, ""31°C"": 0.0005, ""32°C"": 0.0005, ""33°C"": 0.0005}",2,,-18.26,3.0,843aacb8,3.0,,,28.01,-0.19,2.81,0.999,0.0005,-0.1,-2.6,,IMPLIED_TEMP_USED_OPEN_BUCKET_APPROX,True,28°C,25°C,28°C,0.999,,,,,,,,,,,,27.3,27.3,openmeteo_archive_proxy_fallback,27°C,False,False,,,False
2026-08-15 09:15:27,Guangzhou,2026-08-15,32.8,35.3,33°C,0.0005,"{""29°C or below"": 0.0005, ""30°C"": 0.0005, ""31°C"": 0.0005, ""32°C"": 0.0005, ""33°C"": 0.0005, ""34°C"": 0.0005, ""35°C"": 0.9985, ""36°C"": 0.0025, ""37°C"": 0.0005, ""38°C"": 0.0005, ""39°C or higher"": 0.0005}",2,,-17.26,-2.5,843aacb8,2.5,,,35.0,2.2,-0.3,0.0005,0.9985,-0.2,-1.4,,IMPLIED_TEMP_USED_OPEN_BUCKET_APPROX,True,33°C,35°C,35°C,0.9985,,,,,,,,,,,,33.4,33.4,openmeteo_archive_proxy_fallback,33°C,True,False,,,False
2026-08-15 09:15:27,Shenzhen,2026-08-15,31.2,33.5,31°C,0.0005,"{""33°C"": 0.0055, ""31°C"": 0.0005, ""32°C"": 0.995, ""36°C"": 0.0005, ""37°C or higher"": 0.0005, ""27°C or below"": 0.0005, ""35°C"": 0.0005, ""29°C"": 0.0005, ""28°C"": 0.0005, ""30°C"": 0.0005, ""34°C"": 0.0015}",2,,-17.26,-2.3,843aacb8,2.3,,,32.01,0.81,-1.49,0.0005,0.0015,0.1,-0.8,,IMPLIED_TEMP_USED_OPEN_BUCKET_APPROX,True,31°C,34°C,32°C,0.995,,,,,,,,,,,,31.4,31.4,openmeteo_archive_proxy_fallback,31°C,True,False,,,False
2026-08-15 09:15:27,New York,2026-08-15,28.6,28.9,82-83°F,0.535,"{""75°F or below"": 0.0005, ""76-77°F"": 0.0045, ""78-79°F"": 0.016, ""80-81°F"": 0.135, ""82-83°F"": 0.535, ""84-85°F"": 0.305, ""86-87°F"": 0.025, ""88-89°F"": 0.0055, ""90-91°F"": 0.005, ""92-93°F"": 0.0005, ""94°F or higher"": 0.0005}",2,,-5.26,-0.3,843aacb8,0.3,,,28.29,-0.31,-0.61,0.535,0.305,,,,IMPLIED_TEMP_USED_OPEN_BUCKET_APPROX,True,82-83°F,84-85°F,82-83°F,0.535,,,,,,,,,,,29.0,28.7,29.0,noaa_nws,84-85°F,False,True,,,False
2026-08-15 09:15:27,Chicago,2026-08-15,26.5,24.6,80-81°F,0.28,"{""75°F or below"": 0.0195, ""76-77°F"": 0.0585, ""78-79°F"": 0.495, ""80-81°F"": 0.28, ""82-83°F"": 0.145, ""84-85°F"": 0.035, ""86-87°F"": 0.004, ""88-89°F"": 0.0005, ""90-91°F"": 0.0005, ""92-93°F"": 0.0005, ""94°F or higher"": 0.0005}",2,,-4.26,1.9,843aacb8,1.9,,,26.48,-0.02,1.88,0.28,0.0585,,,,IMPLIED_TEMP_USED_OPEN_BUCKET_APPROX,True,80-81°F,76-77°F,78-79°F,0.495,,,,,,,,,,,26.1,27.5,26.1,noaa_nws,78-79°F,False,False,,,True
2026-08-15 09:15:27,Miami,2026-08-15,32.9,32.5,90-91°F,0.09,"{""79°F or below"": 0.0005, ""80-81°F"": 0.0005, ""82-83°F"": 0.0005, ""84-85°F"": 0.0005, ""86-87°F"": 0.0055, ""88-89°F"": 0.0015, ""90-91°F"": 0.09, ""92-93°F"": 0.655, ""94-95°F"": 0.225, ""96-97°F"": 0.0085, ""98°F or higher"": 0.002}",2,,-5.26,0.4,843aacb8,0.4,,,33.76,0.86,1.26,0.09,0.09,,,,IMPLIED_TEMP_USED_OPEN_BUCKET_APPROX,True,90-91°F,90-91°F,92-93°F,0.655,,,,,,,,,,,34.0,33.9,34.0,noaa_nws,92-93°F,False,False,,,True
2026-08-15 09:15:27,London,2026-08-15,27.4,28.1,27°C,0.505,"{""20°C or below"": 0.0005, ""21°C"": 0.0005, ""22°C"": 0.0005, ""23°C"": 0.0005, ""24°C"": 0.016, ""25°C"": 0.055, ""26°C"": 0.33, ""27°C"": 0.505, ""28°C"": 0.11, ""29°C"": 0.014, ""30°C or higher"": 0.0075}",2,,-10.26,-0.7,843aacb8,0.7,,,26.68,-0.72,-1.42,0.505,0.11,,,,IMPLIED_TEMP_USED_OPEN_BUCKET_APPROX,True,27°C,28°C,27°C,0.505,,,,,,,,,,,,27.3,27.3,openmeteo_archive_proxy_fallback,27°C,True,False,,,True
2026-08-15 09:15:27,Paris,2026-08-15,32.5,34.9,32°C,0.2235,"{""30°C or below"": 0.022, ""31°C"": 0.077, ""32°C"": 0.2235, ""33°C"": 0.42, ""34°C"": 0.225, ""35°C"": 0.05, ""36°C"": 0.0135, ""37°C"": 0.002, ""38°C"": 0.0005, ""39°C"": 0.0005, ""40°C or higher"": 0.0005}",2,,-11.26,-2.4,843aacb8,2.4,,,32.93,0.43,-1.97,0.2235,0.05,,,,IMPLIED_TEMP_USED_OPEN_BUCKET_APPROX,True,32°C,35°C,33°C,0.42,,,,,,,,,,,,29.8,29.8,openmeteo_archive_proxy_fallback,30°C or below,False,False,,,False
2026-08-15 09:15:27,Ankara,2026-08-15,27.5,28.2,28°C,0.04,"{""32°C"": 0.0005, ""33°C or higher"": 0.0005, ""23°C or below"": 0.0005, ""24°C"": 0.0005, ""25°C"": 0.06, ""26°C"": 0.69, ""27°C"": 0.235, ""28°C"": 0.04, ""29°C"": 0.001, ""30°C"": 0.0005, ""31°C"": 0.0005}",2,,-12.26,-0.7,843aacb8,0.7,,,26.26,-1.24,-1.94,0.04,0.04,,,,IMPLIED_TEMP_USED_OPEN_BUCKET_APPROX,True,28°C,28°C,26°C,0.69,,,,,,,,,,,,26.8,26.8,openmeteo_archive_proxy_fallback,27°C,False,False,,,False
2026-08-15 09:15:27,Buenos Aires,2026-08-15,14.5,13.2,14°C,0.03,"{""12°C or below"": 0.0005, ""13°C"": 0.0005, ""14°C"": 0.03, ""15°C"": 0.17, ""16°C"": 0.705, ""17°C"": 0.1, ""18°C"": 0.02, ""19°C"": 0.0045, ""20°C"": 0.0005, ""21°C"": 0.0005, ""22°C or higher"": 0.0005}",2,,-6.26,1.3,843aacb8,1.3,,,15.93,1.43,2.73,0.03,0.0005,,,,IMPLIED_TEMP_USED_OPEN_BUCKET_APPROX,True,14°C,13°C,16°C,0.705,,,,,,,,,,,,15.3,15.3,openmeteo_archive_proxy_fallback,15°C,False,False,,,False
2026-08-15 10:11:24,Hong Kong,2026-08-15,30.7,31.5,31°C,0.997,"{""27°C or below"": 0.0005, ""28°C"": 0.0005, ""29°C"": 0.0005, ""30°C"": 0.0005, ""31°C"": 0.997, ""32°C"": 0.002, ""33°C"": 0.0015, ""34°C"": 0.0005, ""35°C"": 0.0005, ""36°C"": 0.0005, ""37°C or higher"": 0.0005}",2,,-18.19,-0.8,af5de56a,0.8,,,31.01,0.31,-0.49,0.997,0.002,0.0,0.0,0.0,IMPLIED_TEMP_USED_OPEN_BUCKET_APPROX,True,31°C,32°C,31°C,0.997,,,,,,,,,,,,31.8,31.8,openmeteo_archive_proxy_fallback,32°C,False,True,,,False
2026-08-15 10:11:24,Tokyo,2026-08-15,28.5,30.5,28°C,0.0005,"{""24°C or below"": 0.0005, ""25°C"": 0.0005, ""26°C"": 0.0005, ""27°C"": 0.0005, ""28°C"": 0.0005, ""29°C"": 0.9995, ""30°C"": 0.0005, ""31°C"": 0.0005, ""32°C"": 0.0005, ""33°C"": 0.0005, ""34°C or higher"": 0.0005}",2,,-19.19,-2.0,af5de56a,2.0,,,29.0,0.5,-1.5,0.0005,0.0005,0.0,0.0,0.0,IMPLIED_TEMP_USED_OPEN_BUCKET_APPROX,True,28°C,30°C,29°C,0.9995,,,,,,,,,,,,28.4,28.4,openmeteo_archive_proxy_fallback,28°C,True,False,,,False
2026-08-15 10:11:24,Shanghai,2026-08-15,30.7,30.9,31°C,0.997,"{""25°C or below"": 0.0005, ""26°C"": 0.0005, ""27°C"": 0.0005, ""28°C"": 0.0005, ""29°C"": 0.0005, ""30°C"": 0.0005, ""31°C"": 0.997, ""32°C"": 0.003, ""33°C"": 0.0005, ""34°C"": 0.0005, ""35°C or higher"": 0.0005}",2,,-18.19,-0.2,af5de56a,0.2,,,31.0,0.3,0.1,0.997,0.997,0.0,0.0,0.0,IMPLIED_TEMP_USED_OPEN_BUCKET_APPROX,True,31°C,31°C,31°C,0.997,,,,,,,,,,,,30.8,30.8,openmeteo_archive_proxy_fallback,31°C,True,True,,,True
2026-08-15 10:11:24,Qingdao,2026-08-15,31.1,30.3,31°C,0.9965,"{""33°C"": 0.0005, ""34°C"": 0.0005, ""35°C or higher"": 0.0005, ""32°C"": 0.0035, ""25°C or below"": 0.0005, ""26°C"": 0.0005, ""27°C"": 0.0005, ""28°C"": 0.0005, ""29°C"": 0.0005, ""30°C"": 0.0005, ""31°C"": 0.9965}",2,,-18.19,0.8,af5de56a,0.8,,,31.0,-0.1,0.7,0.9965,0.0005,0.0,0.0,0.0,IMPLIED_TEMP_USED_OPEN_BUCKET_APPROX,True,31°C,30°C,31°C,0.9965,,,,,,,,,,,,30.7,30.7,openmeteo_archive_proxy_fallback,31°C,True,False,,,True
2026-08-15 10:11:24,Seoul,2026-08-15,28.2,25.2,28°C,0.9995,"{""34°C or higher"": 0.0005, ""24°C or below"": 0.0005, ""25°C"": 0.0005, ""26°C"": 0.0005, ""27°C"": 0.0005, ""28°C"": 0.9995, ""29°C"": 0.0005, ""30°C"": 0.0005, ""31°C"": 0.0005, ""32°C"": 0.0005, ""33°C"": 0.0005}",2,,-19.19,3.0,af5de56a,3.0,,,28.01,-0.19,2.81,0.9995,0.0005,0.0,0.0,0.0,IMPLIED_TEMP_USED_OPEN_BUCKET_APPROX,True,28°C,25°C,28°C,0.9995,,,,,,,,,,,,27.3,27.3,openmeteo_archive_proxy_fallback,27°C,False,False,,,False
2026-08-15 10:11:24,Guangzhou,2026-08-15,32.8,35.3,33°C,0.0005,"{""29°C or below"": 0.0005, ""30°C"": 0.0005, ""31°C"": 0.0005, ""32°C"": 0.0005, ""33°C"": 0.0005, ""34°C"": 0.0005, ""35°C"": 0.997, ""36°C"": 0.0015, ""37°C"": 0.0005, ""38°C"": 0.0005, ""39°C or higher"": 0.0005}",2,,-18.19,-2.5,af5de56a,2.5,,,35.0,2.2,-0.3,0.0005,0.997,0.0,0.0,0.0,IMPLIED_TEMP_USED_OPEN_BUCKET_APPROX,True,33°C,35°C,35°C,0.997,,,,,,,,,,,,33.4,33.4,openmeteo_archive_proxy_fallback,33°C,True,False,,,False
2026-08-15 10:11:24,Shenzhen,2026-08-15,31.2,33.5,31°C,0.0005,"{""33°C"": 0.003, ""31°C"": 0.0005, ""32°C"": 0.997, ""36°C"": 0.0005, ""37°C or higher"": 0.0005, ""27°C or below"": 0.0005, ""35°C"": 0.0005, ""29°C"": 0.0005, ""28°C"": 0.0005, ""30°C"": 0.0005, ""34°C"": 0.0015}",2,,-18.19,-2.3,af5de56a,2.3,,,32.0,0.8,-1.5,0.0005,0.0015,0.0,0.0,-0.01,IMPLIED_TEMP_USED_OPEN_BUCKET_APPROX,True,31°C,34°C,32°C,0.997,,,,,,,,,,,,31.4,31.4,openmeteo_archive_proxy_fallback,31°C,True,False,,,False
2026-08-15 10:11:24,New York,2026-08-15,28.6,29.3,82-83°F,0.53,"{""75°F or below"": 0.0005, ""76-77°F"": 0.004, ""78-79°F"": 0.016, ""80-81°F"": 0.14, ""82-83°F"": 0.53, ""84-85°F"": 0.315, ""86-87°F"": 0.025, ""88-89°F"": 0.0055, ""90-91°F"": 0.0015, ""92-93°F"": 0.0005, ""94°F or higher"": 0.0005}",2,,-6.19,-0.7,af5de56a,0.7,,,28.28,-0.32,-1.02,0.53,0.315,0.0,0.4,-0.01,IMPLIED_TEMP_USED_OPEN_BUCKET_APPROX,True,82-83°F,84-85°F,82-83°F,0.53,,,,,,,,,,,29.0,28.7,29.0,noaa_nws,84-85°F,False,True,,,False
2026-08-15 10:11:24,Chicago,2026-08-15,26.5,26.3,80-81°F,0.28,"{""75°F or below"": 0.0155, ""76-77°F"": 0.053, ""78-79°F"": 0.51, ""80-81°F"": 0.28, ""82-83°F"": 0.145, ""84-85°F"": 0.035, ""86-87°F"": 0.004, ""88-89°F"": 0.0005, ""90-91°F"": 0.0005, ""92-93°F"": 0.0005, ""94°F or higher"": 0.0005}",2,,-5.19,0.2,af5de56a,0.2,,,26.49,-0.01,0.19,0.28,0.51,0.0,1.7,0.01,IMPLIED_TEMP_USED_OPEN_BUCKET_APPROX,True,80-81°F,78-79°F,78-79°F,0.51,,,,,,,,,,,26.1,27.5,26.1,noaa_nws,78-79°F,False,True,,,True
2026-08-15 10:11:24,Miami,2026-08-15,32.9,30.7,90-91°F,0.085,"{""79°F or below"": 0.0005, ""80-81°F"": 0.0005, ""82-83°F"": 0.0005, ""84-85°F"": 0.0005, ""86-87°F"": 0.0055, ""88-89°F"": 0.0015, ""90-91°F"": 0.085, ""92-93°F"": 0.65, ""94-95°F"": 0.22, ""96-97°F"": 0.0085, ""98°F or higher"": 0.002}",2,,-6.19,2.2,af5de56a,2.2,,,33.76,0.86,3.06,0.085,0.0055,0.0,-1.8,0.0,IMPLIED_TEMP_USED_OPEN_BUCKET_APPROX,True,90-91°F,86-87°F,92-93°F,0.65,,,,,,,,,,,34.0,33.9,34.0,noaa_nws,92-93°F,False,False,,,True
2026-08-15 10:11:24,London,2026-08-15,27.4,28.1,27°C,0.495,"{""20°C or below"": 0.0005, ""21°C"": 0.0005, ""22°C"": 0.0005, ""23°C"": 0.0005, ""24°C"": 0.003, ""25°C"": 0.055, ""26°C"": 0.315, ""27°C"": 0.495, ""28°C"": 0.15, ""29°C"": 0.0245, ""30°C or higher"": 0.005}",2,,-11.19,-0.7,af5de56a,0.7,,,26.78,-0.62,-1.32,0.495,0.15,0.0,0.0,0.1,IMPLIED_TEMP_USED_OPEN_BUCKET_APPROX,True,27°C,28°C,27°C,0.495,,,,,,,,,,,,27.3,27.3,openmeteo_archive_proxy_fallback,27°C,True,False,,,True
2026-08-15 10:11:24,Paris,2026-08-15,32.5,34.9,32°C,0.3265,"{""30°C or below"": 0.045, ""31°C"": 0.176, ""32°C"": 0.3265, ""33°C"": 0.145, ""34°C"": 0.185, ""35°C"": 0.03, ""36°C"": 0.0125, ""37°C"": 0.002, ""38°C"": 0.0005, ""39°C"": 0.0005, ""40°C or higher"": 0.0005}",2,,-12.19,-2.4,af5de56a,2.4,,,32.42,-0.08,-2.48,0.3265,0.03,0.0,0.0,-0.51,IMPLIED_TEMP_USED_OPEN_BUCKET_APPROX,True,32°C,35°C,32°C,0.3265,,,,,,,,,,,,29.8,29.8,openmeteo_archive_proxy_fallback,30°C or below,False,False,,,False
2026-08-15 10:11:24,Ankara,2026-08-15,27.5,28.2,28°C,0.04,"{""32°C"": 0.0005, ""33°C or higher"": 0.0005, ""23°C or below"": 0.0005, ""24°C"": 0.005, ""25°C"": 0.07, ""26°C"": 0.68, ""27°C"": 0.21, ""28°C"": 0.04, ""29°C"": 0.001, ""30°C"": 0.0005, ""31°C"": 0.0005}",2,,-13.19,-0.7,af5de56a,0.7,,,26.22,-1.28,-1.98,0.04,0.04,0.0,0.0,-0.04,IMPLIED_TEMP_USED_OPEN_BUCKET_APPROX,True,28°C,28°C,26°C,0.68,,,,,,,,,,,,26.8,26.8,openmeteo_archive_proxy_fallback,27°C,False,False,,,False
2026-08-15 10:11:24,Buenos Aires,2026-08-15,14.5,13.2,14°C,0.03,"{""12°C or below"": 0.0005, ""13°C"": 0.0005, ""14°C"": 0.03, ""15°C"": 0.17, ""16°C"": 0.71, ""17°C"": 0.1, ""18°C"": 0.015, ""19°C"": 0.0045, ""20°C"": 0.0005, ""21°C"": 0.0005, ""22°C or higher"": 0.0005}",2,,-7.19,1.3,af5de56a,1.3,,,15.92,1.42,2.72,0.03,0.0005,0.0,0.0,-0.01,IMPLIED_TEMP_USED_OPEN_BUCKET_APPROX,True,14°C,13°C,16°C,0.71,,,,,,,,,,,,15.3,15.3,openmeteo_archive_proxy_fallback,15°C,False,False,,,False
2026-08-15 11:09:20,Hong Kong,2026-08-15,30.7,31.5,31°C,0.9985,"{""27°C or below"": 0.0005, ""28°C"": 0.0005, ""29°C"": 0.0005, ""30°C"": 0.0005, ""31°C"": 0.9985, ""32°C"": 0.0015, ""33°C"": 0.0015, ""34°C"": 0.0005, ""35°C"": 0.0005, ""36°C"": 0.0005, ""37°C or higher"": 0.0005}",2,,-19.16,-0.8,a0358452,0.8,,,31.01,0.31,-0.49,0.9985,0.0015,0.0,0.0,0.0,IMPLIED_TEMP_USED_OPEN_BUCKET_APPROX,True,31°C,32°C,31°C,0.9985,,,,,,,,,,,,31.8,31.8,openmeteo_archive_proxy_fallback,32°C,False,True,,,False
2026-08-15 11:09:20,Tokyo,2026-08-15,28.5,30.5,28°C,0.0005,"{""24°C or below"": 0.0005, ""25°C"": 0.0005, ""26°C"": 0.0005, ""27°C"": 0.0005, ""28°C"": 0.0005, ""29°C"": 0.9995, ""30°C"": 0.0005, ""31°C"": 0.0005, ""32°C"": 0.0005, ""33°C"": 0.0005, ""34°C or higher"": 0.0005}",2,,-20.16,-2.0,a0358452,2.0,,,29.0,0.5,-1.5,0.0005,0.0005,0.0,0.0,0.0,IMPLIED_TEMP_USED_OPEN_BUCKET_APPROX,True,28°C,30°C,29°C,0.9995,,,,,,,,,,,,28.4,28.4,openmeteo_archive_proxy_fallback,28°C,True,False,,,False
2026-08-15 11:09:20,Shanghai,2026-08-15,30.7,30.9,31°C,0.9995,"{""25°C or below"": 0.0005, ""26°C"": 0.0005, ""27°C"": 0.0005, ""28°C"": 0.0005, ""29°C"": 0.0005, ""30°C"": 0.0005, ""31°C"": 0.9995, ""32°C"": 0.0005, ""33°C"": 0.0005, ""34°C"": 0.0005, ""35°C or higher"": 0.0005}",2,,-19.16,-0.2,a0358452,0.2,,,30.99,0.29,0.09,0.9995,0.9995,0.0,0.0,-0.01,IMPLIED_TEMP_USED_OPEN_BUCKET_APPROX,True,31°C,31°C,31°C,0.9995,,,,,,,,,,,,30.8,30.8,openmeteo_archive_proxy_fallback,31°C,True,True,,,True
2026-08-15 11:09:20,Qingdao,2026-08-15,31.1,30.3,31°C,0.9995,"{""33°C"": 0.0005, ""34°C"": 0.0005, ""35°C or higher"": 0.0005, ""32°C"": 0.0005, ""25°C or below"": 0.0005, ""26°C"": 0.0005, ""27°C"": 0.0005, ""28°C"": 0.0005, ""29°C"": 0.0005, ""30°C"": 0.0005, ""31°C"": 0.9995}",2,,-19.16,0.8,a0358452,0.8,,,30.99,-0.11,0.69,0.9995,0.0005,0.0,0.0,-0.01,IMPLIED_TEMP_USED_OPEN_BUCKET_APPROX,True,31°C,30°C,31°C,0.9995,,,,,,,,,,,,30.7,30.7,openmeteo_archive_proxy_fallback,31°C,True,False,,,True
2026-08-15 11:09:20,Seoul,2026-08-15,28.2,25.2,28°C,0.9995,"{""34°C or higher"": 0.0005, ""24°C or below"": 0.0005, ""25°C"": 0.0005, ""26°C"": 0.0005, ""27°C"": 0.0005, ""28°C"": 0.9995, ""29°C"": 0.0005, ""30°C"": 0.0005, ""31°C"": 0.0005, ""32°C"": 0.0005, ""33°C"": 0.0005}",2,,-20.16,3.0,a0358452,3.0,,,28.01,-0.19,2.81,0.9995,0.0005,0.0,0.0,0.0,IMPLIED_TEMP_USED_OPEN_BUCKET_APPROX,True,28°C,25°C,28°C,0.9995,,,,,,,,,,,,27.3,27.3,openmeteo_archive_proxy_fallback,27°C,False,False,,,False
2026-08-15 11:09:20,Guangzhou,2026-08-15,32.8,35.3,33°C,0.0005,"{""29°C or below"": 0.0005, ""30°C"": 0.0005, ""31°C"": 0.0005, ""32°C"": 0.0005, ""33°C"": 0.0005, ""34°C"": 0.0005, ""35°C"": 0.9995, ""36°C"": 0.0005, ""37°C"": 0.0005, ""38°C"": 0.0005, ""39°C or higher"": 0.0005}",2,,-19.16,-2.5,a0358452,2.5,,,34.99,2.19,-0.31,0.0005,0.9995,0.0,0.0,-0.01,IMPLIED_TEMP_USED_OPEN_BUCKET_APPROX,True,33°C,35°C,35°C,0.9995,,,,,,,,,,,,33.4,33.4,openmeteo_archive_proxy_fallback,33°C,True,False,,,False
2026-08-15 11:09:20,Shenzhen,2026-08-15,31.2,33.5,31°C,0.0005,"{""33°C"": 0.002, ""31°C"": 0.0005, ""32°C"": 0.9975, ""36°C"": 0.0005, ""37°C or higher"": 0.0005, ""27°C or below"": 0.0005, ""35°C"": 0.0005, ""29°C"": 0.0005, ""28°C"": 0.0005, ""30°C"": 0.0005, ""34°C"": 0.002}",2,,-19.16,-2.3,a0358452,2.3,,,32.0,0.8,-1.5,0.0005,0.002,0.0,0.0,0.0,IMPLIED_TEMP_USED_OPEN_BUCKET_APPROX,True,31°C,34°C,32°C,0.9975,,,,,,,,,,,,31.4,31.4,openmeteo_archive_proxy_fallback,31°C,True,False,,,False
2026-08-15 11:09:20,New York,2026-08-15,28.6,29.1,82-83°F,0.545,"{""75°F or below"": 0.0005, ""76-77°F"": 0.004, ""78-79°F"": 0.016, ""80-81°F"": 0.145, ""82-83°F"": 0.545, ""84-85°F"": 0.295, ""86-87°F"": 0.025, ""88-89°F"": 0.0045, ""90-91°F"": 0.0015, ""92-93°F"": 0.0005, ""94°F or higher"": 0.0005}",2,,-7.16,-0.5,a0358452,0.5,,,28.25,-0.35,-0.85,0.545,0.295,0.0,-0.2,-0.03,IMPLIED_TEMP_USED_OPEN_BUCKET_APPROX,True,82-83°F,84-85°F,82-83°F,0.545,,,,,,,,,,,29.0,28.7,29.0,noaa_nws,84-85°F,False,True,,,False
2026-08-15 11:09:20,Chicago,2026-08-15,26.5,25.2,80-81°F,0.375,"{""75°F or below"": 0.015, ""76-77°F"": 0.049, ""78-79°F"": 0.37, ""80-81°F"": 0.375, ""82-83°F"": 0.135, ""84-85°F"": 0.035, ""86-87°F"": 0.004, ""88-89°F"": 0.0005, ""90-91°F"": 0.0005, ""92-93°F"": 0.0005, ""94°F or higher"": 0.0005}",2,,-6.16,1.3,a0358452,1.3,,,26.62,0.12,1.42,0.375,0.049,0.0,-1.1,0.13,IMPLIED_TEMP_USED_OPEN_BUCKET_APPROX,True,80-81°F,76-77°F,80-81°F,0.375,,,,,,,,,,,26.1,27.5,26.1,noaa_nws,78-79°F,False,False,,,False
2026-08-15 11:09:20,Miami,2026-08-15,32.9,32.7,90-91°F,0.12,"{""79°F or below"": 0.0005, ""80-81°F"": 0.0005, ""82-83°F"": 0.0005, ""84-85°F"": 0.0005, ""86-87°F"": 0.0055, ""88-89°F"": 0.0015, ""90-91°F"": 0.12, ""92-93°F"": 0.64, ""94-95°F"": 0.26, ""96-97°F"": 0.0085, ""98°F or higher"": 0.002}",2,,-7.16,0.2,a0358452,0.2,,,33.75,0.85,1.05,0.12,0.12,0.0,2.0,-0.01,IMPLIED_TEMP_USED_OPEN_BUCKET_APPROX,True,90-91°F,90-91°F,92-93°F,0.64,,,,,,,,,,,34.0,33.9,34.0,noaa_nws,92-93°F,False,False,,,True
2026-08-15 11:09:20,London,2026-08-15,27.4,28.1,27°C,0.625,"{""20°C or below"": 0.0005, ""21°C"": 0.0005, ""22°C"": 0.0005, ""23°C"": 0.0005, ""24°C"": 0.0055, ""25°C"": 0.075, ""26°C"": 0.265, ""27°C"": 0.625, ""28°C"": 0.055, ""29°C"": 0.012, ""30°C or higher"": 0.004}",2,,-12.16,-0.7,a0358452,0.7,,,26.66,-0.74,-1.44,0.625,0.055,0.0,0.0,-0.12,IMPLIED_TEMP_USED_OPEN_BUCKET_APPROX,True,27°C,28°C,27°C,0.625,,,,,,,,,,,,27.3,27.3,openmeteo_archive_proxy_fallback,27°C,True,False,,,True
2026-08-15 11:09:20,Paris,2026-08-15,32.5,34.9,32°C,0.392,"{""30°C or below"": 0.044, ""31°C"": 0.2405, ""32°C"": 0.392, ""33°C"": 0.265, ""34°C"": 0.045, ""35°C"": 0.02, ""36°C"": 0.0085, ""37°C"": 0.002, ""38°C"": 0.0005, ""39°C"": 0.0005, ""40°C or higher"": 0.0005}",2,,-13.16,-2.4,a0358452,2.4,,,32.12,-0.38,-2.78,0.392,0.02,0.0,0.0,-0.3,IMPLIED_TEMP_USED_OPEN_BUCKET_APPROX,True,32°C,35°C,32°C,0.392,,,,,,,,,,,,29.8,29.8,openmeteo_archive_proxy_fallback,30°C or below,False,False,,,False
2026-08-15 11:09:20,Ankara,2026-08-15,27.5,28.2,28°C,0.015,"{""32°C"": 0.0005, ""33°C or higher"": 0.0005, ""23°C or below"": 0.0005, ""24°C"": 0.005, ""25°C"": 0.095, ""26°C"": 0.795, ""27°C"": 0.105, ""28°C"": 0.015, ""29°C"": 0.0005, ""30°C"": 0.0005, ""31°C"": 0.0005}",2,,-14.16,-0.7,a0358452,0.7,,,26.04,-1.46,-2.16,0.015,0.015,0.0,0.0,-0.18,IMPLIED_TEMP_USED_OPEN_BUCKET_APPROX,True,28°C,28°C,26°C,0.795,,,,,,,,,,,,26.8,26.8,openmeteo_archive_proxy_fallback,27°C,False,False,,,False
2026-08-15 11:09:20,Buenos Aires,2026-08-15,14.5,13.2,14°C,0.03,"{""12°C or below"": 0.0005, ""13°C"": 0.0005, ""14°C"": 0.03, ""15°C"": 0.155, ""16°C"": 0.71, ""17°C"": 0.115, ""18°C"": 0.015, ""19°C"": 0.006, ""20°C"": 0.0005, ""21°C"": 0.0005, ""22°C or higher"": 0.0005}",2,,-8.16,1.3,a0358452,1.3,,,15.95,1.45,2.75,0.03,0.0005,0.0,0.0,0.03,IMPLIED_TEMP_USED_OPEN_BUCKET_APPROX,True,14°C,13°C,16°C,0.71,,,,,,,,,,,,15.3,15.3,openmeteo_archive_proxy_fallback,15°C,False,False,,,False
2026-08-15 12:15:43,Hong Kong,2026-08-15,30.7,31.5,31°C,0.9985,"{""27°C or below"": 0.0005, ""28°C"": 0.0005, ""29°C"": 0.0005, ""30°C"": 0.0005, ""31°C"": 0.9985, ""32°C"": 0.0015, ""33°C"": 0.0015, ""34°C"": 0.0005, ""35°C"": 0.0005, ""36°C"": 0.0005, ""37°C or higher"": 0.0005}",2,,-20.26,-0.8,12164641,0.8,,,31.01,0.31,-0.49,0.9985,0.0015,0.0,0.0,0.0,IMPLIED_TEMP_USED_OPEN_BUCKET_APPROX,True,31°C,32°C,31°C,0.9985,,,,,,,,,,,,31.8,31.8,openmeteo_archive_proxy_fallback,32°C,False,True,,,False
2026-08-15 12:15:43,Tokyo,2026-08-15,28.5,30.5,28°C,0.0005,"{""24°C or below"": 0.0005, ""25°C"": 0.0005, ""26°C"": 0.0005, ""27°C"": 0.0005, ""28°C"": 0.0005, ""29°C"": 0.9995, ""30°C"": 0.0005, ""31°C"": 0.0005, ""32°C"": 0.0005, ""33°C"": 0.0005, ""34°C or higher"": 0.0005}",2,,-21.26,-2.0,12164641,2.0,,,29.0,0.5,-1.5,0.0005,0.0005,0.0,0.0,0.0,IMPLIED_TEMP_USED_OPEN_BUCKET_APPROX,True,28°C,30°C,29°C,0.9995,,,,,,,,,,,,28.4,28.4,openmeteo_archive_proxy_fallback,28°C,True,False,,,False
2026-08-15 12:15:43,Shanghai,2026-08-15,30.7,30.9,31°C,0.9995,"{""25°C or below"": 0.0005, ""26°C"": 0.0005, ""27°C"": 0.0005, ""28°C"": 0.0005, ""29°C"": 0.0005, ""30°C"": 0.0005, ""31°C"": 0.9995, ""32°C"": 0.0005, ""33°C"": 0.0005, ""34°C"": 0.0005, ""35°C or higher"": 0.0005}",2,,-20.26,-0.2,12164641,0.2,,,30.99,0.29,0.09,0.9995,0.9995,0.0,0.0,0.0,IMPLIED_TEMP_USED_OPEN_BUCKET_APPROX,True,31°C,31°C,31°C,0.9995,,,,,,,,,,,,30.8,30.8,openmeteo_archive_proxy_fallback,31°C,True,True,,,True
2026-08-15 12:15:43,Qingdao,2026-08-15,31.1,30.1,31°C,0.9995,"{""33°C"": 0.0005, ""34°C"": 0.0005, ""35°C or higher"": 0.0005, ""32°C"": 0.0005, ""25°C or below"": 0.0005, ""26°C"": 0.0005, ""27°C"": 0.0005, ""28°C"": 0.0005, ""29°C"": 0.0005, ""30°C"": 0.0005, ""31°C"": 0.9995}",2,,-20.26,1.0,12164641,1.0,,,30.99,-0.11,0.89,0.9995,0.0005,0.0,-0.2,0.0,IMPLIED_TEMP_USED_OPEN_BUCKET_APPROX,True,31°C,30°C,31°C,0.9995,,,,,,,,,,,,30.7,30.7,openmeteo_archive_proxy_fallback,31°C,True,False,,,True
2026-08-15 12:15:43,Seoul,2026-08-15,28.2,25.2,28°C,0.9995,"{""34°C or higher"": 0.0005, ""24°C or below"": 0.0005, ""25°C"": 0.0005, ""26°C"": 0.0005, ""27°C"": 0.0005, ""28°C"": 0.9995, ""29°C"": 0.0005, ""30°C"": 0.0005, ""31°C"": 0.0005, ""32°C"": 0.0005, ""33°C"": 0.0005}",2,,-21.26,3.0,12164641,3.0,,,28.01,-0.19,2.81,0.9995,0.0005,0.0,0.0,0.0,IMPLIED_TEMP_USED_OPEN_BUCKET_APPROX,True,28°C,25°C,28°C,0.9995,,,,,,,,,,,,27.3,27.3,openmeteo_archive_proxy_fallback,27°C,False,False,,,False
2026-08-15 12:15:43,Guangzhou,2026-08-15,32.8,35.3,33°C,0.0005,"{""29°C or below"": 0.0005, ""30°C"": 0.0005, ""31°C"": 0.0005, ""32°C"": 0.0005, ""33°C"": 0.0005, ""34°C"": 0.0005, ""35°C"": 0.9995, ""36°C"": 0.0005, ""37°C"": 0.0005, ""38°C"": 0.0005, ""39°C or higher"": 0.0005}",2,,-20.26,-2.5,12164641,2.5,,,34.99,2.19,-0.31,0.0005,0.9995,0.0,0.0,0.0,IMPLIED_TEMP_USED_OPEN_BUCKET_APPROX,True,33°C,35°C,35°C,0.9995,,,,,,,,,,,,33.4,33.4,openmeteo_archive_proxy_fallback,33°C,True,False,,,False
2026-08-15 12:15:43,Shenzhen,2026-08-15,31.2,33.7,31°C,0.0005,"{""33°C"": 0.0025, ""31°C"": 0.0005, ""32°C"": 0.997, ""36°C"": 0.0005, ""37°C or higher"": 0.0005, ""27°C or below"": 0.0005, ""35°C"": 0.0005, ""29°C"": 0.0005, ""28°C"": 0.0005, ""30°C"": 0.0005, ""34°C"": 0.0005}",2,,-20.26,-2.5,12164641,2.5,,,32.0,0.8,-1.7,0.0005,0.0005,0.0,0.2,0.0,IMPLIED_TEMP_USED_OPEN_BUCKET_APPROX,True,31°C,34°C,32°C,0.997,,,,,,,,,,,,31.4,31.4,openmeteo_archive_proxy_fallback,31°C,True,False,,,False
2026-08-15 12:15:43,New York,2026-08-15,28.6,29.8,82-83°F,0.525,"{""75°F or below"": 0.0005, ""76-77°F"": 0.0005, ""78-79°F"": 0.015, ""80-81°F"": 0.105, ""82-83°F"": 0.525, ""84-85°F"": 0.335, ""86-87°F"": 0.02, ""88-89°F"": 0.003, ""90-91°F"": 0.0015, ""92-93°F"": 0.0005, ""94°F or higher"": 0.0005}",2,,-8.26,-1.2,12164641,1.2,,,28.34,-0.26,-1.46,0.525,0.02,0.0,0.7,0.09,IMPLIED_TEMP_USED_OPEN_BUCKET_APPROX,True,82-83°F,86-87°F,82-83°F,0.525,,,,,,,,,,,29.0,28.7,29.0,noaa_nws,84-85°F,False,False,,,False
2026-08-15 12:15:43,Chicago,2026-08-15,26.5,26.2,80-81°F,0.375,"{""75°F or below"": 0.015, ""76-77°F"": 0.049, ""78-79°F"": 0.37, ""80-81°F"": 0.375, ""82-83°F"": 0.135, ""84-85°F"": 0.035, ""86-87°F"": 0.004, ""88-89°F"": 0.0005, ""90-91°F"": 0.0005, ""92-93°F"": 0.0005, ""94°F or higher"": 0.0005}",2,,-7.26,0.3,12164641,0.3,,,26.62,0.12,0.42,0.375,0.37,0.0,1.0,0.0,IMPLIED_TEMP_USED_OPEN_BUCKET_APPROX,True,80-81°F,78-79°F,80-81°F,0.375,,,,,,,,,,,26.1,27.5,26.1,noaa_nws,78-79°F,False,True,,,False
2026-08-15 12:15:43,Miami,2026-08-15,32.9,32.9,90-91°F,0.13,"{""79°F or below"": 0.0005, ""80-81°F"": 0.0005, ""82-83°F"": 0.0005, ""84-85°F"": 0.0005, ""86-87°F"": 0.0045, ""88-89°F"": 0.0015, ""90-91°F"": 0.13, ""92-93°F"": 0.62, ""94-95°F"": 0.23, ""96-97°F"": 0.0085, ""98°F or higher"": 0.002}",2,,-8.26,0.0,12164641,0.0,,,33.72,0.82,0.82,0.13,0.13,0.0,0.2,-0.03,IMPLIED_TEMP_USED_OPEN_BUCKET_APPROX,True,90-91°F,90-91°F,92-93°F,0.62,,,,,,,,,,,34.0,33.9,34.0,noaa_nws,92-93°F,False,False,,,True
2026-08-15 12:15:43,London,2026-08-15,27.4,28.0,27°C,0.585,"{""20°C or below"": 0.0005, ""21°C"": 0.0005, ""22°C"": 0.0005, ""23°C"": 0.0005, ""24°C"": 0.0005, ""25°C"": 0.045, ""26°C"": 0.345, ""27°C"": 0.585, ""28°C"": 0.055, ""29°C"": 0.0115, ""30°C or higher"": 0.003}",2,,-13.26,-0.6,12164641,0.6,,,26.66,-0.74,-1.34,0.585,0.055,0.0,-0.1,0.0,IMPLIED_TEMP_USED_OPEN_BUCKET_APPROX,True,27°C,28°C,27°C,0.585,,,,,,,,,,,,27.3,27.3,openmeteo_archive_proxy_fallback,27°C,True,False,,,True
2026-08-15 12:15:43,Paris,2026-08-15,32.5,34.6,32°C,0.2215,"{""30°C or below"": 0.3505, ""31°C"": 0.272, ""32°C"": 0.2215, ""33°C"": 0.09, ""34°C"": 0.015, ""35°C"": 0.01, ""36°C"": 0.0055, ""37°C"": 0.002, ""38°C"": 0.001, ""39°C"": 0.0005, ""40°C or higher"": 0.0005}",2,,-14.26,-2.1,12164641,2.1,,,31.02,-1.48,-3.58,0.2215,0.01,0.0,-0.3,-1.1,IMPLIED_TEMP_USED_OPEN_BUCKET_APPROX,True,32°C,35°C,30°C or below,0.3505,,,,,,,,,,,,29.8,29.8,openmeteo_archive_proxy_fallback,30°C or below,False,False,,,True
2026-08-15 12:15:43,Ankara,2026-08-15,27.5,28.0,28°C,0.012,"{""32°C"": 0.0005, ""33°C or higher"": 0.0005, ""23°C or below"": 0.0005, ""24°C"": 0.0005, ""25°C"": 0.12, ""26°C"": 0.79, ""27°C"": 0.085, ""28°C"": 0.012, ""29°C"": 0.0005, ""30°C"": 0.0005, ""31°C"": 0.0005}",2,,-15.26,-0.5,12164641,0.5,,,26.0,-1.5,-2.0,0.012,0.012,0.0,-0.2,-0.04,IMPLIED_TEMP_USED_OPEN_BUCKET_APPROX,True,28°C,28°C,26°C,0.79,,,,,,,,,,,,26.8,26.8,openmeteo_archive_proxy_fallback,27°C,False,False,,,False
2026-08-15 12:15:43,Buenos Aires,2026-08-15,14.5,13.3,14°C,0.04,"{""12°C or below"": 0.0005, ""13°C"": 0.0005, ""14°C"": 0.04, ""15°C"": 0.15, ""16°C"": 0.715, ""17°C"": 0.125, ""18°C"": 0.015, ""19°C"": 0.0035, ""20°C"": 0.0005, ""21°C"": 0.0005, ""22°C or higher"": 0.0005}",2,,-9.26,1.2,12164641,1.2,,,15.94,1.44,2.64,0.04,0.0005,0.0,0.1,-0.01,IMPLIED_TEMP_USED_OPEN_BUCKET_APPROX,True,14°C,13°C,16°C,0.715,,,,,,,,,,,,15.3,15.3,openmeteo_archive_proxy_fallback,15°C,False,False,,,False
2026-08-15 13:22:07,Hong Kong,2026-08-15,31.9,31.5,32°C,0.001,"{""27°C or below"": 0.0005, ""28°C"": 0.0005, ""29°C"": 0.0005, ""30°C"": 0.0005, ""31°C"": 0.9985, ""32°C"": 0.001, ""33°C"": 0.0005, ""34°C"": 0.0005, ""35°C"": 0.0005, ""36°C"": 0.0005, ""37°C or higher"": 0.0005}",2,,-21.37,0.4,4ea5ab94,0.4,,,31.01,-0.89,-0.49,0.001,0.001,1.2,0.0,0.0,IMPLIED_TEMP_USED_OPEN_BUCKET_APPROX,True,32°C,32°C,31°C,0.9985,,,,,,,,,,,,31.8,31.8,openmeteo_archive_proxy_fallback,32°C,True,True,,,False
2026-08-15 13:22:07,Tokyo,2026-08-15,28.4,30.5,28°C,0.0005,"{""24°C or below"": 0.0005, ""25°C"": 0.0005, ""26°C"": 0.0005, ""27°C"": 0.0005, ""28°C"": 0.0005, ""29°C"": 0.9995, ""30°C"": 0.0005, ""31°C"": 0.0005, ""32°C"": 0.0005, ""33°C"": 0.0005, ""34°C or higher"": 0.0005}",2,,-22.37,-2.1,4ea5ab94,2.1,,,29.0,0.6,-1.5,0.0005,0.0005,-0.1,0.0,0.0,IMPLIED_TEMP_USED_OPEN_BUCKET_APPROX,True,28°C,30°C,29°C,0.9995,,,,,,,,,,,,28.4,28.4,openmeteo_archive_proxy_fallback,28°C,True,False,,,False
2026-08-15 13:22:07,Shanghai,2026-08-15,30.7,30.9,31°C,0.9995,"{""25°C or below"": 0.0005, ""26°C"": 0.0005, ""27°C"": 0.0005, ""28°C"": 0.0005, ""29°C"": 0.0005, ""30°C"": 0.0005, ""31°C"": 0.9995, ""32°C"": 0.0005, ""33°C"": 0.0005, ""34°C"": 0.0005, ""35°C or higher"": 0.0005}",2,,-21.37,-0.2,4ea5ab94,0.2,,,30.99,0.29,0.09,0.9995,0.9995,0.0,0.0,0.0,IMPLIED_TEMP_USED_OPEN_BUCKET_APPROX,True,31°C,31°C,31°C,0.9995,,,,,,,,,,,,30.8,30.8,openmeteo_archive_proxy_fallback,31°C,True,True,,,True
2026-08-15 13:22:07,Qingdao,2026-08-15,30.9,30.1,31°C,0.9995,"{""33°C"": 0.0005, ""34°C"": 0.0005, ""35°C or higher"": 0.0005, ""32°C"": 0.0005, ""25°C or below"": 0.0005, ""26°C"": 0.0005, ""27°C"": 0.0005, ""28°C"": 0.0005, ""29°C"": 0.0005, ""30°C"": 0.0005, ""31°C"": 0.9995}",2,,-21.37,0.8,4ea5ab94,0.8,,,30.99,0.09,0.89,0.9995,0.0005,-0.2,0.0,0.0,IMPLIED_TEMP_USED_OPEN_BUCKET_APPROX,True,31°C,30°C,31°C,0.9995,,,,,,,,,,,,30.7,30.7,openmeteo_archive_proxy_fallback,31°C,True,False,,,True
2026-08-15 13:22:07,Seoul,2026-08-15,27.3,25.2,27°C,0.0005,"{""34°C or higher"": 0.0005, ""24°C or below"": 0.0005, ""25°C"": 0.0005, ""26°C"": 0.0005, ""27°C"": 0.0005, ""28°C"": 0.9995, ""29°C"": 0.0005, ""30°C"": 0.0005, ""31°C"": 0.0005, ""32°C"": 0.0005, ""33°C"": 0.0005}",2,,-22.37,2.1,4ea5ab94,2.1,,,28.01,0.71,2.81,0.0005,0.0005,-0.9,0.0,0.0,IMPLIED_TEMP_USED_OPEN_BUCKET_APPROX,True,27°C,25°C,28°C,0.9995,,,,,,,,,,,,27.3,27.3,openmeteo_archive_proxy_fallback,27°C,True,False,,,False
2026-08-15 13:22:07,Guangzhou,2026-08-15,32.9,35.3,33°C,0.0005,"{""29°C or below"": 0.0005, ""30°C"": 0.0005, ""31°C"": 0.0005, ""32°C"": 0.0005, ""33°C"": 0.0005, ""34°C"": 0.0005, ""35°C"": 0.9995, ""36°C"": 0.0005, ""37°C"": 0.0005, ""38°C"": 0.0005, ""39°C or higher"": 0.0005}",2,,-21.37,-2.4,4ea5ab94,2.4,,,34.99,2.09,-0.31,0.0005,0.9995,0.1,0.0,0.0,IMPLIED_TEMP_USED_OPEN_BUCKET_APPROX,True,33°C,35°C,35°C,0.9995,,,,,,,,,,,,33.4,33.4,openmeteo_archive_proxy_fallback,33°C,True,False,,,False
2026-08-15 13:22:07,Shenzhen,2026-08-15,31.8,33.7,32°C,0.999,"{""33°C"": 0.0015, ""31°C"": 0.0005, ""32°C"": 0.999, ""36°C"": 0.0005, ""37°C or higher"": 0.0005, ""27°C or below"": 0.0005, ""35°C"": 0.0005, ""29°C"": 0.0005, ""28°C"": 0.0005, ""30°C"": 0.0005, ""34°C"": 0.0025}",2,,-21.37,-1.9,4ea5ab94,1.9,,,32.0,0.2,-1.7,0.999,0.0025,0.6,0.0,0.0,IMPLIED_TEMP_USED_OPEN_BUCKET_APPROX,True,32°C,34°C,32°C,0.999,,,,,,,,,,,,31.4,31.4,openmeteo_archive_proxy_fallback,31°C,False,False,,,False
2026-08-15 13:22:07,New York,2026-08-15,28.8,29.4,84-85°F,0.27,"{""75°F or below"": 0.0005, ""76-77°F"": 0.0005, ""78-79°F"": 0.016, ""80-81°F"": 0.145, ""82-83°F"": 0.545, ""84-85°F"": 0.27, ""86-87°F"": 0.02, ""88-89°F"": 0.003, ""90-91°F"": 0.0015, ""92-93°F"": 0.0005, ""94°F or higher"": 0.0005}",2,,-9.37,-0.6,4ea5ab94,0.6,,,28.22,-0.58,-1.18,0.27,0.27,0.2,-0.4,-0.12,IMPLIED_TEMP_USED_OPEN_BUCKET_APPROX,True,84-85°F,84-85°F,82-83°F,0.545,,,,,,,,,,,29.0,28.7,29.0,noaa_nws,84-85°F,True,True,,,False
2026-08-15 13:22:07,Chicago,2026-08-15,25.6,25.3,78-79°F,0.365,"{""75°F or below"": 0.0145, ""76-77°F"": 0.0495, ""78-79°F"": 0.365, ""80-81°F"": 0.47, ""82-83°F"": 0.11, ""84-85°F"": 0.025, ""86-87°F"": 0.004, ""88-89°F"": 0.0005, ""90-91°F"": 0.0005, ""92-93°F"": 0.0005, ""94°F or higher"": 0.0005}",2,,-8.37,0.3,4ea5ab94,0.3,,,26.6,1.0,1.3,0.365,0.365,-0.9,-0.9,-0.02,IMPLIED_TEMP_USED_OPEN_BUCKET_APPROX,True,78-79°F,78-79°F,80-81°F,0.47,,,,,,,,,,,26.1,27.5,26.1,noaa_nws,78-79°F,True,True,,,False
2026-08-15 13:22:07,Miami,2026-08-15,32.8,32.8,90-91°F,0.08,"{""79°F or below"": 0.0005, ""80-81°F"": 0.0005, ""82-83°F"": 0.0005, ""84-85°F"": 0.0005, ""86-87°F"": 0.0045, ""88-89°F"": 0.0015, ""90-91°F"": 0.08, ""92-93°F"": 0.67, ""94-95°F"": 0.245, ""96-97°F"": 0.0085, ""98°F or higher"": 0.002}",2,,-9.37,0.0,4ea5ab94,0.0,,,33.79,0.99,0.99,0.08,0.08,-0.1,-0.1,0.07,IMPLIED_TEMP_USED_OPEN_BUCKET_APPROX,True,90-91°F,90-91°F,92-93°F,0.67,,,,,,,,,,,34.0,33.9,34.0,noaa_nws,92-93°F,False,False,,,True
2026-08-15 13:22:07,London,2026-08-15,27.1,28.0,27°C,0.475,"{""20°C or below"": 0.0005, ""21°C"": 0.0005, ""22°C"": 0.0005, ""23°C"": 0.0005, ""24°C"": 0.0005, ""25°C"": 0.04, ""26°C"": 0.43, ""27°C"": 0.475, ""28°C"": 0.025, ""29°C"": 0.0055, ""30°C or higher"": 0.001}",2,,-14.37,-0.9,4ea5ab94,0.9,,,26.51,-0.59,-1.49,0.475,0.025,-0.3,0.0,-0.15,IMPLIED_TEMP_USED_OPEN_BUCKET_APPROX,True,27°C,28°C,27°C,0.475,,,,,,,,,,,,27.3,27.3,openmeteo_archive_proxy_fallback,27°C,True,False,,,True
2026-08-15 13:22:07,Paris,2026-08-15,32.4,34.6,32°C,0.22,"{""30°C or below"": 0.2635, ""31°C"": 0.4955, ""32°C"": 0.22, ""33°C"": 0.07, ""34°C"": 0.015, ""35°C"": 0.0055, ""36°C"": 0.0025, ""37°C"": 0.002, ""38°C"": 0.001, ""39°C"": 0.0005, ""40°C or higher"": 0.0005}",2,,-15.37,-2.2,4ea5ab94,2.2,,,31.07,-1.33,-3.53,0.22,0.0055,-0.1,0.0,0.05,IMPLIED_TEMP_USED_OPEN_BUCKET_APPROX,True,32°C,35°C,31°C,0.4955,,,,,,,,,,,,29.8,29.8,openmeteo_archive_proxy_fallback,30°C or below,False,False,,,False
2026-08-15 13:22:07,Ankara,2026-08-15,27.5,28.0,28°C,0.0105,"{""32°C"": 0.0005, ""33°C or higher"": 0.0005, ""23°C or below"": 0.0005, ""24°C"": 0.0005, ""25°C"": 0.205, ""26°C"": 0.665, ""27°C"": 0.07, ""28°C"": 0.0105, ""29°C"": 0.0005, ""30°C"": 0.0005, ""31°C"": 0.0005}",2,,-16.37,-0.5,4ea5ab94,0.5,,,25.89,-1.61,-2.11,0.0105,0.0105,0.0,0.0,-0.11,IMPLIED_TEMP_USED_OPEN_BUCKET_APPROX,True,28°C,28°C,26°C,0.665,,,,,,,,,,,,26.8,26.8,openmeteo_archive_proxy_fallback,27°C,False,False,,,False
2026-08-15 13:22:07,Buenos Aires,2026-08-15,14.7,13.3,15°C,0.22,"{""12°C or below"": 0.0005, ""13°C"": 0.0005, ""14°C"": 0.04, ""15°C"": 0.22, ""16°C"": 0.65, ""17°C"": 0.12, ""18°C"": 0.015, ""19°C"": 0.0035, ""20°C"": 0.0005, ""21°C"": 0.0005, ""22°C or higher"": 0.0005}",2,,-10.37,1.4,4ea5ab94,1.4,,,15.87,1.17,2.57,0.22,0.0005,0.2,0.0,-0.07,IMPLIED_TEMP_USED_OPEN_BUCKET_APPROX,True,15°C,13°C,16°C,0.65,,,,,,,,,,,,15.3,15.3,openmeteo_archive_proxy_fallback,15°C,True,False,,,False
2026-08-15 14:11:51,Hong Kong,2026-08-15,31.9,31.5,32°C,0.001,"{""27°C or below"": 0.0005, ""28°C"": 0.0005, ""29°C"": 0.0005, ""30°C"": 0.0005, ""31°C"": 0.9985, ""32°C"": 0.001, ""33°C"": 0.001, ""34°C"": 0.0005, ""35°C"": 0.0005, ""36°C"": 0.0005, ""37°C or higher"": 0.0005}",2,,-22.2,0.4,a92e66eb,0.4,,,31.01,-0.89,-0.49,0.001,0.001,0.0,0.0,0.0,IMPLIED_TEMP_USED_OPEN_BUCKET_APPROX,True,32°C,32°C,31°C,0.9985,,,,,,,,,,,,31.8,31.8,openmeteo_archive_proxy_fallback,32°C,True,True,,,False
2026-08-15 14:11:51,Tokyo,2026-08-15,28.4,30.5,28°C,0.0005,"{""24°C or below"": 0.0005, ""25°C"": 0.0005, ""26°C"": 0.0005, ""27°C"": 0.0005, ""28°C"": 0.0005, ""29°C"": 0.9995, ""30°C"": 0.0005, ""31°C"": 0.0005, ""32°C"": 0.0005, ""33°C"": 0.0005, ""34°C or higher"": 0.0005}",2,,-23.2,-2.1,a92e66eb,2.1,,,29.0,0.6,-1.5,0.0005,0.0005,0.0,0.0,0.0,IMPLIED_TEMP_USED_OPEN_BUCKET_APPROX,True,28°C,30°C,29°C,0.9995,,,,,,,,,,,,28.4,28.4,openmeteo_archive_proxy_fallback,28°C,True,False,,,False
2026-08-15 14:11:51,Shanghai,2026-08-15,30.7,30.9,31°C,0.9995,"{""25°C or below"": 0.0005, ""26°C"": 0.0005, ""27°C"": 0.0005, ""28°C"": 0.0005, ""29°C"": 0.0005, ""30°C"": 0.0005, ""31°C"": 0.9995, ""32°C"": 0.0005, ""33°C"": 0.0005, ""34°C"": 0.0005, ""35°C or higher"": 0.0005}",2,,-22.2,-0.2,a92e66eb,0.2,,,30.99,0.29,0.09,0.9995,0.9995,0.0,0.0,0.0,IMPLIED_TEMP_USED_OPEN_BUCKET_APPROX,True,31°C,31°C,31°C,0.9995,,,,,,,,,,,,30.8,30.8,openmeteo_archive_proxy_fallback,31°C,True,True,,,True
2026-08-15 14:11:51,Qingdao,2026-08-15,30.9,30.1,31°C,0.9995,"{""33°C"": 0.0005, ""34°C"": 0.0005, ""35°C or higher"": 0.0005, ""32°C"": 0.0005, ""25°C or below"": 0.0005, ""26°C"": 0.0005, ""27°C"": 0.0005, ""28°C"": 0.0005, ""29°C"": 0.0005, ""30°C"": 0.0005, ""31°C"": 0.9995}",2,,-22.2,0.8,a92e66eb,0.8,,,30.99,0.09,0.89,0.9995,0.0005,0.0,0.0,0.0,IMPLIED_TEMP_USED_OPEN_BUCKET_APPROX,True,31°C,30°C,31°C,0.9995,,,,,,,,,,,,30.7,30.7,openmeteo_archive_proxy_fallback,31°C,True,False,,,True
2026-08-15 14:11:51,Seoul,2026-08-15,27.3,25.2,27°C,0.0005,"{""34°C or higher"": 0.0005, ""24°C or below"": 0.0005, ""25°C"": 0.0005, ""26°C"": 0.0005, ""27°C"": 0.0005, ""28°C"": 0.9995, ""29°C"": 0.0005, ""30°C"": 0.0005, ""31°C"": 0.0005, ""32°C"": 0.0005, ""33°C"": 0.0005}",2,,-23.2,2.1,a92e66eb,2.1,,,28.01,0.71,2.81,0.0005,0.0005,0.0,0.0,0.0,IMPLIED_TEMP_USED_OPEN_BUCKET_APPROX,True,27°C,25°C,28°C,0.9995,,,,,,,,,,,,27.3,27.3,openmeteo_archive_proxy_fallback,27°C,True,False,,,False
2026-08-15 14:11:51,Guangzhou,2026-08-15,32.9,35.3,33°C,0.0005,"{""29°C or below"": 0.0005, ""30°C"": 0.0005, ""31°C"": 0.0005, ""32°C"": 0.0005, ""33°C"": 0.0005, ""34°C"": 0.0005, ""35°C"": 0.9995, ""36°C"": 0.0005, ""37°C"": 0.0005, ""38°C"": 0.0005, ""39°C or higher"": 0.0005}",2,,-22.2,-2.4,a92e66eb,2.4,,,34.99,2.09,-0.31,0.0005,0.9995,0.0,0.0,0.0,IMPLIED_TEMP_USED_OPEN_BUCKET_APPROX,True,33°C,35°C,35°C,0.9995,,,,,,,,,,,,33.4,33.4,openmeteo_archive_proxy_fallback,33°C,True,False,,,False
2026-08-15 14:11:51,Shenzhen,2026-08-15,31.8,33.7,32°C,0.997,"{""33°C"": 0.003, ""31°C"": 0.0005, ""32°C"": 0.997, ""36°C"": 0.0005, ""37°C or higher"": 0.0005, ""27°C or below"": 0.0005, ""35°C"": 0.0005, ""29°C"": 0.0005, ""28°C"": 0.0005, ""30°C"": 0.0005, ""34°C"": 0.003}",2,,-22.2,-1.9,a92e66eb,1.9,,,32.01,0.21,-1.69,0.997,0.003,0.0,0.0,0.01,IMPLIED_TEMP_USED_OPEN_BUCKET_APPROX,True,32°C,34°C,32°C,0.997,,,,,,,,,,,,31.4,31.4,openmeteo_archive_proxy_fallback,31°C,False,False,,,False
2026-08-15 14:11:51,New York,2026-08-15,28.8,29.9,84-85°F,0.29,"{""75°F or below"": 0.0005, ""76-77°F"": 0.0005, ""78-79°F"": 0.016, ""80-81°F"": 0.115, ""82-83°F"": 0.565, ""84-85°F"": 0.29, ""86-87°F"": 0.03, ""88-89°F"": 0.0025, ""90-91°F"": 0.0015, ""92-93°F"": 0.0005, ""94°F or higher"": 0.0005}",2,,-10.2,-1.1,a92e66eb,1.1,,,28.29,-0.51,-1.61,0.29,0.03,0.0,0.5,0.07,IMPLIED_TEMP_USED_OPEN_BUCKET_APPROX,True,84-85°F,86-87°F,82-83°F,0.565,,,,,,,,,,,29.0,28.7,29.0,noaa_nws,84-85°F,True,False,,,False
2026-08-15 14:11:51,Chicago,2026-08-15,25.6,25.2,78-79°F,0.38,"{""75°F or below"": 0.0145, ""76-77°F"": 0.0795, ""78-79°F"": 0.38, ""80-81°F"": 0.435, ""82-83°F"": 0.115, ""84-85°F"": 0.025, ""86-87°F"": 0.0045, ""88-89°F"": 0.0005, ""90-91°F"": 0.0005, ""92-93°F"": 0.0005, ""94°F or higher"": 0.0005}",2,,-9.2,0.4,a92e66eb,0.4,,,26.53,0.93,1.33,0.38,0.0795,0.0,-0.1,-0.07,IMPLIED_TEMP_USED_OPEN_BUCKET_APPROX,True,78-79°F,76-77°F,80-81°F,0.435,,,,,,,,,,,26.1,27.5,26.1,noaa_nws,78-79°F,True,False,,,False
2026-08-15 14:11:51,Miami,2026-08-15,32.8,33.0,90-91°F,0.06,"{""79°F or below"": 0.0005, ""80-81°F"": 0.0005, ""82-83°F"": 0.0005, ""84-85°F"": 0.0005, ""86-87°F"": 0.0005, ""88-89°F"": 0.0015, ""90-91°F"": 0.06, ""92-93°F"": 0.64, ""94-95°F"": 0.3, ""96-97°F"": 0.0135, ""98°F or higher"": 0.0025}",2,,-10.2,-0.2,a92e66eb,0.2,,,33.89,1.09,0.89,0.06,0.06,0.0,0.2,0.1,IMPLIED_TEMP_USED_OPEN_BUCKET_APPROX,True,90-91°F,90-91°F,92-93°F,0.64,,,,,,,,,,,34.0,33.9,34.0,noaa_nws,92-93°F,False,False,,,True
2026-08-15 14:11:51,London,2026-08-15,27.1,28.0,27°C,0.415,"{""20°C or below"": 0.0005, ""21°C"": 0.0005, ""22°C"": 0.0005, ""23°C"": 0.0005, ""24°C"": 0.0005, ""25°C"": 0.0005, ""26°C"": 0.555, ""27°C"": 0.415, ""28°C"": 0.015, ""29°C"": 0.0015, ""30°C or higher"": 0.001}",2,,-15.2,-0.9,a92e66eb,0.9,,,26.45,-0.65,-1.55,0.415,0.015,0.0,0.0,-0.06,IMPLIED_TEMP_USED_OPEN_BUCKET_APPROX,True,27°C,28°C,26°C,0.555,,,,,,,,,,,,27.3,27.3,openmeteo_archive_proxy_fallback,27°C,True,False,,,False
2026-08-15 14:11:51,Paris,2026-08-15,32.4,34.6,32°C,0.176,"{""30°C or below"": 0.3545, ""31°C"": 0.457, ""32°C"": 0.176, ""33°C"": 0.05, ""34°C"": 0.011, ""35°C"": 0.006, ""36°C"": 0.005, ""37°C"": 0.002, ""38°C"": 0.001, ""39°C"": 0.0005, ""40°C or higher"": 0.0005}",2,,-16.2,-2.2,a92e66eb,2.2,,,30.86,-1.54,-3.74,0.176,0.006,0.0,0.0,-0.21,IMPLIED_TEMP_USED_OPEN_BUCKET_APPROX,True,32°C,35°C,31°C,0.457,,,,,,,,,,,,29.8,29.8,openmeteo_archive_proxy_fallback,30°C or below,False,False,,,False
2026-08-15 14:11:51,Ankara,2026-08-15,27.5,28.0,28°C,0.0045,"{""32°C"": 0.0005, ""33°C or higher"": 0.0005, ""23°C or below"": 0.0005, ""24°C"": 0.0005, ""25°C"": 0.0005, ""26°C"": 0.98, ""27°C"": 0.02, ""28°C"": 0.0045, ""29°C"": 0.0005, ""30°C"": 0.0005, ""31°C"": 0.0005}",2,,-17.2,-0.5,a92e66eb,0.5,,,26.04,-1.46,-1.96,0.0045,0.0045,0.0,0.0,0.15,IMPLIED_TEMP_USED_OPEN_BUCKET_APPROX,True,28°C,28°C,26°C,0.98,,,,,,,,,,,,26.8,26.8,openmeteo_archive_proxy_fallback,27°C,False,False,,,False
2026-08-15 14:11:51,Buenos Aires,2026-08-15,14.7,13.3,15°C,0.275,"{""12°C or below"": 0.0005, ""13°C"": 0.0005, ""14°C"": 0.045, ""15°C"": 0.275, ""16°C"": 0.58, ""17°C"": 0.115, ""18°C"": 0.015, ""19°C"": 0.0045, ""20°C"": 0.0005, ""21°C"": 0.001, ""22°C or higher"": 0.0005}",2,,-11.2,1.4,a92e66eb,1.4,,,15.81,1.11,2.51,0.275,0.0005,0.0,0.0,-0.06,IMPLIED_TEMP_USED_OPEN_BUCKET_APPROX,True,15°C,13°C,16°C,0.58,,,,,,,,,,,,15.3,15.3,openmeteo_archive_proxy_fallback,15°C,True,False,,,False
2026-08-15 15:10:07,Hong Kong,2026-08-15,31.9,31.5,32°C,0.001,"{""27°C or below"": 0.0005, ""28°C"": 0.0005, ""29°C"": 0.0005, ""30°C"": 0.0005, ""31°C"": 0.9985, ""32°C"": 0.001, ""33°C"": 0.001, ""34°C"": 0.0005, ""35°C"": 0.0005, ""36°C"": 0.0005, ""37°C or higher"": 0.0005}",2,,-23.17,0.4,bc19a4b3,0.4,,,31.01,-0.89,-0.49,0.001,0.001,0.0,0.0,0.0,IMPLIED_TEMP_USED_OPEN_BUCKET_APPROX,True,32°C,32°C,31°C,0.9985,,,,,,,,,,,,31.8,31.8,openmeteo_archive_proxy_fallback,32°C,True,True,,,False
2026-08-15 15:10:07,Tokyo,2026-08-16,26.0,28.6,26°C,0.008,"{""25°C"": 0.003, ""26°C"": 0.008, ""24°C or below"": 0.0005, ""27°C"": 0.025, ""28°C"": 0.255, ""29°C"": 0.415, ""30°C"": 0.235, ""31°C"": 0.045, ""32°C"": 0.025, ""33°C"": 0.009, ""34°C or higher"": 0.0025}",2,,-0.17,-2.6,bc19a4b3,2.6,,,29.1,3.1,0.5,0.008,0.415,-2.4,-1.9,0.1,IMPLIED_TEMP_USED_OPEN_BUCKET_APPROX,True,26°C,29°C,29°C,0.415,,,,,,,,,,,,26.4,26.4,openmeteo_archive_proxy_fallback,26°C,True,False,,,False
2026-08-15 15:10:07,Shanghai,2026-08-15,30.7,30.9,31°C,0.9995,"{""25°C or below"": 0.0005, ""26°C"": 0.0005, ""27°C"": 0.0005, ""28°C"": 0.0005, ""29°C"": 0.0005, ""30°C"": 0.0005, ""31°C"": 0.9995, ""32°C"": 0.0005, ""33°C"": 0.0005, ""34°C"": 0.0005, ""35°C or higher"": 0.0005}",2,,-23.17,-0.2,bc19a4b3,0.2,,,30.99,0.29,0.09,0.9995,0.9995,0.0,0.0,0.0,IMPLIED_TEMP_USED_OPEN_BUCKET_APPROX,True,31°C,31°C,31°C,0.9995,,,,,,,,,,,,30.8,30.8,openmeteo_archive_proxy_fallback,31°C,True,True,,,True
2026-08-15 15:10:07,Qingdao,2026-08-15,30.9,30.1,31°C,0.9995,"{""33°C"": 0.0005, ""34°C"": 0.0005, ""35°C or higher"": 0.0005, ""32°C"": 0.0005, ""25°C or below"": 0.0005, ""26°C"": 0.0005, ""27°C"": 0.0005, ""28°C"": 0.0005, ""29°C"": 0.0005, ""30°C"": 0.0005, ""31°C"": 0.9995}",2,,-23.17,0.8,bc19a4b3,0.8,,,30.99,0.09,0.89,0.9995,0.0005,0.0,0.0,0.0,IMPLIED_TEMP_USED_OPEN_BUCKET_APPROX,True,31°C,30°C,31°C,0.9995,,,,,,,,,,,,30.7,30.7,openmeteo_archive_proxy_fallback,31°C,True,False,,,True
2026-08-15 15:10:07,Seoul,2026-08-16,27.5,28.0,28°C,0.415,"{""22°C or below"": 0.0025, ""23°C"": 0.0005, ""24°C"": 0.0035, ""25°C"": 0.0165, ""26°C"": 0.035, ""27°C"": 0.16, ""28°C"": 0.415, ""29°C"": 0.295, ""30°C"": 0.08, ""31°C"": 0.035, ""32°C or higher"": 0.0125}",2,,-0.17,-0.5,bc19a4b3,0.5,,,28.29,0.79,0.29,0.415,0.415,0.2,2.8,0.28,IMPLIED_TEMP_USED_OPEN_BUCKET_APPROX,True,28°C,28°C,28°C,0.415,,,,,,,,,,,,26.8,26.8,openmeteo_archive_proxy_fallback,27°C,False,False,,,False
2026-08-15 15:10:07,Guangzhou,2026-08-15,32.9,35.3,33°C,0.0005,"{""29°C or below"": 0.0005, ""30°C"": 0.0005, ""31°C"": 0.0005, ""32°C"": 0.0005, ""33°C"": 0.0005, ""34°C"": 0.0005, ""35°C"": 0.9995, ""36°C"": 0.0005, ""37°C"": 0.0005, ""38°C"": 0.0005, ""39°C or higher"": 0.0005}",2,,-23.17,-2.4,bc19a4b3,2.4,,,34.99,2.09,-0.31,0.0005,0.9995,0.0,0.0,0.0,IMPLIED_TEMP_USED_OPEN_BUCKET_APPROX,True,33°C,35°C,35°C,0.9995,,,,,,,,,,,,33.4,33.4,openmeteo_archive_proxy_fallback,33°C,True,False,,,False
2026-08-15 15:10:07,Shenzhen,2026-08-15,31.8,33.7,32°C,0.9995,"{""33°C"": 0.0005, ""31°C"": 0.0005, ""32°C"": 0.9995, ""36°C"": 0.0005, ""37°C or higher"": 0.0005, ""27°C or below"": 0.0005, ""35°C"": 0.0005, ""29°C"": 0.0005, ""28°C"": 0.0005, ""30°C"": 0.0005, ""34°C"": 0.0025}",2,,-23.17,-1.9,bc19a4b3,1.9,,,32.0,0.2,-1.7,0.9995,0.0025,0.0,0.0,-0.01,IMPLIED_TEMP_USED_OPEN_BUCKET_APPROX,True,32°C,34°C,32°C,0.9995,,,,,,,,,,,,31.4,31.4,openmeteo_archive_proxy_fallback,31°C,False,False,,,False
2026-08-15 15:10:07,New York,2026-08-15,28.8,29.6,84-85°F,0.24,"{""75°F or below"": 0.0005, ""76-77°F"": 0.0005, ""78-79°F"": 0.016, ""80-81°F"": 0.13, ""82-83°F"": 0.625, ""84-85°F"": 0.24, ""86-87°F"": 0.03, ""88-89°F"": 0.005, ""90-91°F"": 0.0015, ""92-93°F"": 0.0005, ""94°F or higher"": 0.0005}",2,,-11.17,-0.8,bc19a4b3,0.8,,,28.23,-0.57,-1.37,0.24,0.24,0.0,-0.3,-0.06,IMPLIED_TEMP_USED_OPEN_BUCKET_APPROX,True,84-85°F,84-85°F,82-83°F,0.625,,,,,,,,,,,29.0,28.7,29.0,noaa_nws,84-85°F,True,True,,,False
2026-08-15 15:10:07,Chicago,2026-08-15,25.6,24.7,78-79°F,0.335,"{""75°F or below"": 0.01, ""76-77°F"": 0.069, ""78-79°F"": 0.335, ""80-81°F"": 0.45, ""82-83°F"": 0.12, ""84-85°F"": 0.02, ""86-87°F"": 0.0045, ""88-89°F"": 0.0005, ""90-91°F"": 0.0005, ""92-93°F"": 0.0005, ""94°F or higher"": 0.0005}",2,,-10.17,0.9,bc19a4b3,0.9,,,26.59,0.99,1.89,0.335,0.069,0.0,-0.5,0.06,IMPLIED_TEMP_USED_OPEN_BUCKET_APPROX,True,78-79°F,76-77°F,80-81°F,0.45,,,,,,,,,,,26.1,27.5,26.1,noaa_nws,78-79°F,True,False,,,False
2026-08-15 15:10:07,Miami,2026-08-15,32.8,32.8,90-91°F,0.05,"{""79°F or below"": 0.0005, ""80-81°F"": 0.0005, ""82-83°F"": 0.0005, ""84-85°F"": 0.0005, ""86-87°F"": 0.0005, ""88-89°F"": 0.0005, ""90-91°F"": 0.05, ""92-93°F"": 0.69, ""94-95°F"": 0.255, ""96-97°F"": 0.0075, ""98°F or higher"": 0.0025}",2,,-11.17,0.0,bc19a4b3,0.0,,,33.84,1.04,1.04,0.05,0.05,0.0,-0.2,-0.05,IMPLIED_TEMP_USED_OPEN_BUCKET_APPROX,True,90-91°F,90-91°F,92-93°F,0.69,,,,,,,,,,,34.0,33.9,34.0,noaa_nws,92-93°F,False,False,,,True
2026-08-15 15:10:07,London,2026-08-15,27.1,28.0,27°C,0.045,"{""20°C or below"": 0.0005, ""21°C"": 0.0005, ""22°C"": 0.0005, ""23°C"": 0.0005, ""24°C"": 0.0005, ""25°C"": 0.0005, ""26°C"": 0.95, ""27°C"": 0.045, ""28°C"": 0.001, ""29°C"": 0.004, ""30°C or higher"": 0.001}",2,,-16.17,-0.9,bc19a4b3,0.9,,,26.05,-1.05,-1.95,0.045,0.001,0.0,0.0,-0.4,IMPLIED_TEMP_USED_OPEN_BUCKET_APPROX,True,27°C,28°C,26°C,0.95,,,,,,,,,,,,27.3,27.3,openmeteo_archive_proxy_fallback,27°C,True,False,,,False
2026-08-15 15:10:07,Paris,2026-08-15,32.4,34.6,32°C,0.1115,"{""30°C or below"": 0.0005, ""31°C"": 0.8395, ""32°C"": 0.1115, ""33°C"": 0.015, ""34°C"": 0.0055, ""35°C"": 0.0025, ""36°C"": 0.0005, ""37°C"": 0.002, ""38°C"": 0.001, ""39°C"": 0.0005, ""40°C or higher"": 0.0005}",2,,-17.17,-2.2,bc19a4b3,2.2,,,31.2,-1.2,-3.4,0.1115,0.0025,0.0,0.0,0.34,IMPLIED_TEMP_USED_OPEN_BUCKET_APPROX,True,32°C,35°C,31°C,0.8395,,,,,,,,,,,,29.8,29.8,openmeteo_archive_proxy_fallback,30°C or below,False,False,,,False
2026-08-15 15:10:07,Ankara,2026-08-15,27.5,28.0,28°C,0.004,"{""32°C"": 0.0005, ""33°C or higher"": 0.0005, ""23°C or below"": 0.0005, ""24°C"": 0.0005, ""25°C"": 0.0005, ""26°C"": 0.995, ""27°C"": 0.015, ""28°C"": 0.004, ""29°C"": 0.0005, ""30°C"": 0.0005, ""31°C"": 0.0005}",2,,-18.17,-0.5,bc19a4b3,0.5,,,26.03,-1.47,-1.97,0.004,0.004,0.0,0.0,-0.01,IMPLIED_TEMP_USED_OPEN_BUCKET_APPROX,True,28°C,28°C,26°C,0.995,,,,,,,,,,,,26.8,26.8,openmeteo_archive_proxy_fallback,27°C,False,False,,,False
2026-08-15 15:10:07,Buenos Aires,2026-08-15,14.7,13.3,15°C,0.23,"{""12°C or below"": 0.0005, ""13°C"": 0.0005, ""14°C"": 0.005, ""15°C"": 0.23, ""16°C"": 0.67, ""17°C"": 0.105, ""18°C"": 0.015, ""19°C"": 0.0045, ""20°C"": 0.0005, ""21°C"": 0.0005, ""22°C or higher"": 0.0005}",2,,-12.17,1.4,bc19a4b3,1.4,,,15.92,1.22,2.62,0.23,0.0005,0.0,0.0,0.11,IMPLIED_TEMP_USED_OPEN_BUCKET_APPROX,True,15°C,13°C,16°C,0.67,,,,,,,,,,,,15.3,15.3,openmeteo_archive_proxy_fallback,15°C,True,False,,,False
2026-08-15 16:11:28,Hong Kong,2026-08-16,31.4,31.8,31°C,0.095,"{""27°C or below"": 0.0005, ""28°C"": 0.003, ""29°C"": 0.0045, ""30°C"": 0.015, ""31°C"": 0.095, ""32°C"": 0.42, ""33°C"": 0.375, ""34°C"": 0.1, ""35°C"": 0.025, ""36°C"": 0.0065, ""37°C or higher"": 0.0005}",2,,-0.19,-0.4,60a4d233,0.4,,,32.5,1.1,0.7,0.095,0.42,-0.5,0.3,1.49,IMPLIED_TEMP_USED_OPEN_BUCKET_APPROX,True,31°C,32°C,32°C,0.42,,,,,,,,,,,,33.6,33.6,openmeteo_archive_proxy_fallback,34°C,False,False,,,False
2026-08-15 16:11:28,Tokyo,2026-08-16,26.0,28.6,26°C,0.008,"{""25°C"": 0.003, ""26°C"": 0.008, ""24°C or below"": 0.0005, ""27°C"": 0.03, ""28°C"": 0.255, ""29°C"": 0.415, ""30°C"": 0.225, ""31°C"": 0.06, ""32°C"": 0.025, ""33°C"": 0.009, ""34°C or higher"": 0.0025}",2,,-1.19,-2.6,60a4d233,2.6,,,29.11,3.11,0.51,0.008,0.415,0.0,0.0,0.01,IMPLIED_TEMP_USED_OPEN_BUCKET_APPROX,True,26°C,29°C,29°C,0.415,,,,,,,,,,,,26.4,26.4,openmeteo_archive_proxy_fallback,26°C,True,False,,,False
2026-08-15 16:11:28,Shanghai,2026-08-16,29.4,28.7,29°C,0.155,"{""25°C or below"": 0.0005, ""26°C"": 0.0005, ""27°C"": 0.0005, ""28°C"": 0.035, ""29°C"": 0.155, ""30°C"": 0.595, ""31°C"": 0.215, ""32°C"": 0.035, ""33°C"": 0.0085, ""34°C"": 0.0005, ""35°C or higher"": 0.0005}",2,,-0.19,0.7,60a4d233,0.7,,,30.08,0.68,1.38,0.155,0.155,-1.3,-2.2,-0.91,IMPLIED_TEMP_USED_OPEN_BUCKET_APPROX,True,29°C,29°C,30°C,0.595,,,,,,,,,,,,29.8,29.8,openmeteo_archive_proxy_fallback,30°C,False,False,,,True
2026-08-15 16:11:28,Qingdao,2026-08-16,31.5,31.6,32°C,0.235,"{""26°C or below"": 0.0005, ""27°C"": 0.0005, ""28°C"": 0.0005, ""29°C"": 0.0005, ""30°C"": 0.0005, ""31°C"": 0.06, ""32°C"": 0.235, ""33°C"": 0.425, ""34°C"": 0.195, ""35°C"": 0.02, ""36°C or higher"": 0.0055}",2,,-0.19,-0.1,60a4d233,0.1,,,32.88,1.38,1.28,0.235,0.235,0.6,1.5,1.89,IMPLIED_TEMP_USED_OPEN_BUCKET_APPROX,True,32°C,32°C,33°C,0.425,,,,,,,,,,,,31.7,31.7,openmeteo_archive_proxy_fallback,32°C,True,True,,,False
2026-08-15 16:11:28,Seoul,2026-08-16,27.5,28.0,28°C,0.405,"{""22°C or below"": 0.0005, ""23°C"": 0.0005, ""24°C"": 0.0005, ""25°C"": 0.016, ""26°C"": 0.04, ""27°C"": 0.185, ""28°C"": 0.405, ""29°C"": 0.295, ""30°C"": 0.075, ""31°C"": 0.025, ""32°C or higher"": 0.0075}",2,,-1.19,-0.5,60a4d233,0.5,,,28.22,0.72,0.22,0.405,0.405,0.0,0.0,-0.07,IMPLIED_TEMP_USED_OPEN_BUCKET_APPROX,True,28°C,28°C,28°C,0.405,,,,,,,,,,,,26.8,26.8,openmeteo_archive_proxy_fallback,27°C,False,False,,,False
2026-08-15 16:11:28,Guangzhou,2026-08-16,33.6,36.3,34°C,0.115,"{""29°C or below"": 0.0005, ""30°C"": 0.0005, ""31°C"": 0.0005, ""32°C"": 0.0015, ""33°C"": 0.04, ""34°C"": 0.115, ""35°C"": 0.295, ""36°C"": 0.485, ""37°C"": 0.11, ""38°C"": 0.009, ""39°C or higher"": 0.0005}",2,,-0.19,-2.7,60a4d233,2.7,,,35.5,1.9,-0.8,0.115,0.485,0.7,1.0,0.51,IMPLIED_TEMP_USED_OPEN_BUCKET_APPROX,True,34°C,36°C,36°C,0.485,,,,,,,,,,,,34.7,34.7,openmeteo_archive_proxy_fallback,35°C,False,False,,,False
2026-08-15 16:11:28,Shenzhen,2026-08-16,31.2,33.6,31°C,0.055,"{""27°C or below"": 0.0005, ""28°C"": 0.0005, ""31°C"": 0.055, ""32°C"": 0.215, ""33°C"": 0.465, ""29°C"": 0.006, ""30°C"": 0.015, ""34°C"": 0.22, ""35°C"": 0.05, ""36°C"": 0.0205, ""37°C or higher"": 0.0055}",2,,-0.19,-2.4,60a4d233,2.4,,,33.01,1.81,-0.59,0.055,0.22,-0.6,-0.1,1.01,IMPLIED_TEMP_USED_OPEN_BUCKET_APPROX,True,31°C,34°C,33°C,0.465,,,,,,,,,,,,33.1,33.1,openmeteo_archive_proxy_fallback,33°C,False,False,,,True
2026-08-15 16:11:28,New York,2026-08-15,28.8,29.9,84-85°F,0.26,"{""75°F or below"": 0.0005, ""76-77°F"": 0.0035, ""78-79°F"": 0.0255, ""80-81°F"": 0.205, ""82-83°F"": 0.53, ""84-85°F"": 0.26, ""86-87°F"": 0.025, ""88-89°F"": 0.006, ""90-91°F"": 0.0005, ""92-93°F"": 0.0005, ""94°F or higher"": 0.0005}",2,,-12.19,-1.1,60a4d233,1.1,,,28.13,-0.67,-1.77,0.26,0.025,0.0,0.3,-0.1,IMPLIED_TEMP_USED_OPEN_BUCKET_APPROX,True,84-85°F,86-87°F,82-83°F,0.53,,,,,,,,,,,29.0,28.7,29.0,noaa_nws,84-85°F,True,False,,,False
2026-08-15 16:11:28,Chicago,2026-08-15,25.6,25.2,78-79°F,0.27,"{""75°F or below"": 0.0095, ""76-77°F"": 0.05, ""78-79°F"": 0.27, ""80-81°F"": 0.49, ""82-83°F"": 0.12, ""84-85°F"": 0.025, ""86-87°F"": 0.0045, ""88-89°F"": 0.0005, ""90-91°F"": 0.0005, ""92-93°F"": 0.0005, ""94°F or higher"": 0.0005}",2,,-11.19,0.4,60a4d233,0.4,,,26.71,1.11,1.51,0.27,0.05,0.0,0.5,0.12,IMPLIED_TEMP_USED_OPEN_BUCKET_APPROX,True,78-79°F,76-77°F,80-81°F,0.49,,,,,,,,,,,26.1,27.5,26.1,noaa_nws,78-79°F,True,False,,,False
2026-08-15 16:11:28,Miami,2026-08-15,32.8,32.8,90-91°F,0.015,"{""79°F or below"": 0.0005, ""80-81°F"": 0.0005, ""82-83°F"": 0.0005, ""84-85°F"": 0.0005, ""86-87°F"": 0.0005, ""88-89°F"": 0.0005, ""90-91°F"": 0.015, ""92-93°F"": 0.715, ""94-95°F"": 0.245, ""96-97°F"": 0.0075, ""98°F or higher"": 0.0025}",2,,-12.19,0.0,60a4d233,0.0,,,33.88,1.08,1.08,0.015,0.015,0.0,0.0,0.04,IMPLIED_TEMP_USED_OPEN_BUCKET_APPROX,True,90-91°F,90-91°F,92-93°F,0.715,,,,,,,,,,,34.0,33.9,34.0,noaa_nws,92-93°F,False,False,,,True
2026-08-15 16:11:28,London,2026-08-15,27.1,28.0,27°C,0.0055,"{""20°C or below"": 0.0005, ""21°C"": 0.0005, ""22°C"": 0.0005, ""23°C"": 0.0005, ""24°C"": 0.0005, ""25°C"": 0.0005, ""26°C"": 0.9935, ""27°C"": 0.0055, ""28°C"": 0.0005, ""29°C"": 0.0005, ""30°C or higher"": 0.0005}",2,,-17.19,-0.9,60a4d233,0.9,,,26.0,-1.1,-2.0,0.0055,0.0005,0.0,0.0,-0.05,IMPLIED_TEMP_USED_OPEN_BUCKET_APPROX,True,27°C,28°C,26°C,0.9935,,,,,,,,,,,,27.3,27.3,openmeteo_archive_proxy_fallback,27°C,True,False,,,False
2026-08-15 16:11:28,Paris,2026-08-15,32.4,34.6,32°C,0.2065,"{""30°C or below"": 0.0005, ""31°C"": 0.8835, ""32°C"": 0.2065, ""33°C"": 0.0055, ""34°C"": 0.001, ""35°C"": 0.0005, ""36°C"": 0.0005, ""37°C"": 0.001, ""38°C"": 0.0005, ""39°C"": 0.0005, ""40°C or higher"": 0.0005}",2,,-18.19,-2.2,60a4d233,2.2,,,31.22,-1.18,-3.38,0.2065,0.0005,0.0,0.0,0.02,IMPLIED_TEMP_USED_OPEN_BUCKET_APPROX,True,32°C,35°C,31°C,0.8835,,,,,,,,,,,,29.8,29.8,openmeteo_archive_proxy_fallback,30°C or below,False,False,,,False
2026-08-15 16:11:28,Ankara,2026-08-15,27.5,28.0,28°C,0.0005,"{""32°C"": 0.0005, ""33°C or higher"": 0.0005, ""23°C or below"": 0.0005, ""24°C"": 0.0005, ""25°C"": 0.0005, ""26°C"": 0.9995, ""27°C"": 0.0005, ""28°C"": 0.0005, ""29°C"": 0.0005, ""30°C"": 0.0005, ""31°C"": 0.0005}",2,,-19.19,-0.5,60a4d233,0.5,,,26.01,-1.49,-1.99,0.0005,0.0005,0.0,0.0,-0.02,IMPLIED_TEMP_USED_OPEN_BUCKET_APPROX,True,28°C,28°C,26°C,0.9995,,,,,,,,,,,,26.8,26.8,openmeteo_archive_proxy_fallback,27°C,False,False,,,False
2026-08-15 16:11:28,Buenos Aires,2026-08-15,14.7,13.3,15°C,0.245,"{""12°C or below"": 0.0005, ""13°C"": 0.0005, ""14°C"": 0.0005, ""15°C"": 0.245, ""16°C"": 0.655, ""17°C"": 0.105, ""18°C"": 0.015, ""19°C"": 0.0045, ""20°C"": 0.0005, ""21°C"": 0.0005, ""22°C or higher"": 0.0005}",2,,-13.19,1.4,60a4d233,1.4,,,15.91,1.21,2.61,0.245,0.0005,0.0,0.0,-0.01,IMPLIED_TEMP_USED_OPEN_BUCKET_APPROX,True,15°C,13°C,16°C,0.655,,,,,,,,,,,,15.3,15.3,openmeteo_archive_proxy_fallback,15°C,True,False,,,False
2026-08-15 17:11:28,Hong Kong,2026-08-16,31.4,31.8,31°C,0.1,"{""27°C or below"": 0.0005, ""28°C"": 0.0015, ""29°C"": 0.004, ""30°C"": 0.015, ""31°C"": 0.1, ""32°C"": 0.435, ""33°C"": 0.375, ""34°C"": 0.095, ""35°C"": 0.015, ""36°C"": 0.006, ""37°C or higher"": 0.0005}",2,,-1.19,-0.4,ef6069f9,0.4,,,32.46,1.06,0.66,0.1,0.435,0.0,0.0,-0.04,IMPLIED_TEMP_USED_OPEN_BUCKET_APPROX,True,31°C,32°C,32°C,0.435,,,,,,,,,,,,33.6,33.6,openmeteo_archive_proxy_fallback,34°C,False,False,,,False
2026-08-15 17:11:28,Tokyo,2026-08-16,26.0,28.6,26°C,0.008,"{""25°C"": 0.003, ""26°C"": 0.008, ""24°C or below"": 0.001, ""27°C"": 0.045, ""28°C"": 0.26, ""29°C"": 0.42, ""30°C"": 0.195, ""31°C"": 0.05, ""32°C"": 0.015, ""33°C"": 0.006, ""34°C or higher"": 0.002}",2,,-2.19,-2.6,ef6069f9,2.6,,,28.98,2.98,0.38,0.008,0.42,0.0,0.0,-0.13,IMPLIED_TEMP_USED_OPEN_BUCKET_APPROX,True,26°C,29°C,29°C,0.42,,,,,,,,,,,,26.4,26.4,openmeteo_archive_proxy_fallback,26°C,True,False,,,False
2026-08-15 17:11:28,Shanghai,2026-08-16,29.4,28.7,29°C,0.12,"{""25°C or below"": 0.0005, ""26°C"": 0.0005, ""27°C"": 0.0005, ""28°C"": 0.04, ""29°C"": 0.12, ""30°C"": 0.565, ""31°C"": 0.265, ""32°C"": 0.035, ""33°C"": 0.009, ""34°C"": 0.0005, ""35°C or higher"": 0.0005}",2,,-1.19,0.7,ef6069f9,0.7,,,30.15,0.75,1.45,0.12,0.12,0.0,0.0,0.07,IMPLIED_TEMP_USED_OPEN_BUCKET_APPROX,True,29°C,29°C,30°C,0.565,,,,,,,,,,,,29.8,29.8,openmeteo_archive_proxy_fallback,30°C,False,False,,,True
2026-08-15 17:11:28,Qingdao,2026-08-16,31.5,31.6,32°C,0.23,"{""26°C or below"": 0.0005, ""27°C"": 0.0005, ""28°C"": 0.0005, ""29°C"": 0.0005, ""30°C"": 0.0005, ""31°C"": 0.05, ""32°C"": 0.23, ""33°C"": 0.425, ""34°C"": 0.23, ""35°C"": 0.02, ""36°C or higher"": 0.0055}",2,,-1.19,-0.1,ef6069f9,0.1,,,32.94,1.44,1.34,0.23,0.23,0.0,0.0,0.06,IMPLIED_TEMP_USED_OPEN_BUCKET_APPROX,True,32°C,32°C,33°C,0.425,,,,,,,,,,,,31.7,31.7,openmeteo_archive_proxy_fallback,32°C,True,True,,,False
2026-08-15 17:11:28,Seoul,2026-08-16,27.5,28.0,28°C,0.395,"{""22°C or below"": 0.0005, ""23°C"": 0.0005, ""24°C"": 0.0005, ""25°C"": 0.016, ""26°C"": 0.045, ""27°C"": 0.195, ""28°C"": 0.395, ""29°C"": 0.295, ""30°C"": 0.085, ""31°C"": 0.015, ""32°C or higher"": 0.007}",2,,-2.19,-0.5,ef6069f9,0.5,,,28.19,0.69,0.19,0.395,0.395,0.0,0.0,-0.03,IMPLIED_TEMP_USED_OPEN_BUCKET_APPROX,True,28°C,28°C,28°C,0.395,,,,,,,,,,,,26.8,26.8,openmeteo_archive_proxy_fallback,27°C,False,False,,,False
2026-08-15 17:11:28,Guangzhou,2026-08-16,33.6,36.3,34°C,0.09,"{""29°C or below"": 0.0005, ""30°C"": 0.0005, ""31°C"": 0.0005, ""32°C"": 0.0015, ""33°C"": 0.045, ""34°C"": 0.09, ""35°C"": 0.3, ""36°C"": 0.475, ""37°C"": 0.105, ""38°C"": 0.0075, ""39°C or higher"": 0.0005}",2,,-1.19,-2.7,ef6069f9,2.7,,,35.5,1.9,-0.8,0.09,0.475,0.0,0.0,0.0,IMPLIED_TEMP_USED_OPEN_BUCKET_APPROX,True,34°C,36°C,36°C,0.475,,,,,,,,,,,,34.7,34.7,openmeteo_archive_proxy_fallback,35°C,False,False,,,False
2026-08-15 17:11:28,Shenzhen,2026-08-16,31.2,33.6,31°C,0.055,"{""27°C or below"": 0.0005, ""28°C"": 0.0005, ""31°C"": 0.055, ""32°C"": 0.215, ""33°C"": 0.46, ""29°C"": 0.006, ""30°C"": 0.015, ""34°C"": 0.22, ""35°C"": 0.055, ""36°C"": 0.0205, ""37°C or higher"": 0.0015}",2,,-1.19,-2.4,ef6069f9,2.4,,,33.0,1.8,-0.6,0.055,0.22,0.0,0.0,-0.01,IMPLIED_TEMP_USED_OPEN_BUCKET_APPROX,True,31°C,34°C,33°C,0.46,,,,,,,,,,,,33.1,33.1,openmeteo_archive_proxy_fallback,33°C,False,False,,,True
2026-08-15 17:11:28,New York,2026-08-15,28.8,29.5,84-85°F,0.335,"{""75°F or below"": 0.0005, ""76-77°F"": 0.0005, ""78-79°F"": 0.039, ""80-81°F"": 0.19, ""82-83°F"": 0.485, ""84-85°F"": 0.335, ""86-87°F"": 0.02, ""88-89°F"": 0.003, ""90-91°F"": 0.0005, ""92-93°F"": 0.0005, ""94°F or higher"": 0.0005}",2,,-13.19,-0.7,ef6069f9,0.7,,,28.18,-0.62,-1.32,0.335,0.335,0.0,-0.4,0.05,IMPLIED_TEMP_USED_OPEN_BUCKET_APPROX,True,84-85°F,84-85°F,82-83°F,0.485,,,,,,,,,,,29.0,28.7,29.0,noaa_nws,84-85°F,True,True,,,False
2026-08-15 17:11:28,Chicago,2026-08-15,25.6,25.2,78-79°F,0.255,"{""75°F or below"": 0.0095, ""76-77°F"": 0.0655, ""78-79°F"": 0.255, ""80-81°F"": 0.505, ""82-83°F"": 0.13, ""84-85°F"": 0.025, ""86-87°F"": 0.0045, ""88-89°F"": 0.0005, ""90-91°F"": 0.0005, ""92-93°F"": 0.0005, ""94°F or higher"": 0.0005}",2,,-12.19,0.4,ef6069f9,0.4,,,26.71,1.11,1.51,0.255,0.0655,0.0,0.0,0.0,IMPLIED_TEMP_USED_OPEN_BUCKET_APPROX,True,78-79°F,76-77°F,80-81°F,0.505,,,,,,,,,,,26.1,27.5,26.1,noaa_nws,78-79°F,True,False,,,False
2026-08-15 17:11:28,Miami,2026-08-15,32.8,32.9,90-91°F,0.0005,"{""79°F or below"": 0.0005, ""80-81°F"": 0.0005, ""82-83°F"": 0.0005, ""84-85°F"": 0.0005, ""86-87°F"": 0.0005, ""88-89°F"": 0.0005, ""90-91°F"": 0.0005, ""92-93°F"": 0.67, ""94-95°F"": 0.305, ""96-97°F"": 0.0095, ""98°F or higher"": 0.0025}",2,,-13.19,-0.1,ef6069f9,0.1,,,33.97,1.17,1.07,0.0005,0.0005,0.0,0.1,0.09,IMPLIED_TEMP_USED_OPEN_BUCKET_APPROX,True,90-91°F,90-91°F,92-93°F,0.67,,,,,,,,,,,34.0,33.9,34.0,noaa_nws,92-93°F,False,False,,,True
2026-08-15 17:11:28,London,2026-08-15,27.1,28.0,27°C,0.0005,"{""20°C or below"": 0.0005, ""21°C"": 0.0005, ""22°C"": 0.0005, ""23°C"": 0.0005, ""24°C"": 0.0005, ""25°C"": 0.0005, ""26°C"": 0.9995, ""27°C"": 0.0005, ""28°C"": 0.0005, ""29°C"": 0.0005, ""30°C or higher"": 0.0005}",2,,-18.19,-0.9,ef6069f9,0.9,,,25.99,-1.11,-2.01,0.0005,0.0005,0.0,0.0,-0.01,IMPLIED_TEMP_USED_OPEN_BUCKET_APPROX,True,27°C,28°C,26°C,0.9995,,,,,,,,,,,,27.3,27.3,openmeteo_archive_proxy_fallback,27°C,True,False,,,False
2026-08-15 17:11:28,Paris,2026-08-15,32.4,34.6,32°C,0.0255,"{""30°C or below"": 0.0005, ""31°C"": 0.975, ""32°C"": 0.0255, ""33°C"": 0.0005, ""34°C"": 0.0005, ""35°C"": 0.0005, ""36°C"": 0.0005, ""37°C"": 0.0005, ""38°C"": 0.0005, ""39°C"": 0.0005, ""40°C or higher"": 0.0005}",2,,-19.19,-2.2,ef6069f9,2.2,,,31.05,-1.35,-3.55,0.0255,0.0005,0.0,0.0,-0.17,IMPLIED_TEMP_USED_OPEN_BUCKET_APPROX,True,32°C,35°C,31°C,0.975,,,,,,,,,,,,29.8,29.8,openmeteo_archive_proxy_fallback,30°C or below,False,False,,,False
2026-08-15 17:11:28,Ankara,2026-08-15,27.5,28.0,28°C,0.0005,"{""32°C"": 0.0005, ""33°C or higher"": 0.0005, ""23°C or below"": 0.0005, ""24°C"": 0.0005, ""25°C"": 0.0005, ""26°C"": 0.9995, ""27°C"": 0.0005, ""28°C"": 0.0005, ""29°C"": 0.0005, ""30°C"": 0.0005, ""31°C"": 0.0005}",2,,-20.19,-0.5,ef6069f9,0.5,,,26.01,-1.49,-1.99,0.0005,0.0005,0.0,0.0,0.0,IMPLIED_TEMP_USED_OPEN_BUCKET_APPROX,True,28°C,28°C,26°C,0.9995,,,,,,,,,,,,26.8,26.8,openmeteo_archive_proxy_fallback,27°C,False,False,,,False
2026-08-15 17:11:28,Buenos Aires,2026-08-15,14.7,13.3,15°C,0.0005,"{""12°C or below"": 0.0005, ""13°C"": 0.0005, ""14°C"": 0.0005, ""15°C"": 0.0005, ""16°C"": 0.855, ""17°C"": 0.12, ""18°C"": 0.015, ""19°C"": 0.001, ""20°C"": 0.0005, ""21°C"": 0.0005, ""22°C or higher"": 0.0005}",2,,-14.19,1.4,ef6069f9,1.4,,,16.16,1.46,2.86,0.0005,0.0005,0.0,0.0,0.25,IMPLIED_TEMP_USED_OPEN_BUCKET_APPROX,True,15°C,13°C,16°C,0.855,,,,,,,,,,,,15.3,15.3,openmeteo_archive_proxy_fallback,15°C,True,False,,,False
2026-08-15 18:12:54,Hong Kong,2026-08-16,31.4,31.7,31°C,0.06,"{""27°C or below"": 0.0005, ""28°C"": 0.0005, ""29°C"": 0.0035, ""30°C"": 0.015, ""31°C"": 0.06, ""32°C"": 0.415, ""33°C"": 0.395, ""34°C"": 0.11, ""35°C"": 0.005, ""36°C"": 0.005, ""37°C or higher"": 0.0005}",2,,-2.22,-0.3,5110413a,0.3,,,32.54,1.14,0.84,0.06,0.415,0.0,-0.1,0.08,IMPLIED_TEMP_USED_OPEN_BUCKET_APPROX,True,31°C,32°C,32°C,0.415,,,,,,,,,,,,33.6,33.6,openmeteo_archive_proxy_fallback,34°C,False,False,,,False
2026-08-15 18:12:54,Tokyo,2026-08-16,26.0,28.4,26°C,0.008,"{""25°C"": 0.003, ""26°C"": 0.008, ""24°C or below"": 0.002, ""27°C"": 0.06, ""28°C"": 0.305, ""29°C"": 0.405, ""30°C"": 0.12, ""31°C"": 0.045, ""32°C"": 0.015, ""33°C"": 0.0065, ""34°C or higher"": 0.0025}",2,,-3.22,-2.4,5110413a,2.4,,,28.82,2.82,0.42,0.008,0.305,0.0,-0.2,-0.16,IMPLIED_TEMP_USED_OPEN_BUCKET_APPROX,True,26°C,28°C,29°C,0.405,,,,,,,,,,,,26.4,26.4,openmeteo_archive_proxy_fallback,26°C,True,False,,,False
2026-08-15 18:12:54,Shanghai,2026-08-16,29.4,28.9,29°C,0.11,"{""25°C or below"": 0.0005, ""26°C"": 0.0005, ""27°C"": 0.0005, ""28°C"": 0.035, ""29°C"": 0.11, ""30°C"": 0.58, ""31°C"": 0.27, ""32°C"": 0.035, ""33°C"": 0.0075, ""34°C"": 0.0005, ""35°C or higher"": 0.0005}",2,,-2.22,0.5,5110413a,0.5,,,30.17,0.77,1.27,0.11,0.11,0.0,0.2,0.02,IMPLIED_TEMP_USED_OPEN_BUCKET_APPROX,True,29°C,29°C,30°C,0.58,,,,,,,,,,,,29.8,29.8,openmeteo_archive_proxy_fallback,30°C,False,False,,,True
2026-08-15 18:12:54,Qingdao,2026-08-16,31.5,31.5,32°C,0.23,"{""26°C or below"": 0.0005, ""27°C"": 0.0005, ""28°C"": 0.0005, ""29°C"": 0.0005, ""30°C"": 0.0005, ""31°C"": 0.05, ""32°C"": 0.23, ""33°C"": 0.425, ""34°C"": 0.21, ""35°C"": 0.02, ""36°C or higher"": 0.0055}",2,,-2.22,0.0,5110413a,0.0,,,32.92,1.42,1.42,0.23,0.23,0.0,-0.1,-0.02,IMPLIED_TEMP_USED_OPEN_BUCKET_APPROX,True,32°C,32°C,33°C,0.425,,,,,,,,,,,,31.7,31.7,openmeteo_archive_proxy_fallback,32°C,True,True,,,False
2026-08-15 18:12:54,Seoul,2026-08-16,27.5,28.7,28°C,0.335,"{""22°C or below"": 0.0005, ""23°C"": 0.0005, ""24°C"": 0.0005, ""25°C"": 0.0125, ""26°C"": 0.035, ""27°C"": 0.185, ""28°C"": 0.335, ""29°C"": 0.285, ""30°C"": 0.12, ""31°C"": 0.025, ""32°C or higher"": 0.009}",2,,-3.22,-1.2,5110413a,1.2,,,28.34,0.84,-0.36,0.335,0.285,0.0,0.7,0.15,IMPLIED_TEMP_USED_OPEN_BUCKET_APPROX,True,28°C,29°C,28°C,0.335,,,,,,,,,,,,26.8,26.8,openmeteo_archive_proxy_fallback,27°C,False,False,,,False
2026-08-15 18:12:54,Guangzhou,2026-08-16,33.6,36.5,34°C,0.09,"{""29°C or below"": 0.0005, ""30°C"": 0.0005, ""31°C"": 0.0005, ""32°C"": 0.0015, ""33°C"": 0.04, ""34°C"": 0.09, ""35°C"": 0.305, ""36°C"": 0.485, ""37°C"": 0.125, ""38°C"": 0.0075, ""39°C or higher"": 0.0005}",2,,-2.22,-2.9,5110413a,2.9,,,35.55,1.95,-0.95,0.09,0.485,0.0,0.2,0.05,IMPLIED_TEMP_USED_OPEN_BUCKET_APPROX,True,34°C,36°C,36°C,0.485,,,,,,,,,,,,34.7,34.7,openmeteo_archive_proxy_fallback,35°C,False,False,,,False
2026-08-15 18:12:54,Shenzhen,2026-08-16,31.2,34.2,31°C,0.085,"{""27°C or below"": 0.0005, ""28°C"": 0.0005, ""31°C"": 0.085, ""32°C"": 0.22, ""33°C"": 0.45, ""29°C"": 0.007, ""30°C"": 0.015, ""34°C"": 0.185, ""35°C"": 0.055, ""36°C"": 0.0205, ""37°C or higher"": 0.0015}",2,,-2.22,-3.0,5110413a,3.0,,,32.9,1.7,-1.3,0.085,0.185,0.0,0.6,-0.1,IMPLIED_TEMP_USED_OPEN_BUCKET_APPROX,True,31°C,34°C,33°C,0.45,,,,,,,,,,,,33.1,33.1,openmeteo_archive_proxy_fallback,33°C,False,False,,,True
2026-08-15 18:12:54,New York,2026-08-15,28.8,29.4,84-85°F,0.215,"{""75°F or below"": 0.0005, ""76-77°F"": 0.0005, ""78-79°F"": 0.0005, ""80-81°F"": 0.185, ""82-83°F"": 0.625, ""84-85°F"": 0.215, ""86-87°F"": 0.015, ""88-89°F"": 0.003, ""90-91°F"": 0.0005, ""92-93°F"": 0.0005, ""94°F or higher"": 0.0005}",2,,-14.22,-0.6,5110413a,0.6,,,28.13,-0.67,-1.27,0.215,0.215,0.0,-0.1,-0.05,IMPLIED_TEMP_USED_OPEN_BUCKET_APPROX,True,84-85°F,84-85°F,82-83°F,0.625,,,,,,,,,,,29.0,28.7,29.0,noaa_nws,84-85°F,True,True,,,False
2026-08-15 18:12:54,Chicago,2026-08-15,25.6,25.1,78-79°F,0.355,"{""75°F or below"": 0.0045, ""76-77°F"": 0.0495, ""78-79°F"": 0.355, ""80-81°F"": 0.43, ""82-83°F"": 0.115, ""84-85°F"": 0.015, ""86-87°F"": 0.0035, ""88-89°F"": 0.0005, ""90-91°F"": 0.0005, ""92-93°F"": 0.0005, ""94°F or higher"": 0.0005}",2,,-13.22,0.5,5110413a,0.5,,,26.6,1.0,1.5,0.355,0.0495,0.0,-0.1,-0.11,IMPLIED_TEMP_USED_OPEN_BUCKET_APPROX,True,78-79°F,76-77°F,80-81°F,0.43,,,,,,,,,,,26.1,27.5,26.1,noaa_nws,78-79°F,True,False,,,False
2026-08-15 18:12:54,Miami,2026-08-15,32.8,33.1,90-91°F,0.0005,"{""79°F or below"": 0.0005, ""80-81°F"": 0.0005, ""82-83°F"": 0.0005, ""84-85°F"": 0.0005, ""86-87°F"": 0.0005, ""88-89°F"": 0.0005, ""90-91°F"": 0.0005, ""92-93°F"": 0.865, ""94-95°F"": 0.135, ""96-97°F"": 0.007, ""98°F or higher"": 0.0015}",2,,-14.22,-0.3,5110413a,0.3,,,33.77,0.97,0.67,0.0005,0.865,0.0,0.2,-0.2,IMPLIED_TEMP_USED_OPEN_BUCKET_APPROX,True,90-91°F,92-93°F,92-93°F,0.865,,,,,,,,,,,34.0,33.9,34.0,noaa_nws,92-93°F,False,True,,,True
2026-08-15 18:12:54,London,2026-08-15,27.1,27.3,27°C,0.0005,"{""20°C or below"": 0.0005, ""21°C"": 0.0005, ""22°C"": 0.0005, ""23°C"": 0.0005, ""24°C"": 0.0005, ""25°C"": 0.0005, ""26°C"": 0.9995, ""27°C"": 0.0005, ""28°C"": 0.0005, ""29°C"": 0.0005, ""30°C or higher"": 0.0005}",2,,-19.22,-0.2,5110413a,0.2,,,25.99,-1.11,-1.31,0.0005,0.0005,0.0,-0.7,0.0,IMPLIED_TEMP_USED_OPEN_BUCKET_APPROX,True,27°C,27°C,26°C,0.9995,,,,,,,,,,,,27.3,27.3,openmeteo_archive_proxy_fallback,27°C,True,True,,,False
2026-08-15 18:12:54,Paris,2026-08-15,32.4,33.2,32°C,0.0015,"{""30°C or below"": 0.0005, ""31°C"": 0.9965, ""32°C"": 0.0015, ""33°C"": 0.003, ""34°C"": 0.0005, ""35°C"": 0.0005, ""36°C"": 0.0005, ""37°C"": 0.0005, ""38°C"": 0.0005, ""39°C"": 0.0005, ""40°C or higher"": 0.0005}",2,,-20.22,-0.8,5110413a,0.8,,,31.03,-1.37,-2.17,0.0015,0.003,0.0,-1.4,-0.02,IMPLIED_TEMP_USED_OPEN_BUCKET_APPROX,True,32°C,33°C,31°C,0.9965,,,,,,,,,,,,29.8,29.8,openmeteo_archive_proxy_fallback,30°C or below,False,False,,,False
2026-08-15 18:12:54,Ankara,2026-08-15,27.5,27.3,28°C,0.0005,"{""32°C"": 0.0005, ""33°C or higher"": 0.0005, ""23°C or below"": 0.0005, ""24°C"": 0.0005, ""25°C"": 0.0005, ""26°C"": 0.9995, ""27°C"": 0.0005, ""28°C"": 0.0005, ""29°C"": 0.0005, ""30°C"": 0.0005, ""31°C"": 0.0005}",2,,-21.22,0.2,5110413a,0.2,,,26.01,-1.49,-1.29,0.0005,0.0005,0.0,-0.7,0.0,IMPLIED_TEMP_USED_OPEN_BUCKET_APPROX,True,28°C,27°C,26°C,0.9995,,,,,,,,,,,,26.8,26.8,openmeteo_archive_proxy_fallback,27°C,False,True,,,False
2026-08-15 18:12:54,Buenos Aires,2026-08-15,14.7,13.6,15°C,0.0005,"{""12°C or below"": 0.0005, ""13°C"": 0.0005, ""14°C"": 0.0005, ""15°C"": 0.0005, ""16°C"": 0.96, ""17°C"": 0.035, ""18°C"": 0.0055, ""19°C"": 0.0005, ""20°C"": 0.0005, ""21°C"": 0.0005, ""22°C or higher"": 0.0005}",2,,-15.22,1.1,5110413a,1.1,,,16.05,1.35,2.45,0.0005,0.0005,0.0,0.3,-0.11,IMPLIED_TEMP_USED_OPEN_BUCKET_APPROX,True,15°C,14°C,16°C,0.96,,,,,,,,,,,,15.3,15.3,openmeteo_archive_proxy_fallback,15°C,True,False,,,False
2026-08-15 19:13:31,Hong Kong,2026-08-16,31.4,31.7,31°C,0.065,"{""27°C or below"": 0.0005, ""28°C"": 0.0005, ""29°C"": 0.0035, ""30°C"": 0.015, ""31°C"": 0.065, ""32°C"": 0.415, ""33°C"": 0.395, ""34°C"": 0.11, ""35°C"": 0.02, ""36°C"": 0.0065, ""37°C or higher"": 0.0015}",2,,-3.23,-0.3,744a8be5,0.3,,,32.58,1.18,0.88,0.065,0.415,0.0,0.0,0.04,IMPLIED_TEMP_USED_OPEN_BUCKET_APPROX,True,31°C,32°C,32°C,0.415,,,,,,,,,,,,33.6,33.6,openmeteo_archive_proxy_fallback,34°C,False,False,,,False
2026-08-15 19:13:31,Tokyo,2026-08-16,26.0,28.4,26°C,0.008,"{""25°C"": 0.0015, ""26°C"": 0.008, ""24°C or below"": 0.0005, ""27°C"": 0.055, ""28°C"": 0.305, ""29°C"": 0.42, ""30°C"": 0.13, ""31°C"": 0.045, ""32°C"": 0.015, ""33°C"": 0.007, ""34°C or higher"": 0.0015}",2,,-4.23,-2.4,744a8be5,2.4,,,28.85,2.85,0.45,0.008,0.305,0.0,0.0,0.03,IMPLIED_TEMP_USED_OPEN_BUCKET_APPROX,True,26°C,28°C,29°C,0.42,,,,,,,,,,,,26.4,26.4,openmeteo_archive_proxy_fallback,26°C,True,False,,,False
2026-08-15 19:13:31,Shanghai,2026-08-16,29.4,28.9,29°C,0.085,"{""25°C or below"": 0.0005, ""26°C"": 0.0005, ""27°C"": 0.0005, ""28°C"": 0.015, ""29°C"": 0.085, ""30°C"": 0.595, ""31°C"": 0.28, ""32°C"": 0.04, ""33°C"": 0.009, ""34°C"": 0.001, ""35°C or higher"": 0.0005}",2,,-3.23,0.5,744a8be5,0.5,,,30.27,0.87,1.37,0.085,0.085,0.0,0.0,0.1,IMPLIED_TEMP_USED_OPEN_BUCKET_APPROX,True,29°C,29°C,30°C,0.595,,,,,,,,,,,,29.8,29.8,openmeteo_archive_proxy_fallback,30°C,False,False,,,True
2026-08-15 19:13:31,Qingdao,2026-08-16,31.5,31.5,32°C,0.23,"{""26°C or below"": 0.0005, ""27°C"": 0.0005, ""28°C"": 0.0005, ""29°C"": 0.0005, ""30°C"": 0.0005, ""31°C"": 0.05, ""32°C"": 0.23, ""33°C"": 0.425, ""34°C"": 0.205, ""35°C"": 0.03, ""36°C or higher"": 0.0065}",2,,-3.23,0.0,744a8be5,0.0,,,32.94,1.44,1.44,0.23,0.23,0.0,0.0,0.02,IMPLIED_TEMP_USED_OPEN_BUCKET_APPROX,True,32°C,32°C,33°C,0.425,,,,,,,,,,,,31.7,31.7,openmeteo_archive_proxy_fallback,32°C,True,True,,,False
2026-08-15 19:13:31,Seoul,2026-08-16,27.5,28.7,28°C,0.34,"{""22°C or below"": 0.0005, ""23°C"": 0.0005, ""24°C"": 0.0005, ""25°C"": 0.012, ""26°C"": 0.025, ""27°C"": 0.18, ""28°C"": 0.34, ""29°C"": 0.315, ""30°C"": 0.125, ""31°C"": 0.03, ""32°C or higher"": 0.011}",2,,-4.23,-1.2,744a8be5,1.2,,,28.41,0.91,-0.29,0.34,0.315,0.0,0.0,0.07,IMPLIED_TEMP_USED_OPEN_BUCKET_APPROX,True,28°C,29°C,28°C,0.34,,,,,,,,,,,,26.8,26.8,openmeteo_archive_proxy_fallback,27°C,False,False,,,False
2026-08-15 19:13:31,Guangzhou,2026-08-16,33.6,36.5,34°C,0.065,"{""29°C or below"": 0.0005, ""30°C"": 0.0005, ""31°C"": 0.0005, ""32°C"": 0.0005, ""33°C"": 0.035, ""34°C"": 0.065, ""35°C"": 0.27, ""36°C"": 0.495, ""37°C"": 0.155, ""38°C"": 0.008, ""39°C or higher"": 0.0015}",2,,-3.23,-2.9,744a8be5,2.9,,,35.67,2.07,-0.83,0.065,0.495,0.0,0.0,0.12,IMPLIED_TEMP_USED_OPEN_BUCKET_APPROX,True,34°C,36°C,36°C,0.495,,,,,,,,,,,,34.7,34.7,openmeteo_archive_proxy_fallback,35°C,False,False,,,False
2026-08-15 19:13:31,Shenzhen,2026-08-16,31.2,34.2,31°C,0.075,"{""27°C or below"": 0.0005, ""28°C"": 0.0005, ""31°C"": 0.075, ""32°C"": 0.245, ""33°C"": 0.455, ""29°C"": 0.0055, ""30°C"": 0.03, ""34°C"": 0.18, ""35°C"": 0.055, ""36°C"": 0.025, ""37°C or higher"": 0.0045}",2,,-3.23,-3.0,744a8be5,3.0,,,32.88,1.68,-1.32,0.075,0.18,0.0,0.0,-0.02,IMPLIED_TEMP_USED_OPEN_BUCKET_APPROX,True,31°C,34°C,33°C,0.455,,,,,,,,,,,,33.1,33.1,openmeteo_archive_proxy_fallback,33°C,False,False,,,True
2026-08-15 19:13:31,New York,2026-08-15,28.8,29.4,84-85°F,0.19,"{""75°F or below"": 0.0005, ""76-77°F"": 0.0005, ""78-79°F"": 0.0005, ""80-81°F"": 0.105, ""82-83°F"": 0.69, ""84-85°F"": 0.19, ""86-87°F"": 0.0045, ""88-89°F"": 0.002, ""90-91°F"": 0.0005, ""92-93°F"": 0.0005, ""94°F or higher"": 0.0005}",2,,-15.23,-0.6,744a8be5,0.6,,,28.17,-0.63,-1.23,0.19,0.19,0.0,0.0,0.04,IMPLIED_TEMP_USED_OPEN_BUCKET_APPROX,True,84-85°F,84-85°F,82-83°F,0.69,,,,,,,,,,,29.0,28.7,29.0,noaa_nws,84-85°F,True,True,,,False
2026-08-15 19:13:31,Chicago,2026-08-15,25.6,25.4,78-79°F,0.36,"{""75°F or below"": 0.0005, ""76-77°F"": 0.0365, ""78-79°F"": 0.36, ""80-81°F"": 0.435, ""82-83°F"": 0.115, ""84-85°F"": 0.015, ""86-87°F"": 0.0025, ""88-89°F"": 0.0005, ""90-91°F"": 0.0005, ""92-93°F"": 0.0005, ""94°F or higher"": 0.0005}",2,,-14.23,0.2,744a8be5,0.2,,,26.63,1.03,1.23,0.36,0.36,0.0,0.3,0.03,IMPLIED_TEMP_USED_OPEN_BUCKET_APPROX,True,78-79°F,78-79°F,80-81°F,0.435,,,,,,,,,,,26.1,27.5,26.1,noaa_nws,78-79°F,True,True,,,False
2026-08-15 19:13:31,Miami,2026-08-15,32.8,33.0,90-91°F,0.0005,"{""79°F or below"": 0.0005, ""80-81°F"": 0.0005, ""82-83°F"": 0.0005, ""84-85°F"": 0.0005, ""86-87°F"": 0.0005, ""88-89°F"": 0.0005, ""90-91°F"": 0.0005, ""92-93°F"": 0.915, ""94-95°F"": 0.095, ""96-97°F"": 0.007, ""98°F or higher"": 0.0015}",2,,-15.23,-0.2,744a8be5,0.2,,,33.72,0.92,0.72,0.0005,0.0005,0.0,-0.1,-0.05,IMPLIED_TEMP_USED_OPEN_BUCKET_APPROX,True,90-91°F,90-91°F,92-93°F,0.915,,,,,,,,,,,34.0,33.9,34.0,noaa_nws,92-93°F,False,False,,,True
2026-08-15 19:13:31,London,2026-08-15,27.1,27.3,27°C,0.0005,"{""20°C or below"": 0.0005, ""21°C"": 0.0005, ""22°C"": 0.0005, ""23°C"": 0.0005, ""24°C"": 0.0005, ""25°C"": 0.0005, ""26°C"": 0.9995, ""27°C"": 0.0005, ""28°C"": 0.0005, ""29°C"": 0.0005, ""30°C or higher"": 0.0005}",2,,-20.23,-0.2,744a8be5,0.2,,,25.99,-1.11,-1.31,0.0005,0.0005,0.0,0.0,0.0,IMPLIED_TEMP_USED_OPEN_BUCKET_APPROX,True,27°C,27°C,26°C,0.9995,,,,,,,,,,,,27.3,27.3,openmeteo_archive_proxy_fallback,27°C,True,True,,,False
2026-08-15 19:13:31,Paris,2026-08-15,32.4,33.2,32°C,0.003,"{""30°C or below"": 0.0005, ""31°C"": 0.997, ""32°C"": 0.003, ""33°C"": 0.0005, ""34°C"": 0.0005, ""35°C"": 0.0005, ""36°C"": 0.0005, ""37°C"": 0.0005, ""38°C"": 0.0005, ""39°C"": 0.0005, ""40°C or higher"": 0.0005}",2,,-21.23,-0.8,744a8be5,0.8,,,31.02,-1.38,-2.18,0.003,0.0005,0.0,0.0,-0.01,IMPLIED_TEMP_USED_OPEN_BUCKET_APPROX,True,32°C,33°C,31°C,0.997,,,,,,,,,,,,29.8,29.8,openmeteo_archive_proxy_fallback,30°C or below,False,False,,,False
2026-08-15 19:13:31,Ankara,2026-08-15,27.5,27.3,28°C,0.0005,"{""32°C"": 0.0005, ""33°C or higher"": 0.0005, ""23°C or below"": 0.0005, ""24°C"": 0.0005, ""25°C"": 0.0005, ""26°C"": 0.9995, ""27°C"": 0.0005, ""28°C"": 0.0005, ""29°C"": 0.0005, ""30°C"": 0.0005, ""31°C"": 0.0005}",2,,-22.23,0.2,744a8be5,0.2,,,26.01,-1.49,-1.29,0.0005,0.0005,0.0,0.0,0.0,IMPLIED_TEMP_USED_OPEN_BUCKET_APPROX,True,28°C,27°C,26°C,0.9995,,,,,,,,,,,,26.8,26.8,openmeteo_archive_proxy_fallback,27°C,False,True,,,False
2026-08-15 19:13:31,Buenos Aires,2026-08-15,14.7,13.6,15°C,0.0005,"{""12°C or below"": 0.0005, ""13°C"": 0.0005, ""14°C"": 0.0005, ""15°C"": 0.0005, ""16°C"": 0.9935, ""17°C"": 0.0055, ""18°C"": 0.0005, ""19°C"": 0.0005, ""20°C"": 0.0005, ""21°C"": 0.0005, ""22°C or higher"": 0.0005}",2,,-16.23,1.1,744a8be5,1.1,,,16.01,1.31,2.41,0.0005,0.0005,0.0,0.0,-0.04,IMPLIED_TEMP_USED_OPEN_BUCKET_APPROX,True,15°C,14°C,16°C,0.9935,,,,,,,,,,,,15.3,15.3,openmeteo_archive_proxy_fallback,15°C,True,False,,,False
2026-08-15 20:10:14,Hong Kong,2026-08-16,31.4,31.7,31°C,0.055,"{""27°C or below"": 0.0005, ""28°C"": 0.0005, ""29°C"": 0.0035, ""30°C"": 0.015, ""31°C"": 0.055, ""32°C"": 0.415, ""33°C"": 0.395, ""34°C"": 0.1, ""35°C"": 0.016, ""36°C"": 0.0065, ""37°C or higher"": 0.001}",2,,-4.17,-0.3,1104c974,0.3,,,32.57,1.17,0.87,0.055,0.415,0.0,0.0,-0.01,IMPLIED_TEMP_USED_OPEN_BUCKET_APPROX,True,31°C,32°C,32°C,0.415,,,,,,,,,,,,33.6,33.6,openmeteo_archive_proxy_fallback,34°C,False,False,,,False
2026-08-15 20:10:14,Tokyo,2026-08-16,26.0,28.4,26°C,0.008,"{""25°C"": 0.0055, ""26°C"": 0.008, ""24°C or below"": 0.0005, ""27°C"": 0.07, ""28°C"": 0.315, ""29°C"": 0.415, ""30°C"": 0.12, ""31°C"": 0.035, ""32°C"": 0.015, ""33°C"": 0.007, ""34°C or higher"": 0.001}",2,,-5.17,-2.4,1104c974,2.4,,,28.76,2.76,0.36,0.008,0.315,0.0,0.0,-0.09,IMPLIED_TEMP_USED_OPEN_BUCKET_APPROX,True,26°C,28°C,29°C,0.415,,,,,,,,,,,,26.4,26.4,openmeteo_archive_proxy_fallback,26°C,True,False,,,False
2026-08-15 20:10:14,Shanghai,2026-08-16,29.4,28.9,29°C,0.075,"{""25°C or below"": 0.0005, ""26°C"": 0.0005, ""27°C"": 0.0005, ""28°C"": 0.025, ""29°C"": 0.075, ""30°C"": 0.595, ""31°C"": 0.28, ""32°C"": 0.035, ""33°C"": 0.009, ""34°C"": 0.001, ""35°C or higher"": 0.0005}",2,,-4.17,0.5,1104c974,0.5,,,30.25,0.85,1.35,0.075,0.075,0.0,0.0,-0.02,IMPLIED_TEMP_USED_OPEN_BUCKET_APPROX,True,29°C,29°C,30°C,0.595,,,,,,,,,,,,29.8,29.8,openmeteo_archive_proxy_fallback,30°C,False,False,,,True
2026-08-15 20:10:14,Qingdao,2026-08-16,31.5,31.5,32°C,0.245,"{""26°C or below"": 0.0005, ""27°C"": 0.0005, ""28°C"": 0.0005, ""29°C"": 0.0005, ""30°C"": 0.0005, ""31°C"": 0.07, ""32°C"": 0.245, ""33°C"": 0.445, ""34°C"": 0.205, ""35°C"": 0.025, ""36°C or higher"": 0.0065}",2,,-4.17,0.0,1104c974,0.0,,,32.88,1.38,1.38,0.245,0.245,0.0,0.0,-0.06,IMPLIED_TEMP_USED_OPEN_BUCKET_APPROX,True,32°C,32°C,33°C,0.445,,,,,,,,,,,,31.7,31.7,openmeteo_archive_proxy_fallback,32°C,True,True,,,False
2026-08-15 20:10:14,Seoul,2026-08-16,27.5,28.7,28°C,0.27,"{""22°C or below"": 0.0005, ""23°C"": 0.0005, ""24°C"": 0.0005, ""25°C"": 0.0115, ""26°C"": 0.025, ""27°C"": 0.12, ""28°C"": 0.27, ""29°C"": 0.36, ""30°C"": 0.155, ""31°C"": 0.025, ""32°C or higher"": 0.0105}",2,,-5.17,-1.2,1104c974,1.2,,,28.59,1.09,-0.11,0.27,0.36,0.0,0.0,0.18,IMPLIED_TEMP_USED_OPEN_BUCKET_APPROX,True,28°C,29°C,29°C,0.36,,,,,,,,,,,,26.8,26.8,openmeteo_archive_proxy_fallback,27°C,False,False,,,False
2026-08-15 20:10:14,Guangzhou,2026-08-16,33.6,36.5,34°C,0.06,"{""29°C or below"": 0.0005, ""30°C"": 0.0005, ""31°C"": 0.0005, ""32°C"": 0.0005, ""33°C"": 0.04, ""34°C"": 0.06, ""35°C"": 0.27, ""36°C"": 0.495, ""37°C"": 0.15, ""38°C"": 0.008, ""39°C or higher"": 0.0015}",2,,-4.17,-2.9,1104c974,2.9,,,35.66,2.06,-0.84,0.06,0.495,0.0,0.0,-0.01,IMPLIED_TEMP_USED_OPEN_BUCKET_APPROX,True,34°C,36°C,36°C,0.495,,,,,,,,,,,,34.7,34.7,openmeteo_archive_proxy_fallback,35°C,False,False,,,False
2026-08-15 20:10:14,Shenzhen,2026-08-16,31.2,34.2,31°C,0.075,"{""27°C or below"": 0.0005, ""28°C"": 0.0005, ""31°C"": 0.075, ""32°C"": 0.235, ""33°C"": 0.455, ""29°C"": 0.0055, ""30°C"": 0.03, ""34°C"": 0.185, ""35°C"": 0.055, ""36°C"": 0.025, ""37°C or higher"": 0.0035}",2,,-4.17,-3.0,1104c974,3.0,,,32.89,1.69,-1.31,0.075,0.185,0.0,0.0,0.01,IMPLIED_TEMP_USED_OPEN_BUCKET_APPROX,True,31°C,34°C,33°C,0.455,,,,,,,,,,,,33.1,33.1,openmeteo_archive_proxy_fallback,33°C,False,False,,,True
2026-08-15 20:10:14,New York,2026-08-15,28.8,29.4,84-85°F,0.125,"{""75°F or below"": 0.0005, ""76-77°F"": 0.0005, ""78-79°F"": 0.0005, ""80-81°F"": 0.0005, ""82-83°F"": 0.865, ""84-85°F"": 0.125, ""86-87°F"": 0.005, ""88-89°F"": 0.002, ""90-91°F"": 0.0005, ""92-93°F"": 0.0005, ""94°F or higher"": 0.0005}",2,,-16.17,-0.6,1104c974,0.6,,,28.22,-0.58,-1.18,0.125,0.125,0.0,0.0,0.05,IMPLIED_TEMP_USED_OPEN_BUCKET_APPROX,True,84-85°F,84-85°F,82-83°F,0.865,,,,,,,,,,,29.0,28.7,29.0,noaa_nws,84-85°F,True,True,,,False
2026-08-15 20:10:14,Chicago,2026-08-15,25.6,25.4,78-79°F,0.36,"{""75°F or below"": 0.0005, ""76-77°F"": 0.0005, ""78-79°F"": 0.36, ""80-81°F"": 0.49, ""82-83°F"": 0.11, ""84-85°F"": 0.01, ""86-87°F"": 0.0015, ""88-89°F"": 0.0005, ""90-91°F"": 0.0005, ""92-93°F"": 0.0005, ""94°F or higher"": 0.0005}",2,,-15.17,0.2,1104c974,0.2,,,26.69,1.09,1.29,0.36,0.36,0.0,0.0,0.06,IMPLIED_TEMP_USED_OPEN_BUCKET_APPROX,True,78-79°F,78-79°F,80-81°F,0.49,,,,,,,,,,,26.1,27.5,26.1,noaa_nws,78-79°F,True,True,,,False
2026-08-15 20:10:14,Miami,2026-08-15,32.8,33.0,90-91°F,0.0005,"{""79°F or below"": 0.0005, ""80-81°F"": 0.0005, ""82-83°F"": 0.0005, ""84-85°F"": 0.0005, ""86-87°F"": 0.0005, ""88-89°F"": 0.0005, ""90-91°F"": 0.0005, ""92-93°F"": 0.855, ""94-95°F"": 0.135, ""96-97°F"": 0.004, ""98°F or higher"": 0.002}",2,,-16.17,-0.2,1104c974,0.2,,,33.76,0.96,0.76,0.0005,0.0005,0.0,0.0,0.04,IMPLIED_TEMP_USED_OPEN_BUCKET_APPROX,True,90-91°F,90-91°F,92-93°F,0.855,,,,,,,,,,,34.0,33.9,34.0,noaa_nws,92-93°F,False,False,,,True
2026-08-15 20:10:14,London,2026-08-15,27.1,27.3,27°C,0.0005,"{""20°C or below"": 0.0005, ""21°C"": 0.0005, ""22°C"": 0.0005, ""23°C"": 0.0005, ""24°C"": 0.0005, ""25°C"": 0.0005, ""26°C"": 0.9995, ""27°C"": 0.0005, ""28°C"": 0.0005, ""29°C"": 0.0005, ""30°C or higher"": 0.0005}",2,,-21.17,-0.2,1104c974,0.2,,,25.99,-1.11,-1.31,0.0005,0.0005,0.0,0.0,0.0,IMPLIED_TEMP_USED_OPEN_BUCKET_APPROX,True,27°C,27°C,26°C,0.9995,,,,,,,,,,,,27.3,27.3,openmeteo_archive_proxy_fallback,27°C,True,True,,,False
2026-08-15 20:10:14,Paris,2026-08-15,32.4,33.2,32°C,0.0025,"{""30°C or below"": 0.0005, ""31°C"": 0.9965, ""32°C"": 0.0025, ""33°C"": 0.0005, ""34°C"": 0.0005, ""35°C"": 0.0005, ""36°C"": 0.0005, ""37°C"": 0.0005, ""38°C"": 0.0005, ""39°C"": 0.0005, ""40°C or higher"": 0.0005}",2,,-22.17,-0.8,1104c974,0.8,,,31.02,-1.38,-2.18,0.0025,0.0005,0.0,0.0,0.0,IMPLIED_TEMP_USED_OPEN_BUCKET_APPROX,True,32°C,33°C,31°C,0.9965,,,,,,,,,,,,29.8,29.8,openmeteo_archive_proxy_fallback,30°C or below,False,False,,,False
2026-08-15 20:10:14,Ankara,2026-08-15,27.5,27.3,28°C,0.0005,"{""32°C"": 0.0005, ""33°C or higher"": 0.0005, ""23°C or below"": 0.0005, ""24°C"": 0.0005, ""25°C"": 0.0005, ""26°C"": 0.9995, ""27°C"": 0.0005, ""28°C"": 0.0005, ""29°C"": 0.0005, ""30°C"": 0.0005, ""31°C"": 0.0005}",2,,-23.17,0.2,1104c974,0.2,,,26.01,-1.49,-1.29,0.0005,0.0005,0.0,0.0,0.0,IMPLIED_TEMP_USED_OPEN_BUCKET_APPROX,True,28°C,27°C,26°C,0.9995,,,,,,,,,,,,26.8,26.8,openmeteo_archive_proxy_fallback,27°C,False,True,,,False
2026-08-15 20:10:14,Buenos Aires,2026-08-15,14.7,13.6,15°C,0.0005,"{""12°C or below"": 0.0005, ""13°C"": 0.0005, ""14°C"": 0.0005, ""15°C"": 0.0005, ""16°C"": 0.984, ""17°C"": 0.0135, ""18°C"": 0.0005, ""19°C"": 0.0005, ""20°C"": 0.0005, ""21°C"": 0.0005, ""22°C or higher"": 0.0005}",2,,-17.17,1.1,1104c974,1.1,,,16.02,1.32,2.42,0.0005,0.0005,0.0,0.0,0.01,IMPLIED_TEMP_USED_OPEN_BUCKET_APPROX,True,15°C,14°C,16°C,0.984,,,,,,,,,,,,15.3,15.3,openmeteo_archive_proxy_fallback,15°C,True,False,,,False
2026-08-15 21:10:32,Hong Kong,2026-08-16,30.7,31.7,31°C,0.055,"{""27°C or below"": 0.0005, ""28°C"": 0.0005, ""29°C"": 0.0035, ""30°C"": 0.015, ""31°C"": 0.055, ""32°C"": 0.415, ""33°C"": 0.395, ""34°C"": 0.115, ""35°C"": 0.02, ""36°C"": 0.0065, ""37°C or higher"": 0.002}",2,,-5.18,-1.0,2c19c1f2,1.0,,,32.6,1.9,0.9,0.055,0.415,-0.7,0.0,0.03,IMPLIED_TEMP_USED_OPEN_BUCKET_APPROX,True,31°C,32°C,32°C,0.415,,,,,,,,,,,,33.6,33.6,openmeteo_archive_proxy_fallback,34°C,False,False,,,False
2026-08-15 21:10:32,Tokyo,2026-08-16,27.2,28.4,27°C,0.075,"{""25°C"": 0.0065, ""26°C"": 0.012, ""24°C or below"": 0.0005, ""27°C"": 0.075, ""28°C"": 0.34, ""29°C"": 0.39, ""30°C"": 0.13, ""31°C"": 0.045, ""32°C"": 0.015, ""33°C"": 0.005, ""34°C or higher"": 0.001}",2,,-6.18,-1.2,2c19c1f2,1.2,,,28.74,1.54,0.34,0.075,0.34,1.2,0.0,-0.02,IMPLIED_TEMP_USED_OPEN_BUCKET_APPROX,True,27°C,28°C,29°C,0.39,,,,,,,,,,,,26.4,26.4,openmeteo_archive_proxy_fallback,26°C,False,False,,,False
2026-08-15 21:10:32,Shanghai,2026-08-16,28.7,28.9,29°C,0.08,"{""25°C or below"": 0.0005, ""26°C"": 0.0005, ""27°C"": 0.0005, ""28°C"": 0.015, ""29°C"": 0.08, ""30°C"": 0.59, ""31°C"": 0.28, ""32°C"": 0.045, ""33°C"": 0.008, ""34°C"": 0.001, ""35°C or higher"": 0.0005}",2,,-5.18,-0.2,2c19c1f2,0.2,,,30.28,1.58,1.38,0.08,0.08,-0.7,0.0,0.03,IMPLIED_TEMP_USED_OPEN_BUCKET_APPROX,True,29°C,29°C,30°C,0.59,,,,,,,,,,,,29.8,29.8,openmeteo_archive_proxy_fallback,30°C,False,False,,,True
2026-08-15 21:10:32,Qingdao,2026-08-16,32.1,31.5,32°C,0.235,"{""26°C or below"": 0.0005, ""27°C"": 0.0005, ""28°C"": 0.0005, ""29°C"": 0.0005, ""30°C"": 0.0005, ""31°C"": 0.07, ""32°C"": 0.235, ""33°C"": 0.465, ""34°C"": 0.225, ""35°C"": 0.03, ""36°C or higher"": 0.0065}",2,,-5.18,0.6,2c19c1f2,0.6,,,32.92,0.82,1.42,0.235,0.235,0.6,0.0,0.04,IMPLIED_TEMP_USED_OPEN_BUCKET_APPROX,True,32°C,32°C,33°C,0.465,,,,,,,,,,,,31.7,31.7,openmeteo_archive_proxy_fallback,32°C,True,True,,,False
2026-08-15 21:10:32,Seoul,2026-08-16,28.5,28.7,28°C,0.27,"{""22°C or below"": 0.0005, ""23°C"": 0.0005, ""24°C"": 0.0005, ""25°C"": 0.0075, ""26°C"": 0.025, ""27°C"": 0.115, ""28°C"": 0.27, ""29°C"": 0.375, ""30°C"": 0.175, ""31°C"": 0.025, ""32°C or higher"": 0.0105}",2,,-6.18,-0.2,2c19c1f2,0.2,,,28.65,0.15,-0.05,0.27,0.375,1.0,0.0,0.06,IMPLIED_TEMP_USED_OPEN_BUCKET_APPROX,True,28°C,29°C,29°C,0.375,,,,,,,,,,,,26.8,26.8,openmeteo_archive_proxy_fallback,27°C,False,False,,,False
2026-08-15 21:10:32,Guangzhou,2026-08-16,33.3,36.5,33°C,0.045,"{""29°C or below"": 0.0005, ""30°C"": 0.0005, ""31°C"": 0.0005, ""32°C"": 0.0005, ""33°C"": 0.045, ""34°C"": 0.085, ""35°C"": 0.28, ""36°C"": 0.5, ""37°C"": 0.11, ""38°C"": 0.008, ""39°C or higher"": 0.0015}",2,,-5.18,-3.2,2c19c1f2,3.2,,,35.55,2.25,-0.95,0.045,0.5,-0.3,0.0,-0.11,IMPLIED_TEMP_USED_OPEN_BUCKET_APPROX,True,33°C,36°C,36°C,0.5,,,,,,,,,,,,34.7,34.7,openmeteo_archive_proxy_fallback,35°C,False,False,,,False
2026-08-15 21:10:32,Shenzhen,2026-08-16,30.9,34.2,31°C,0.065,"{""27°C or below"": 0.0005, ""28°C"": 0.0005, ""31°C"": 0.065, ""32°C"": 0.205, ""33°C"": 0.45, ""29°C"": 0.0055, ""30°C"": 0.025, ""34°C"": 0.215, ""35°C"": 0.055, ""36°C"": 0.0255, ""37°C or higher"": 0.0035}",2,,-5.18,-3.3,2c19c1f2,3.3,,,32.98,2.08,-1.22,0.065,0.215,-0.3,0.0,0.09,IMPLIED_TEMP_USED_OPEN_BUCKET_APPROX,True,31°C,34°C,33°C,0.45,,,,,,,,,,,,33.1,33.1,openmeteo_archive_proxy_fallback,33°C,False,False,,,True
2026-08-15 21:10:32,New York,2026-08-15,29.0,29.2,84-85°F,0.145,"{""75°F or below"": 0.0005, ""76-77°F"": 0.0005, ""78-79°F"": 0.0005, ""80-81°F"": 0.0005, ""82-83°F"": 0.84, ""84-85°F"": 0.145, ""86-87°F"": 0.0045, ""88-89°F"": 0.0015, ""90-91°F"": 0.0005, ""92-93°F"": 0.0005, ""94°F or higher"": 0.0005}",2,,-17.18,-0.2,2c19c1f2,0.2,,,28.23,-0.77,-0.97,0.145,0.145,0.2,-0.2,0.01,IMPLIED_TEMP_USED_OPEN_BUCKET_APPROX,True,84-85°F,84-85°F,82-83°F,0.84,,,,,,,,,,,29.0,28.7,29.0,noaa_nws,84-85°F,True,True,,,False
2026-08-15 21:10:32,Chicago,2026-08-15,27.8,25.1,82-83°F,0.025,"{""75°F or below"": 0.0005, ""76-77°F"": 0.0005, ""78-79°F"": 0.92, ""80-81°F"": 0.045, ""82-83°F"": 0.025, ""84-85°F"": 0.003, ""86-87°F"": 0.0005, ""88-89°F"": 0.0005, ""90-91°F"": 0.0005, ""92-93°F"": 0.0005, ""94°F or higher"": 0.0005}",2,,-16.18,2.7,2c19c1f2,2.7,,,25.97,-1.83,0.87,0.025,0.0005,2.2,-0.3,-0.72,IMPLIED_TEMP_USED_OPEN_BUCKET_APPROX,True,82-83°F,76-77°F,78-79°F,0.92,,,,,,,,,,,26.1,27.5,26.1,noaa_nws,78-79°F,False,False,,,True
2026-08-15 21:10:32,Miami,2026-08-15,32.7,33.0,90-91°F,0.0005,"{""79°F or below"": 0.0005, ""80-81°F"": 0.0005, ""82-83°F"": 0.0005, ""84-85°F"": 0.0005, ""86-87°F"": 0.0005, ""88-89°F"": 0.0005, ""90-91°F"": 0.0005, ""92-93°F"": 0.9895, ""94-95°F"": 0.004, ""96-97°F"": 0.0035, ""98°F or higher"": 0.0015}",2,,-17.18,-0.3,2c19c1f2,0.3,,,33.61,0.91,0.61,0.0005,0.0005,-0.1,0.0,-0.15,IMPLIED_TEMP_USED_OPEN_BUCKET_APPROX,True,90-91°F,90-91°F,92-93°F,0.9895,,,,,,,,,,,34.0,33.9,34.0,noaa_nws,92-93°F,False,False,,,True
2026-08-15 21:10:32,London,2026-08-15,27.1,27.3,27°C,0.0005,"{""20°C or below"": 0.0005, ""21°C"": 0.0005, ""22°C"": 0.0005, ""23°C"": 0.0005, ""24°C"": 0.0005, ""25°C"": 0.0005, ""26°C"": 0.9995, ""27°C"": 0.0005, ""28°C"": 0.0005, ""29°C"": 0.0005, ""30°C or higher"": 0.0005}",2,,-22.18,-0.2,2c19c1f2,0.2,,,25.99,-1.11,-1.31,0.0005,0.0005,0.0,0.0,0.0,IMPLIED_TEMP_USED_OPEN_BUCKET_APPROX,True,27°C,27°C,26°C,0.9995,,,,,,,,,,,,27.3,27.3,openmeteo_archive_proxy_fallback,27°C,True,True,,,False
2026-08-15 21:10:32,Paris,2026-08-15,30.1,33.2,30°C or below,0.0005,"{""30°C or below"": 0.0005, ""31°C"": 0.9965, ""32°C"": 0.0025, ""33°C"": 0.0005, ""34°C"": 0.0005, ""35°C"": 0.0005, ""36°C"": 0.0005, ""37°C"": 0.0005, ""38°C"": 0.0005, ""39°C"": 0.0005, ""40°C or higher"": 0.0005}",2,,-23.18,-3.1,2c19c1f2,3.1,,,31.02,0.92,-2.18,0.0005,0.0005,-2.3,0.0,0.0,IMPLIED_TEMP_USED_OPEN_BUCKET_APPROX,True,30°C or below,33°C,31°C,0.9965,,,,,,,,,,,,29.8,29.8,openmeteo_archive_proxy_fallback,30°C or below,True,False,,,False
2026-08-15 21:10:32,Ankara,2026-08-16,28.4,28.5,28°C,0.215,"{""30°C"": 0.006, ""31°C"": 0.0015, ""32°C or higher"": 0.0005, ""27°C"": 0.54, ""28°C"": 0.215, ""29°C"": 0.02, ""22°C or below"": 0.0005, ""23°C"": 0.0005, ""24°C"": 0.0005, ""25°C"": 0.0295, ""26°C"": 0.22}",2,,-0.18,-0.1,2c19c1f2,0.1,,,27.0,-1.4,-1.5,0.215,0.215,0.9,1.2,0.99,IMPLIED_TEMP_USED_OPEN_BUCKET_APPROX,True,28°C,28°C,27°C,0.54,,,,,,,,,,,,28.6,28.6,openmeteo_archive_proxy_fallback,29°C,False,False,,,False
2026-08-15 21:10:32,Buenos Aires,2026-08-15,15.0,13.6,15°C,0.0005,"{""12°C or below"": 0.0005, ""13°C"": 0.0005, ""14°C"": 0.0005, ""15°C"": 0.0005, ""16°C"": 0.999, ""17°C"": 0.0005, ""18°C"": 0.0005, ""19°C"": 0.0005, ""20°C"": 0.0005, ""21°C"": 0.0005, ""22°C or higher"": 0.0005}",2,,-18.18,1.4,2c19c1f2,1.4,,,16.01,1.01,2.41,0.0005,0.0005,0.3,0.0,-0.01,IMPLIED_TEMP_USED_OPEN_BUCKET_APPROX,True,15°C,14°C,16°C,0.999,,,,,,,,,,,,15.3,15.3,openmeteo_archive_proxy_fallback,15°C,True,False,,,False
2026-08-15 22:09:12,Hong Kong,2026-08-16,30.7,31.7,31°C,0.07,"{""27°C or below"": 0.0005, ""28°C"": 0.0005, ""29°C"": 0.0035, ""30°C"": 0.015, ""31°C"": 0.07, ""32°C"": 0.415, ""33°C"": 0.395, ""34°C"": 0.13, ""35°C"": 0.02, ""36°C"": 0.0065, ""37°C or higher"": 0.002}",2,,-6.15,-1.0,5446087b,1.0,,,32.6,1.9,0.9,0.07,0.415,0.0,0.0,0.0,IMPLIED_TEMP_USED_OPEN_BUCKET_APPROX,True,31°C,32°C,32°C,0.415,,,,,,,,,,,,33.6,33.6,openmeteo_archive_proxy_fallback,34°C,False,False,,,False
2026-08-15 22:09:12,Tokyo,2026-08-16,27.2,28.4,27°C,0.115,"{""25°C"": 0.0105, ""26°C"": 0.012, ""24°C or below"": 0.0005, ""27°C"": 0.115, ""28°C"": 0.345, ""29°C"": 0.405, ""30°C"": 0.105, ""31°C"": 0.035, ""32°C"": 0.015, ""33°C"": 0.005, ""34°C or higher"": 0.0005}",2,,-7.15,-1.2,5446087b,1.2,,,28.61,1.41,0.21,0.115,0.345,0.0,0.0,-0.13,IMPLIED_TEMP_USED_OPEN_BUCKET_APPROX,True,27°C,28°C,29°C,0.405,,,,,,,,,,,,26.4,26.4,openmeteo_archive_proxy_fallback,26°C,False,False,,,False
2026-08-15 22:09:12,Shanghai,2026-08-16,28.7,28.9,29°C,0.08,"{""25°C or below"": 0.0005, ""26°C"": 0.0005, ""27°C"": 0.0005, ""28°C"": 0.025, ""29°C"": 0.08, ""30°C"": 0.595, ""31°C"": 0.285, ""32°C"": 0.045, ""33°C"": 0.008, ""34°C"": 0.001, ""35°C or higher"": 0.0005}",2,,-6.15,-0.2,5446087b,0.2,,,30.26,1.56,1.36,0.08,0.08,0.0,0.0,-0.02,IMPLIED_TEMP_USED_OPEN_BUCKET_APPROX,True,29°C,29°C,30°C,0.595,,,,,,,,,,,,29.8,29.8,openmeteo_archive_proxy_fallback,30°C,False,False,,,True
2026-08-15 22:09:12,Qingdao,2026-08-16,32.1,31.5,32°C,0.215,"{""26°C or below"": 0.0005, ""27°C"": 0.0005, ""28°C"": 0.0005, ""29°C"": 0.0005, ""30°C"": 0.0005, ""31°C"": 0.07, ""32°C"": 0.215, ""33°C"": 0.415, ""34°C"": 0.26, ""35°C"": 0.03, ""36°C or higher"": 0.0065}",2,,-6.15,0.6,5446087b,0.6,,,32.97,0.87,1.47,0.215,0.215,0.0,0.0,0.05,IMPLIED_TEMP_USED_OPEN_BUCKET_APPROX,True,32°C,32°C,33°C,0.415,,,,,,,,,,,,31.7,31.7,openmeteo_archive_proxy_fallback,32°C,True,True,,,False
2026-08-15 22:09:12,Seoul,2026-08-16,28.5,28.7,28°C,0.3,"{""22°C or below"": 0.0005, ""23°C"": 0.0005, ""24°C"": 0.0005, ""25°C"": 0.013, ""26°C"": 0.04, ""27°C"": 0.12, ""28°C"": 0.3, ""29°C"": 0.405, ""30°C"": 0.14, ""31°C"": 0.025, ""32°C or higher"": 0.0105}",2,,-7.15,-0.2,5446087b,0.2,,,28.53,0.03,-0.17,0.3,0.405,0.0,0.0,-0.12,IMPLIED_TEMP_USED_OPEN_BUCKET_APPROX,True,28°C,29°C,29°C,0.405,,,,,,,,,,,,26.8,26.8,openmeteo_archive_proxy_fallback,27°C,False,False,,,False
2026-08-15 22:09:12,Guangzhou,2026-08-16,33.3,36.5,33°C,0.04,"{""29°C or below"": 0.0005, ""30°C"": 0.0005, ""31°C"": 0.0005, ""32°C"": 0.0005, ""33°C"": 0.04, ""34°C"": 0.085, ""35°C"": 0.28, ""36°C"": 0.48, ""37°C"": 0.135, ""38°C"": 0.008, ""39°C or higher"": 0.0015}",2,,-6.15,-3.2,5446087b,3.2,,,35.59,2.29,-0.91,0.04,0.48,0.0,0.0,0.04,IMPLIED_TEMP_USED_OPEN_BUCKET_APPROX,True,33°C,36°C,36°C,0.48,,,,,,,,,,,,34.7,34.7,openmeteo_archive_proxy_fallback,35°C,False,False,,,False
2026-08-15 22:09:12,Shenzhen,2026-08-16,30.9,34.2,31°C,0.065,"{""27°C or below"": 0.0005, ""28°C"": 0.0005, ""31°C"": 0.065, ""32°C"": 0.215, ""33°C"": 0.44, ""29°C"": 0.0005, ""30°C"": 0.02, ""34°C"": 0.23, ""35°C"": 0.06, ""36°C"": 0.0215, ""37°C or higher"": 0.0045}",2,,-6.15,-3.3,5446087b,3.3,,,33.02,2.12,-1.18,0.065,0.23,0.0,0.0,0.04,IMPLIED_TEMP_USED_OPEN_BUCKET_APPROX,True,31°C,34°C,33°C,0.44,,,,,,,,,,,,33.1,33.1,openmeteo_archive_proxy_fallback,33°C,False,False,,,True
2026-08-15 22:09:12,New York,2026-08-15,29.0,29.6,84-85°F,0.986,"{""75°F or below"": 0.0005, ""76-77°F"": 0.0005, ""78-79°F"": 0.0005, ""80-81°F"": 0.0005, ""82-83°F"": 0.0005, ""84-85°F"": 0.986, ""86-87°F"": 0.008, ""88-89°F"": 0.0015, ""90-91°F"": 0.0005, ""92-93°F"": 0.0005, ""94°F or higher"": 0.0005}",2,,-18.15,-0.6,5446087b,0.6,,,29.18,0.18,-0.42,0.986,0.986,0.0,0.4,0.95,IMPLIED_TEMP_USED_OPEN_BUCKET_APPROX,True,84-85°F,84-85°F,84-85°F,0.986,,,,,,,,,,,29.0,28.7,29.0,noaa_nws,84-85°F,True,True,,,True
2026-08-15 22:09:12,Chicago,2026-08-15,27.8,26.4,82-83°F,0.01,"{""75°F or below"": 0.0005, ""76-77°F"": 0.0005, ""78-79°F"": 0.98, ""80-81°F"": 0.03, ""82-83°F"": 0.01, ""84-85°F"": 0.0005, ""86-87°F"": 0.0005, ""88-89°F"": 0.0005, ""90-91°F"": 0.0005, ""92-93°F"": 0.0005, ""94°F or higher"": 0.0005}",2,,-17.15,1.4,5446087b,1.4,,,25.91,-1.89,-0.49,0.01,0.03,0.0,1.3,-0.06,IMPLIED_TEMP_USED_OPEN_BUCKET_APPROX,True,82-83°F,80-81°F,78-79°F,0.98,,,,,,,,,,,26.1,27.5,26.1,noaa_nws,78-79°F,False,False,,,True
2026-08-15 22:09:12,Miami,2026-08-15,32.7,33.0,90-91°F,0.0005,"{""79°F or below"": 0.0005, ""80-81°F"": 0.0005, ""82-83°F"": 0.0005, ""84-85°F"": 0.0005, ""86-87°F"": 0.0005, ""88-89°F"": 0.0005, ""90-91°F"": 0.0005, ""92-93°F"": 0.9955, ""94-95°F"": 0.004, ""96-97°F"": 0.0035, ""98°F or higher"": 0.0015}",2,,-18.15,-0.3,5446087b,0.3,,,33.61,0.91,0.61,0.0005,0.0005,0.0,0.0,0.0,IMPLIED_TEMP_USED_OPEN_BUCKET_APPROX,True,90-91°F,90-91°F,92-93°F,0.9955,,,,,,,,,,,34.0,33.9,34.0,noaa_nws,92-93°F,False,False,,,True
2026-08-15 22:09:12,London,2026-08-15,27.1,27.3,27°C,0.0005,"{""20°C or below"": 0.0005, ""21°C"": 0.0005, ""22°C"": 0.0005, ""23°C"": 0.0005, ""24°C"": 0.0005, ""25°C"": 0.0005, ""26°C"": 0.9995, ""27°C"": 0.0005, ""28°C"": 0.0005, ""29°C"": 0.0005, ""30°C or higher"": 0.0005}",2,,-23.15,-0.2,5446087b,0.2,,,25.99,-1.11,-1.31,0.0005,0.0005,0.0,0.0,0.0,IMPLIED_TEMP_USED_OPEN_BUCKET_APPROX,True,27°C,27°C,26°C,0.9995,,,,,,,,,,,,27.3,27.3,openmeteo_archive_proxy_fallback,27°C,True,True,,,False
2026-08-15 22:09:12,Paris,2026-08-16,30.5,32.5,30°C,0.625,"{""30°C"": 0.625, ""31°C"": 0.3, ""32°C"": 0.035, ""33°C"": 0.0095, ""34°C"": 0.0005, ""35°C or higher"": 0.0005, ""29°C"": 0.05, ""25°C or below"": 0.0005, ""26°C"": 0.0005, ""27°C"": 0.0015, ""28°C"": 0.015}",2,,-0.15,-2.0,5446087b,2.0,,,30.3,-0.2,-2.2,0.625,0.035,0.4,-0.7,-0.72,IMPLIED_TEMP_USED_OPEN_BUCKET_APPROX,True,30°C,32°C,30°C,0.625,,,,,,,,,,,,30.0,30.0,openmeteo_archive_proxy_fallback,30°C,True,False,,,True
2026-08-15 22:09:12,Ankara,2026-08-16,28.4,28.5,28°C,0.225,"{""30°C"": 0.006, ""31°C"": 0.0015, ""32°C or higher"": 0.0005, ""27°C"": 0.615, ""28°C"": 0.225, ""29°C"": 0.02, ""22°C or below"": 0.0005, ""23°C"": 0.0005, ""24°C"": 0.0005, ""25°C"": 0.031, ""26°C"": 0.155}",2,,-1.15,-0.1,5446087b,0.1,,,27.06,-1.34,-1.44,0.225,0.225,0.0,0.0,0.06,IMPLIED_TEMP_USED_OPEN_BUCKET_APPROX,True,28°C,28°C,27°C,0.615,,,,,,,,,,,,28.6,28.6,openmeteo_archive_proxy_fallback,29°C,False,False,,,False
2026-08-15 22:09:12,Buenos Aires,2026-08-15,15.0,13.6,15°C,0.0005,"{""12°C or below"": 0.0005, ""13°C"": 0.0005, ""14°C"": 0.0005, ""15°C"": 0.0005, ""16°C"": 0.997, ""17°C"": 0.0005, ""18°C"": 0.0005, ""19°C"": 0.0005, ""20°C"": 0.0005, ""21°C"": 0.0005, ""22°C or higher"": 0.0005}",2,,-19.15,1.4,5446087b,1.4,,,16.01,1.01,2.41,0.0005,0.0005,0.0,0.0,0.0,IMPLIED_TEMP_USED_OPEN_BUCKET_APPROX,True,15°C,14°C,16°C,0.997,,,,,,,,,,,,15.3,15.3,openmeteo_archive_proxy_fallback,15°C,True,False,,,False
2026-08-15 23:10:38,Hong Kong,2026-08-16,30.7,31.7,31°C,0.065,"{""27°C or below"": 0.0005, ""28°C"": 0.0005, ""29°C"": 0.003, ""30°C"": 0.015, ""31°C"": 0.065, ""32°C"": 0.375, ""33°C"": 0.425, ""34°C"": 0.145, ""35°C"": 0.018, ""36°C"": 0.004, ""37°C or higher"": 0.002}",2,,-7.18,-1.0,b6b3cf00,1.0,,,32.65,1.95,0.95,0.065,0.375,0.0,0.0,0.05,IMPLIED_TEMP_USED_OPEN_BUCKET_APPROX,True,31°C,32°C,33°C,0.425,,,,,,,,,,,,33.6,33.6,openmeteo_archive_proxy_fallback,34°C,False,False,,,False
2026-08-15 23:10:38,Tokyo,2026-08-16,27.2,28.4,27°C,0.105,"{""25°C"": 0.011, ""26°C"": 0.0125, ""24°C or below"": 0.0005, ""27°C"": 0.105, ""28°C"": 0.38, ""29°C"": 0.38, ""30°C"": 0.105, ""31°C"": 0.035, ""32°C"": 0.015, ""33°C"": 0.005, ""34°C or higher"": 0.0005}",2,,-8.18,-1.2,b6b3cf00,1.2,,,28.59,1.39,0.19,0.105,0.38,0.0,0.0,-0.02,IMPLIED_TEMP_USED_OPEN_BUCKET_APPROX,True,27°C,28°C,28°C,0.38,,,,,,,,,,,,26.4,26.4,openmeteo_archive_proxy_fallback,26°C,False,False,,,False
2026-08-15 23:10:38,Shanghai,2026-08-16,28.7,28.9,29°C,0.155,"{""25°C or below"": 0.0005, ""26°C"": 0.0005, ""27°C"": 0.0045, ""28°C"": 0.05, ""29°C"": 0.155, ""30°C"": 0.535, ""31°C"": 0.235, ""32°C"": 0.015, ""33°C"": 0.004, ""34°C"": 0.002, ""35°C or higher"": 0.0005}",2,,-7.18,-0.2,b6b3cf00,0.2,,,30.01,1.31,1.11,0.155,0.155,0.0,0.0,-0.25,IMPLIED_TEMP_USED_OPEN_BUCKET_APPROX,True,29°C,29°C,30°C,0.535,,,,,,,,,,,,29.8,29.8,openmeteo_archive_proxy_fallback,30°C,False,False,,,True
2026-08-15 23:10:38,Qingdao,2026-08-16,32.1,31.5,32°C,0.235,"{""26°C or below"": 0.0005, ""27°C"": 0.0005, ""28°C"": 0.0005, ""29°C"": 0.01, ""30°C"": 0.0005, ""31°C"": 0.06, ""32°C"": 0.235, ""33°C"": 0.465, ""34°C"": 0.25, ""35°C"": 0.035, ""36°C or higher"": 0.0065}",2,,-7.18,0.6,b6b3cf00,0.6,,,32.94,0.84,1.44,0.235,0.235,0.0,0.0,-0.03,IMPLIED_TEMP_USED_OPEN_BUCKET_APPROX,True,32°C,32°C,33°C,0.465,,,,,,,,,,,,31.7,31.7,openmeteo_archive_proxy_fallback,32°C,True,True,,,False
2026-08-15 23:10:38,Seoul,2026-08-16,28.5,28.7,28°C,0.31,"{""22°C or below"": 0.0005, ""23°C"": 0.0005, ""24°C"": 0.0005, ""25°C"": 0.0125, ""26°C"": 0.035, ""27°C"": 0.14, ""28°C"": 0.31, ""29°C"": 0.37, ""30°C"": 0.135, ""31°C"": 0.006, ""32°C or higher"": 0.009}",2,,-8.18,-0.2,b6b3cf00,0.2,,,28.43,-0.07,-0.27,0.31,0.37,0.0,0.0,-0.1,IMPLIED_TEMP_USED_OPEN_BUCKET_APPROX,True,28°C,29°C,29°C,0.37,,,,,,,,,,,,26.8,26.8,openmeteo_archive_proxy_fallback,27°C,False,False,,,False
2026-08-15 23:10:38,Guangzhou,2026-08-16,33.3,36.5,33°C,0.055,"{""29°C or below"": 0.0005, ""30°C"": 0.0005, ""31°C"": 0.0005, ""32°C"": 0.0005, ""33°C"": 0.055, ""34°C"": 0.095, ""35°C"": 0.285, ""36°C"": 0.44, ""37°C"": 0.12, ""38°C"": 0.008, ""39°C or higher"": 0.0015}",2,,-7.18,-3.2,b6b3cf00,3.2,,,35.49,2.19,-1.01,0.055,0.44,0.0,0.0,-0.1,IMPLIED_TEMP_USED_OPEN_BUCKET_APPROX,True,33°C,36°C,36°C,0.44,,,,,,,,,,,,34.7,34.7,openmeteo_archive_proxy_fallback,35°C,False,False,,,False
2026-08-15 23:10:38,Shenzhen,2026-08-16,30.9,34.2,31°C,0.065,"{""27°C or below"": 0.0005, ""28°C"": 0.0005, ""31°C"": 0.065, ""32°C"": 0.195, ""33°C"": 0.445, ""29°C"": 0.0005, ""30°C"": 0.015, ""34°C"": 0.245, ""35°C"": 0.06, ""36°C"": 0.021, ""37°C or higher"": 0.0025}",2,,-7.18,-3.3,b6b3cf00,3.3,,,33.06,2.16,-1.14,0.065,0.245,0.0,0.0,0.04,IMPLIED_TEMP_USED_OPEN_BUCKET_APPROX,True,31°C,34°C,33°C,0.445,,,,,,,,,,,,33.1,33.1,openmeteo_archive_proxy_fallback,33°C,False,False,,,True
2026-08-15 23:10:38,New York,2026-08-15,29.0,29.6,84-85°F,0.9975,"{""75°F or below"": 0.0005, ""76-77°F"": 0.0005, ""78-79°F"": 0.0005, ""80-81°F"": 0.0005, ""82-83°F"": 0.0005, ""84-85°F"": 0.9975, ""86-87°F"": 0.0025, ""88-89°F"": 0.0005, ""90-91°F"": 0.0005, ""92-93°F"": 0.0005, ""94°F or higher"": 0.0005}",2,,-19.18,-0.6,b6b3cf00,0.6,,,29.17,0.17,-0.43,0.9975,0.9975,0.0,0.0,-0.01,IMPLIED_TEMP_USED_OPEN_BUCKET_APPROX,True,84-85°F,84-85°F,84-85°F,0.9975,,,,,,,,,,,29.0,28.7,29.0,noaa_nws,84-85°F,True,True,,,True
2026-08-15 23:10:38,Chicago,2026-08-15,27.8,25.8,82-83°F,0.0005,"{""75°F or below"": 0.0005, ""76-77°F"": 0.0005, ""78-79°F"": 0.9945, ""80-81°F"": 0.0055, ""82-83°F"": 0.0005, ""84-85°F"": 0.003, ""86-87°F"": 0.0005, ""88-89°F"": 0.0005, ""90-91°F"": 0.0005, ""92-93°F"": 0.0005, ""94°F or higher"": 0.0005}",2,,-18.18,2.0,b6b3cf00,2.0,,,25.87,-1.93,0.07,0.0005,0.9945,0.0,-0.6,-0.04,IMPLIED_TEMP_USED_OPEN_BUCKET_APPROX,True,82-83°F,78-79°F,78-79°F,0.9945,,,,,,,,,,,26.1,27.5,26.1,noaa_nws,78-79°F,False,True,,,True
2026-08-15 23:10:38,Miami,2026-08-15,32.7,33.0,90-91°F,0.0005,"{""79°F or below"": 0.0005, ""80-81°F"": 0.0005, ""82-83°F"": 0.0005, ""84-85°F"": 0.0005, ""86-87°F"": 0.0005, ""88-89°F"": 0.0005, ""90-91°F"": 0.0005, ""92-93°F"": 0.9995, ""94-95°F"": 0.0005, ""96-97°F"": 0.0005, ""98°F or higher"": 0.0005}",2,,-19.18,-0.3,b6b3cf00,0.3,,,33.6,0.9,0.6,0.0005,0.0005,0.0,0.0,-0.01,IMPLIED_TEMP_USED_OPEN_BUCKET_APPROX,True,90-91°F,90-91°F,92-93°F,0.9995,,,,,,,,,,,34.0,33.9,34.0,noaa_nws,92-93°F,False,False,,,True
2026-08-15 23:10:38,London,2026-08-16,25.6,28.7,26°C,0.445,"{""23°C or below"": 0.015, ""24°C"": 0.045, ""25°C"": 0.32, ""26°C"": 0.445, ""27°C"": 0.18, ""28°C"": 0.04, ""29°C"": 0.002, ""30°C"": 0.0005, ""31°C"": 0.0005, ""32°C"": 0.0005, ""33°C or higher"": 0.0005}",2,,-0.18,-3.1,b6b3cf00,3.1,,,25.82,0.22,-2.88,0.445,0.002,-1.5,1.4,-0.17,IMPLIED_TEMP_USED_OPEN_BUCKET_APPROX,True,26°C,29°C,26°C,0.445,,,,,,,,,,,,25.2,25.2,openmeteo_archive_proxy_fallback,25°C,False,False,,,False
2026-08-15 23:10:38,Paris,2026-08-16,30.5,32.5,30°C,0.575,"{""30°C"": 0.575, ""31°C"": 0.345, ""32°C"": 0.0355, ""33°C"": 0.0095, ""34°C"": 0.0005, ""35°C or higher"": 0.0005, ""29°C"": 0.055, ""25°C or below"": 0.0005, ""26°C"": 0.0005, ""27°C"": 0.0005, ""28°C"": 0.015}",2,,-1.18,-2.0,b6b3cf00,2.0,,,30.35,-0.15,-2.15,0.575,0.0355,0.0,0.0,0.05,IMPLIED_TEMP_USED_OPEN_BUCKET_APPROX,True,30°C,32°C,30°C,0.575,,,,,,,,,,,,30.0,30.0,openmeteo_archive_proxy_fallback,30°C,True,False,,,True
2026-08-15 23:10:38,Ankara,2026-08-16,28.4,28.5,28°C,0.19,"{""30°C"": 0.001, ""31°C"": 0.0015, ""32°C or higher"": 0.0005, ""27°C"": 0.655, ""28°C"": 0.19, ""29°C"": 0.015, ""22°C or below"": 0.0005, ""23°C"": 0.0005, ""24°C"": 0.0005, ""25°C"": 0.024, ""26°C"": 0.12}",2,,-2.18,-0.1,b6b3cf00,0.1,,,27.06,-1.34,-1.44,0.19,0.19,0.0,0.0,0.0,IMPLIED_TEMP_USED_OPEN_BUCKET_APPROX,True,28°C,28°C,27°C,0.655,,,,,,,,,,,,28.6,28.6,openmeteo_archive_proxy_fallback,29°C,False,False,,,False
2026-08-15 23:10:38,Buenos Aires,2026-08-15,15.0,13.6,15°C,0.0005,"{""12°C or below"": 0.0005, ""13°C"": 0.0005, ""14°C"": 0.0005, ""15°C"": 0.0005, ""16°C"": 0.998, ""17°C"": 0.0005, ""18°C"": 0.0005, ""19°C"": 0.0005, ""20°C"": 0.0005, ""21°C"": 0.0005, ""22°C or higher"": 0.0005}",2,,-20.18,1.4,b6b3cf00,1.4,,,16.01,1.01,2.41,0.0005,0.0005,0.0,0.0,0.0,IMPLIED_TEMP_USED_OPEN_BUCKET_APPROX,True,15°C,14°C,16°C,0.998,,,,,,,,,,,,15.3,15.3,openmeteo_archive_proxy_fallback,15°C,True,False,,,False
2026-08-16 00:36:22,Hong Kong,2026-08-16,30.7,31.6,31°C,0.04,"{""27°C or below"": 0.0005, ""28°C"": 0.0005, ""29°C"": 0.003, ""30°C"": 0.0085, ""31°C"": 0.04, ""32°C"": 0.34, ""33°C"": 0.435, ""34°C"": 0.185, ""35°C"": 0.0195, ""36°C"": 0.0025, ""37°C or higher"": 0.002}",2,,-8.61,-0.9,670140c5,0.9,,,32.79,2.09,1.19,0.04,0.34,0.0,-0.1,0.14,IMPLIED_TEMP_USED_OPEN_BUCKET_APPROX,True,31°C,32°C,33°C,0.435,,,,,,,,,,,,33.6,33.6,openmeteo_archive_proxy_fallback,34°C,False,False,,,False
2026-08-16 00:36:22,Tokyo,2026-08-16,27.2,28.3,27°C,0.2,"{""25°C"": 0.0055, ""26°C"": 0.0495, ""24°C or below"": 0.0005, ""27°C"": 0.2, ""28°C"": 0.4, ""29°C"": 0.265, ""30°C"": 0.06, ""31°C"": 0.035, ""32°C"": 0.015, ""33°C"": 0.002, ""34°C or higher"": 0.0005}",2,,-9.61,-1.1,670140c5,1.1,,,28.24,1.04,-0.06,0.2,0.4,0.0,-0.1,-0.35,IMPLIED_TEMP_USED_OPEN_BUCKET_APPROX,True,27°C,28°C,28°C,0.4,,,,,,,,,,,,26.4,26.4,openmeteo_archive_proxy_fallback,26°C,False,False,,,False
2026-08-16 00:36:22,Shanghai,2026-08-16,28.7,28.6,29°C,0.33,"{""25°C or below"": 0.0005, ""26°C"": 0.0005, ""27°C"": 0.0015, ""28°C"": 0.057, ""29°C"": 0.33, ""30°C"": 0.495, ""31°C"": 0.125, ""32°C"": 0.015, ""33°C"": 0.003, ""34°C"": 0.001, ""35°C or higher"": 0.0005}",2,,-8.61,0.1,670140c5,0.1,,,29.73,1.03,1.13,0.33,0.33,0.0,-0.3,-0.28,IMPLIED_TEMP_USED_OPEN_BUCKET_APPROX,True,29°C,29°C,30°C,0.495,,,,,,,,,,,,29.8,29.8,openmeteo_archive_proxy_fallback,30°C,False,False,,,True
2026-08-16 00:36:22,Qingdao,2026-08-16,32.1,31.6,32°C,0.22,"{""26°C or below"": 0.0005, ""27°C"": 0.0005, ""28°C"": 0.0005, ""29°C"": 0.0035, ""30°C"": 0.0005, ""31°C"": 0.06, ""32°C"": 0.22, ""33°C"": 0.44, ""34°C"": 0.295, ""35°C"": 0.025, ""36°C or higher"": 0.006}",2,,-8.61,0.5,670140c5,0.5,,,33.0,0.9,1.4,0.22,0.22,0.0,0.1,0.06,IMPLIED_TEMP_USED_OPEN_BUCKET_APPROX,True,32°C,32°C,33°C,0.44,,,,,,,,,,,,31.7,31.7,openmeteo_archive_proxy_fallback,32°C,True,True,,,False
2026-08-16 00:36:22,Seoul,2026-08-16,28.5,26.4,28°C,0.285,"{""22°C or below"": 0.0005, ""23°C"": 0.0005, ""24°C"": 0.0005, ""25°C"": 0.0005, ""26°C"": 0.0055, ""27°C"": 0.09, ""28°C"": 0.285, ""29°C"": 0.41, ""30°C"": 0.175, ""31°C"": 0.0305, ""32°C or higher"": 0.0085}",2,,-9.61,2.1,670140c5,2.1,,,28.77,0.27,2.37,0.285,0.0055,0.0,-2.3,0.34,IMPLIED_TEMP_USED_OPEN_BUCKET_APPROX,True,28°C,26°C,29°C,0.41,,,,,,,,,,,,26.8,26.8,openmeteo_archive_proxy_fallback,27°C,False,False,,,False
2026-08-16 00:36:22,Guangzhou,2026-08-16,33.3,36.4,33°C,0.045,"{""29°C or below"": 0.0005, ""30°C"": 0.0005, ""31°C"": 0.0005, ""32°C"": 0.0005, ""33°C"": 0.045, ""34°C"": 0.095, ""35°C"": 0.33, ""36°C"": 0.45, ""37°C"": 0.115, ""38°C"": 0.008, ""39°C or higher"": 0.0015}",2,,-8.61,-3.1,670140c5,3.1,,,35.49,2.19,-0.91,0.045,0.45,0.0,-0.1,0.0,IMPLIED_TEMP_USED_OPEN_BUCKET_APPROX,True,33°C,36°C,36°C,0.45,,,,,,,,,,,,34.7,34.7,openmeteo_archive_proxy_fallback,35°C,False,False,,,False
2026-08-16 00:36:22,Shenzhen,2026-08-16,30.9,34.2,31°C,0.06,"{""27°C or below"": 0.0005, ""28°C"": 0.0005, ""31°C"": 0.06, ""32°C"": 0.175, ""33°C"": 0.475, ""29°C"": 0.0005, ""30°C"": 0.009, ""34°C"": 0.265, ""35°C"": 0.06, ""36°C"": 0.0155, ""37°C or higher"": 0.0025}",2,,-8.61,-3.3,670140c5,3.3,,,33.11,2.21,-1.09,0.06,0.265,0.0,0.0,0.05,IMPLIED_TEMP_USED_OPEN_BUCKET_APPROX,True,31°C,34°C,33°C,0.475,,,,,,,,,,,,33.1,33.1,openmeteo_archive_proxy_fallback,33°C,False,False,,,True
2026-08-16 00:36:22,New York,2026-08-15,29.0,29.6,84-85°F,0.9995,"{""75°F or below"": 0.0005, ""76-77°F"": 0.0005, ""78-79°F"": 0.0005, ""80-81°F"": 0.0005, ""82-83°F"": 0.0005, ""84-85°F"": 0.9995, ""86-87°F"": 0.0005, ""88-89°F"": 0.0005, ""90-91°F"": 0.0005, ""92-93°F"": 0.0005, ""94°F or higher"": 0.0005}",2,,-20.61,-0.6,670140c5,0.6,,,29.17,0.17,-0.43,0.9995,0.9995,0.0,0.0,0.0,IMPLIED_TEMP_USED_OPEN_BUCKET_APPROX,True,84-85°F,84-85°F,84-85°F,0.9995,,,,,,,,,,,29.0,28.7,29.0,noaa_nws,84-85°F,True,True,,,True
2026-08-16 00:36:22,Chicago,2026-08-15,27.8,25.8,82-83°F,0.0005,"{""75°F or below"": 0.0005, ""76-77°F"": 0.0005, ""78-79°F"": 0.995, ""80-81°F"": 0.0065, ""82-83°F"": 0.0005, ""84-85°F"": 0.0005, ""86-87°F"": 0.0005, ""88-89°F"": 0.0005, ""90-91°F"": 0.0005, ""92-93°F"": 0.0005, ""94°F or higher"": 0.0005}",2,,-19.61,2.0,670140c5,2.0,,,25.86,-1.94,0.06,0.0005,0.995,0.0,0.0,-0.01,IMPLIED_TEMP_USED_OPEN_BUCKET_APPROX,True,82-83°F,78-79°F,78-79°F,0.995,,,,,,,,,,,26.1,27.5,26.1,noaa_nws,78-79°F,False,True,,,True
2026-08-16 00:36:22,Miami,2026-08-15,32.7,33.0,90-91°F,0.0005,"{""79°F or below"": 0.0005, ""80-81°F"": 0.0005, ""82-83°F"": 0.0005, ""84-85°F"": 0.0005, ""86-87°F"": 0.0005, ""88-89°F"": 0.0005, ""90-91°F"": 0.0005, ""92-93°F"": 0.9995, ""94-95°F"": 0.0005, ""96-97°F"": 0.0005, ""98°F or higher"": 0.0005}",2,,-20.61,-0.3,670140c5,0.3,,,33.6,0.9,0.6,0.0005,0.0005,0.0,0.0,0.0,IMPLIED_TEMP_USED_OPEN_BUCKET_APPROX,True,90-91°F,90-91°F,92-93°F,0.9995,,,,,,,,,,,34.0,33.9,34.0,noaa_nws,92-93°F,False,False,,,True
2026-08-16 00:36:22,London,2026-08-16,25.6,28.0,26°C,0.505,"{""23°C or below"": 0.0065, ""24°C"": 0.035, ""25°C"": 0.255, ""26°C"": 0.505, ""27°C"": 0.215, ""28°C"": 0.025, ""29°C"": 0.002, ""30°C"": 0.0005, ""31°C"": 0.0005, ""32°C"": 0.0005, ""33°C or higher"": 0.0005}",2,,-1.61,-2.4,670140c5,2.4,,,25.94,0.34,-2.06,0.505,0.025,0.0,-0.7,0.12,IMPLIED_TEMP_USED_OPEN_BUCKET_APPROX,True,26°C,28°C,26°C,0.505,,,,,,,,,,,,25.2,25.2,openmeteo_archive_proxy_fallback,25°C,False,False,,,False
2026-08-16 00:36:22,Paris,2026-08-16,30.5,32.3,30°C,0.21,"{""30°C"": 0.21, ""31°C"": 0.66, ""32°C"": 0.046, ""33°C"": 0.0065, ""34°C"": 0.0005, ""35°C or higher"": 0.0005, ""29°C"": 0.05, ""25°C or below"": 0.0005, ""26°C"": 0.0005, ""27°C"": 0.0005, ""28°C"": 0.015}",2,,-2.61,-1.8,670140c5,1.8,,,30.7,0.2,-1.6,0.21,0.046,0.0,-0.2,0.35,IMPLIED_TEMP_USED_OPEN_BUCKET_APPROX,True,30°C,32°C,31°C,0.66,,,,,,,,,,,,30.0,30.0,openmeteo_archive_proxy_fallback,30°C,True,False,,,False
2026-08-16 00:36:22,Ankara,2026-08-16,28.4,28.3,28°C,0.225,"{""30°C"": 0.0045, ""31°C"": 0.0015, ""32°C or higher"": 0.0005, ""27°C"": 0.66, ""28°C"": 0.225, ""29°C"": 0.006, ""22°C or below"": 0.0005, ""23°C"": 0.0005, ""24°C"": 0.0005, ""25°C"": 0.015, ""26°C"": 0.115}",2,,-3.61,0.1,670140c5,0.1,,,27.1,-1.3,-1.2,0.225,0.225,0.0,-0.2,0.04,IMPLIED_TEMP_USED_OPEN_BUCKET_APPROX,True,28°C,28°C,27°C,0.66,,,,,,,,,,,,28.6,28.6,openmeteo_archive_proxy_fallback,29°C,False,False,,,False
2026-08-16 00:36:22,Buenos Aires,2026-08-15,15.0,13.8,15°C,0.0005,"{""12°C or below"": 0.0005, ""13°C"": 0.0005, ""14°C"": 0.0005, ""15°C"": 0.0005, ""16°C"": 0.999, ""17°C"": 0.0005, ""18°C"": 0.0005, ""19°C"": 0.0005, ""20°C"": 0.0005, ""21°C"": 0.0005, ""22°C or higher"": 0.0005}",2,,-21.61,1.2,670140c5,1.2,,,16.01,1.01,2.21,0.0005,0.0005,0.0,0.2,0.0,IMPLIED_TEMP_USED_OPEN_BUCKET_APPROX,True,15°C,14°C,16°C,0.999,,,,,,,,,,,,15.3,15.3,openmeteo_archive_proxy_fallback,15°C,True,False,,,False
2026-08-16 02:14:29,Hong Kong,2026-08-16,31.0,31.6,31°C,0.025,"{""27°C or below"": 0.0005, ""28°C"": 0.0005, ""29°C"": 0.0005, ""30°C"": 0.0025, ""31°C"": 0.025, ""32°C"": 0.15, ""33°C"": 0.535, ""34°C"": 0.275, ""35°C"": 0.022, ""36°C"": 0.0015, ""37°C or higher"": 0.0005}",2,,-10.24,-0.6,8114fc72,0.6,,,33.11,2.11,1.51,0.025,0.15,0.3,0.0,0.32,IMPLIED_TEMP_USED_OPEN_BUCKET_APPROX,True,31°C,32°C,33°C,0.535,,,,,,,,,,,,33.6,33.6,openmeteo_archive_proxy_fallback,34°C,False,False,,,False
2026-08-16 02:14:29,Tokyo,2026-08-16,27.2,28.3,27°C,0.435,"{""25°C"": 0.0005, ""26°C"": 0.095, ""24°C or below"": 0.0005, ""27°C"": 0.435, ""28°C"": 0.36, ""29°C"": 0.1, ""30°C"": 0.045, ""31°C"": 0.015, ""32°C"": 0.0015, ""33°C"": 0.0015, ""34°C or higher"": 0.0005}",2,,-11.24,-1.1,8114fc72,1.1,,,27.64,0.44,-0.66,0.435,0.36,0.0,0.0,-0.6,IMPLIED_TEMP_USED_OPEN_BUCKET_APPROX,True,27°C,28°C,27°C,0.435,,,,,,,,,,,,26.4,26.4,openmeteo_archive_proxy_fallback,26°C,False,False,,,False
2026-08-16 02:14:29,Shanghai,2026-08-16,29.5,28.6,30°C,0.6,"{""25°C or below"": 0.0005, ""26°C"": 0.0005, ""27°C"": 0.0005, ""28°C"": 0.0865, ""29°C"": 0.285, ""30°C"": 0.6, ""31°C"": 0.06, ""32°C"": 0.0115, ""33°C"": 0.0015, ""34°C"": 0.0005, ""35°C or higher"": 0.0005}",2,,-10.24,0.9,8114fc72,0.9,,,29.64,0.14,1.04,0.6,0.285,0.8,0.0,-0.09,IMPLIED_TEMP_USED_OPEN_BUCKET_APPROX,True,30°C,29°C,30°C,0.6,,,,,,,,,,,,29.8,29.8,openmeteo_archive_proxy_fallback,30°C,True,False,,,True
2026-08-16 02:14:29,Qingdao,2026-08-16,31.9,31.6,32°C,0.17,"{""26°C or below"": 0.0005, ""27°C"": 0.0005, ""28°C"": 0.0005, ""29°C"": 0.0005, ""30°C"": 0.0005, ""31°C"": 0.05, ""32°C"": 0.17, ""33°C"": 0.5, ""34°C"": 0.28, ""35°C"": 0.02, ""36°C or higher"": 0.006}",2,,-10.24,0.3,8114fc72,0.3,,,33.06,1.16,1.46,0.17,0.17,-0.2,0.0,0.06,IMPLIED_TEMP_USED_OPEN_BUCKET_APPROX,True,32°C,32°C,33°C,0.5,,,,,,,,,,,,31.7,31.7,openmeteo_archive_proxy_fallback,32°C,True,True,,,False
2026-08-16 02:14:29,Seoul,2026-08-16,29.6,26.4,30°C,0.06,"{""22°C or below"": 0.0005, ""23°C"": 0.0005, ""24°C"": 0.0005, ""25°C"": 0.0005, ""26°C"": 0.065, ""27°C"": 0.35, ""28°C"": 0.28, ""29°C"": 0.265, ""30°C"": 0.06, ""31°C"": 0.009, ""32°C or higher"": 0.0065}",2,,-11.24,3.2,8114fc72,3.2,,,27.95,-1.65,1.55,0.06,0.065,1.1,0.0,-0.82,IMPLIED_TEMP_USED_OPEN_BUCKET_APPROX,True,30°C,26°C,27°C,0.35,,,,,,,,,,,,26.8,26.8,openmeteo_archive_proxy_fallback,27°C,False,False,,,True
2026-08-16 02:14:29,Guangzhou,2026-08-16,33.5,36.4,34°C,0.07,"{""29°C or below"": 0.0005, ""30°C"": 0.0005, ""31°C"": 0.0005, ""32°C"": 0.0005, ""33°C"": 0.02, ""34°C"": 0.07, ""35°C"": 0.35, ""36°C"": 0.505, ""37°C"": 0.075, ""38°C"": 0.0095, ""39°C or higher"": 0.0015}",2,,-10.24,-2.9,8114fc72,2.9,,,35.55,2.05,-0.85,0.07,0.505,0.2,0.0,0.06,IMPLIED_TEMP_USED_OPEN_BUCKET_APPROX,True,34°C,36°C,36°C,0.505,,,,,,,,,,,,34.7,34.7,openmeteo_archive_proxy_fallback,35°C,False,False,,,False
2026-08-16 02:14:29,Shenzhen,2026-08-16,31.2,34.2,31°C,0.035,"{""27°C or below"": 0.0005, ""28°C"": 0.0005, ""31°C"": 0.035, ""32°C"": 0.1, ""33°C"": 0.48, ""29°C"": 0.0005, ""30°C"": 0.0005, ""34°C"": 0.345, ""35°C"": 0.065, ""36°C"": 0.021, ""37°C or higher"": 0.0025}",2,,-10.24,-3.0,8114fc72,3.0,,,33.35,2.15,-0.85,0.035,0.345,0.3,0.0,0.24,IMPLIED_TEMP_USED_OPEN_BUCKET_APPROX,True,31°C,34°C,33°C,0.48,,,,,,,,,,,,33.1,33.1,openmeteo_archive_proxy_fallback,33°C,False,False,,,True
2026-08-16 02:14:29,New York,2026-08-15,28.6,29.6,82-83°F,0.0005,"{""75°F or below"": 0.0005, ""76-77°F"": 0.0005, ""78-79°F"": 0.0005, ""80-81°F"": 0.0005, ""82-83°F"": 0.0005, ""84-85°F"": 0.9995, ""86-87°F"": 0.0005, ""88-89°F"": 0.0005, ""90-91°F"": 0.0005, ""92-93°F"": 0.0005, ""94°F or higher"": 0.0005}",2,,-22.24,-1.0,8114fc72,1.0,,,29.17,0.57,-0.43,0.0005,0.9995,-0.4,0.0,0.0,IMPLIED_TEMP_USED_OPEN_BUCKET_APPROX,True,82-83°F,84-85°F,84-85°F,0.9995,,,,,,,,,,,29.0,28.7,29.0,noaa_nws,84-85°F,False,True,,,True
2026-08-16 02:14:29,Chicago,2026-08-15,26.6,25.8,80-81°F,0.003,"{""75°F or below"": 0.0005, ""76-77°F"": 0.0005, ""78-79°F"": 0.9975, ""80-81°F"": 0.003, ""82-83°F"": 0.0005, ""84-85°F"": 0.0005, ""86-87°F"": 0.0005, ""88-89°F"": 0.0005, ""90-91°F"": 0.0005, ""92-93°F"": 0.0005, ""94°F or higher"": 0.0005}",2,,-21.24,0.8,8114fc72,0.8,,,25.86,-0.74,0.06,0.003,0.9975,-1.2,0.0,0.0,IMPLIED_TEMP_USED_OPEN_BUCKET_APPROX,True,80-81°F,78-79°F,78-79°F,0.9975,,,,,,,,,,,26.1,27.5,26.1,noaa_nws,78-79°F,False,True,,,True
2026-08-16 02:14:29,Miami,2026-08-15,33.3,33.0,92-93°F,0.9995,"{""79°F or below"": 0.0005, ""80-81°F"": 0.0005, ""82-83°F"": 0.0005, ""84-85°F"": 0.0005, ""86-87°F"": 0.0005, ""88-89°F"": 0.0005, ""90-91°F"": 0.0005, ""92-93°F"": 0.9995, ""94-95°F"": 0.0005, ""96-97°F"": 0.0005, ""98°F or higher"": 0.0005}",2,,-22.24,0.3,8114fc72,0.3,,,33.6,0.3,0.6,0.9995,0.0005,0.6,0.0,0.0,IMPLIED_TEMP_USED_OPEN_BUCKET_APPROX,True,92-93°F,90-91°F,92-93°F,0.9995,,,,,,,,,,,34.0,33.9,34.0,noaa_nws,92-93°F,True,False,,,True
2026-08-16 02:14:29,London,2026-08-16,24.0,28.0,24°C,0.045,"{""23°C or below"": 0.0055, ""24°C"": 0.045, ""25°C"": 0.255, ""26°C"": 0.455, ""27°C"": 0.205, ""28°C"": 0.02, ""29°C"": 0.002, ""30°C"": 0.0005, ""31°C"": 0.0005, ""32°C"": 0.0005, ""33°C or higher"": 0.0005}",2,,-3.24,-4.0,8114fc72,4.0,,,25.9,1.9,-2.1,0.045,0.02,-1.6,0.0,-0.04,IMPLIED_TEMP_USED_OPEN_BUCKET_APPROX,True,24°C,28°C,26°C,0.455,,,,,,,,,,,,25.2,25.2,openmeteo_archive_proxy_fallback,25°C,False,False,,,False
2026-08-16 02:14:29,Paris,2026-08-16,31.5,32.3,32°C,0.0465,"{""30°C"": 0.28, ""31°C"": 0.61, ""32°C"": 0.0465, ""33°C"": 0.0065, ""34°C"": 0.0005, ""35°C or higher"": 0.0005, ""29°C"": 0.04, ""25°C or below"": 0.0005, ""26°C"": 0.0005, ""27°C"": 0.0005, ""28°C"": 0.015}",2,,-4.24,-0.8,8114fc72,0.8,,,30.65,-0.85,-1.65,0.0465,0.0465,1.0,0.0,-0.05,IMPLIED_TEMP_USED_OPEN_BUCKET_APPROX,True,32°C,32°C,31°C,0.61,,,,,,,,,,,,30.0,30.0,openmeteo_archive_proxy_fallback,30°C,False,False,,,False
2026-08-16 02:14:29,Ankara,2026-08-16,28.2,28.3,28°C,0.23,"{""30°C"": 0.0015, ""31°C"": 0.0005, ""32°C or higher"": 0.0005, ""27°C"": 0.695, ""28°C"": 0.23, ""29°C"": 0.0055, ""22°C or below"": 0.0005, ""23°C"": 0.0005, ""24°C"": 0.0005, ""25°C"": 0.015, ""26°C"": 0.065}",2,,-5.24,-0.1,8114fc72,0.1,,,27.15,-1.05,-1.15,0.23,0.23,-0.2,0.0,0.05,IMPLIED_TEMP_USED_OPEN_BUCKET_APPROX,True,28°C,28°C,27°C,0.695,,,,,,,,,,,,28.6,28.6,openmeteo_archive_proxy_fallback,29°C,False,False,,,False
2026-08-16 02:14:29,Buenos Aires,2026-08-15,14.8,13.8,15°C,0.0005,"{""12°C or below"": 0.0005, ""13°C"": 0.0005, ""14°C"": 0.0005, ""15°C"": 0.0005, ""16°C"": 0.9995, ""17°C"": 0.0005, ""18°C"": 0.0005, ""19°C"": 0.0005, ""20°C"": 0.0005, ""21°C"": 0.0005, ""22°C or higher"": 0.0005}",2,,-23.24,1.0,8114fc72,1.0,,,16.01,1.21,2.21,0.0005,0.0005,-0.2,0.0,0.0,IMPLIED_TEMP_USED_OPEN_BUCKET_APPROX,True,15°C,14°C,16°C,0.9995,,,,,,,,,,,,15.3,15.3,openmeteo_archive_proxy_fallback,15°C,True,False,,,False
2026-08-16 03:38:36,Hong Kong,2026-08-16,31.0,31.6,31°C,0.0115,"{""27°C or below"": 0.0005, ""28°C"": 0.0005, ""29°C"": 0.0005, ""30°C"": 0.0005, ""31°C"": 0.0115, ""32°C"": 0.19, ""33°C"": 0.61, ""34°C"": 0.225, ""35°C"": 0.018, ""36°C"": 0.0005, ""37°C or higher"": 0.0005}",2,,-11.64,-0.6,3980a145,0.6,,,33.04,2.04,1.44,0.0115,0.19,0.0,0.0,-0.07,IMPLIED_TEMP_USED_OPEN_BUCKET_APPROX,True,31°C,32°C,33°C,0.61,,,,,,,,,,,,33.6,33.6,openmeteo_archive_proxy_fallback,34°C,False,False,,,False
2026-08-16 03:38:36,Tokyo,2026-08-16,27.2,28.3,27°C,0.19,"{""25°C"": 0.0005, ""26°C"": 0.754, ""24°C or below"": 0.0005, ""27°C"": 0.19, ""28°C"": 0.07, ""29°C"": 0.04, ""30°C"": 0.0065, ""31°C"": 0.0025, ""32°C"": 0.002, ""33°C"": 0.0005, ""34°C or higher"": 0.0005}",2,,-12.64,-1.1,3980a145,1.1,,,26.47,-0.73,-1.83,0.19,0.07,0.0,0.0,-1.17,IMPLIED_TEMP_USED_OPEN_BUCKET_APPROX,True,27°C,28°C,26°C,0.754,,,,,,,,,,,,26.4,26.4,openmeteo_archive_proxy_fallback,26°C,False,False,,,True
2026-08-16 03:38:36,Shanghai,2026-08-16,29.5,28.6,30°C,0.045,"{""25°C or below"": 0.0005, ""26°C"": 0.0005, ""27°C"": 0.0005, ""28°C"": 0.6495, ""29°C"": 0.265, ""30°C"": 0.045, ""31°C"": 0.015, ""32°C"": 0.0055, ""33°C"": 0.0005, ""34°C"": 0.0015, ""35°C or higher"": 0.0005}",2,,-11.64,0.9,3980a145,0.9,,,28.44,-1.06,-0.16,0.045,0.265,0.0,0.0,-1.2,IMPLIED_TEMP_USED_OPEN_BUCKET_APPROX,True,30°C,29°C,28°C,0.6495,,,,,,,,,,,,29.8,29.8,openmeteo_archive_proxy_fallback,30°C,True,False,,,False
2026-08-16 03:38:36,Qingdao,2026-08-16,31.9,31.6,32°C,0.26,"{""26°C or below"": 0.0005, ""27°C"": 0.0005, ""28°C"": 0.0005, ""29°C"": 0.0005, ""30°C"": 0.0005, ""31°C"": 0.0005, ""32°C"": 0.26, ""33°C"": 0.5, ""34°C"": 0.25, ""35°C"": 0.017, ""36°C or higher"": 0.006}",2,,-11.64,0.3,3980a145,0.3,,,33.03,1.13,1.43,0.26,0.26,0.0,0.0,-0.03,IMPLIED_TEMP_USED_OPEN_BUCKET_APPROX,True,32°C,32°C,33°C,0.5,,,,,,,,,,,,31.7,31.7,openmeteo_archive_proxy_fallback,32°C,True,True,,,False
2026-08-16 03:38:36,Seoul,2026-08-16,29.6,26.4,30°C,0.003,"{""22°C or below"": 0.0005, ""23°C"": 0.0005, ""24°C"": 0.0005, ""25°C"": 0.0005, ""26°C"": 0.628, ""27°C"": 0.28, ""28°C"": 0.135, ""29°C"": 0.005, ""30°C"": 0.003, ""31°C"": 0.0005, ""32°C or higher"": 0.0005}",2,,-12.64,3.2,3980a145,3.2,,,26.55,-3.05,0.15,0.003,0.628,0.0,0.0,-1.4,IMPLIED_TEMP_USED_OPEN_BUCKET_APPROX,True,30°C,26°C,26°C,0.628,,,,,,,,,,,,26.8,26.8,openmeteo_archive_proxy_fallback,27°C,False,False,,,False
2026-08-16 03:38:36,Guangzhou,2026-08-16,33.5,36.4,34°C,0.07,"{""29°C or below"": 0.0005, ""30°C"": 0.0005, ""31°C"": 0.0005, ""32°C"": 0.0005, ""33°C"": 0.0005, ""34°C"": 0.07, ""35°C"": 0.315, ""36°C"": 0.495, ""37°C"": 0.125, ""38°C"": 0.0095, ""39°C or higher"": 0.0015}",2,,-11.64,-2.9,3980a145,2.9,,,35.69,2.19,-0.71,0.07,0.495,0.0,0.0,0.14,IMPLIED_TEMP_USED_OPEN_BUCKET_APPROX,True,34°C,36°C,36°C,0.495,,,,,,,,,,,,34.7,34.7,openmeteo_archive_proxy_fallback,35°C,False,False,,,False
2026-08-16 03:38:36,Shenzhen,2026-08-16,31.2,34.2,31°C,0.0005,"{""27°C or below"": 0.0005, ""28°C"": 0.0005, ""31°C"": 0.0005, ""32°C"": 0.04, ""33°C"": 0.36, ""29°C"": 0.0005, ""30°C"": 0.0005, ""34°C"": 0.435, ""35°C"": 0.11, ""36°C"": 0.032, ""37°C or higher"": 0.007}",2,,-11.64,-3.0,3980a145,3.0,,,33.74,2.54,-0.46,0.0005,0.435,0.0,0.0,0.39,IMPLIED_TEMP_USED_OPEN_BUCKET_APPROX,True,31°C,34°C,34°C,0.435,,,,,,,,,,,,33.1,33.1,openmeteo_archive_proxy_fallback,33°C,False,False,,,False
2026-08-16 03:38:36,New York,2026-08-15,28.6,29.6,82-83°F,0.0005,"{""75°F or below"": 0.0005, ""76-77°F"": 0.0005, ""78-79°F"": 0.0005, ""80-81°F"": 0.0005, ""82-83°F"": 0.0005, ""84-85°F"": 0.9995, ""86-87°F"": 0.0005, ""88-89°F"": 0.0005, ""90-91°F"": 0.0005, ""92-93°F"": 0.0005, ""94°F or higher"": 0.0005}",2,,-23.64,-1.0,3980a145,1.0,,,29.17,0.57,-0.43,0.0005,0.9995,0.0,0.0,0.0,IMPLIED_TEMP_USED_OPEN_BUCKET_APPROX,True,82-83°F,84-85°F,84-85°F,0.9995,,,,,,,,,,,29.0,28.7,29.0,noaa_nws,84-85°F,False,True,,,True
2026-08-16 03:38:36,Chicago,2026-08-15,26.6,25.8,80-81°F,0.0005,"{""75°F or below"": 0.0005, ""76-77°F"": 0.0005, ""78-79°F"": 0.9985, ""80-81°F"": 0.0005, ""82-83°F"": 0.0005, ""84-85°F"": 0.0005, ""86-87°F"": 0.0005, ""88-89°F"": 0.0005, ""90-91°F"": 0.0005, ""92-93°F"": 0.0005, ""94°F or higher"": 0.0005}",2,,-22.64,0.8,3980a145,0.8,,,25.85,-0.75,0.05,0.0005,0.9985,0.0,0.0,-0.01,IMPLIED_TEMP_USED_OPEN_BUCKET_APPROX,True,80-81°F,78-79°F,78-79°F,0.9985,,,,,,,,,,,26.1,27.5,26.1,noaa_nws,78-79°F,False,True,,,True
2026-08-16 03:38:36,Miami,2026-08-15,33.3,33.0,92-93°F,0.9995,"{""79°F or below"": 0.0005, ""80-81°F"": 0.0005, ""82-83°F"": 0.0005, ""84-85°F"": 0.0005, ""86-87°F"": 0.0005, ""88-89°F"": 0.0005, ""90-91°F"": 0.0005, ""92-93°F"": 0.9995, ""94-95°F"": 0.0005, ""96-97°F"": 0.0005, ""98°F or higher"": 0.0005}",2,,-23.64,0.3,3980a145,0.3,,,33.6,0.3,0.6,0.9995,0.0005,0.0,0.0,0.0,IMPLIED_TEMP_USED_OPEN_BUCKET_APPROX,True,92-93°F,90-91°F,92-93°F,0.9995,,,,,,,,,,,34.0,33.9,34.0,noaa_nws,92-93°F,True,False,,,True
2026-08-16 03:38:36,London,2026-08-16,24.0,28.0,24°C,0.07,"{""23°C or below"": 0.0185, ""24°C"": 0.07, ""25°C"": 0.325, ""26°C"": 0.435, ""27°C"": 0.175, ""28°C"": 0.03, ""29°C"": 0.0025, ""30°C"": 0.0005, ""31°C"": 0.0005, ""32°C"": 0.0005, ""33°C or higher"": 0.0005}",2,,-4.64,-4.0,3980a145,4.0,,,25.74,1.74,-2.26,0.07,0.03,0.0,0.0,-0.16,IMPLIED_TEMP_USED_OPEN_BUCKET_APPROX,True,24°C,28°C,26°C,0.435,,,,,,,,,,,,25.2,25.2,openmeteo_archive_proxy_fallback,25°C,False,False,,,False
2026-08-16 03:38:36,Paris,2026-08-16,31.5,32.3,32°C,0.055,"{""30°C"": 0.26, ""31°C"": 0.645, ""32°C"": 0.055, ""33°C"": 0.0065, ""34°C"": 0.0005, ""35°C or higher"": 0.0005, ""29°C"": 0.04, ""25°C or below"": 0.0005, ""26°C"": 0.0005, ""27°C"": 0.0005, ""28°C"": 0.015}",2,,-5.64,-0.8,3980a145,0.8,,,30.69,-0.81,-1.61,0.055,0.055,0.0,0.0,0.04,IMPLIED_TEMP_USED_OPEN_BUCKET_APPROX,True,32°C,32°C,31°C,0.645,,,,,,,,,,,,30.0,30.0,openmeteo_archive_proxy_fallback,30°C,False,False,,,False
2026-08-16 03:38:36,Ankara,2026-08-16,28.2,28.3,28°C,0.205,"{""30°C"": 0.0015, ""31°C"": 0.0005, ""32°C or higher"": 0.0005, ""27°C"": 0.705, ""28°C"": 0.205, ""29°C"": 0.0055, ""22°C or below"": 0.0005, ""23°C"": 0.0005, ""24°C"": 0.0005, ""25°C"": 0.0115, ""26°C"": 0.095}",2,,-6.64,-0.1,3980a145,0.1,,,27.1,-1.1,-1.2,0.205,0.205,0.0,0.0,-0.05,IMPLIED_TEMP_USED_OPEN_BUCKET_APPROX,True,28°C,28°C,27°C,0.705,,,,,,,,,,,,28.6,28.6,openmeteo_archive_proxy_fallback,29°C,False,False,,,False
2026-08-16 03:38:36,Buenos Aires,2026-08-16,17.4,17.5,17°C,0.115,"{""13°C or below"": 0.0005, ""17°C"": 0.115, ""18°C"": 0.56, ""19°C"": 0.28, ""23°C or higher"": 0.002, ""20°C"": 0.025, ""21°C"": 0.02, ""22°C"": 0.0055, ""14°C"": 0.0005, ""15°C"": 0.0025, ""16°C"": 0.03}",2,,-0.64,-0.1,3980a145,0.1,,,18.23,0.83,0.73,0.115,0.56,2.6,3.7,2.22,IMPLIED_TEMP_USED_OPEN_BUCKET_APPROX,True,17°C,18°C,18°C,0.56,,,,,,,,,,,,17.7,17.7,openmeteo_archive_proxy_fallback,18°C,False,True,,,True
2026-08-16 04:25:04,Hong Kong,2026-08-16,31.0,31.6,31°C,0.0005,"{""27°C or below"": 0.0005, ""28°C"": 0.0005, ""29°C"": 0.0005, ""30°C"": 0.0005, ""31°C"": 0.0005, ""32°C"": 0.115, ""33°C"": 0.63, ""34°C"": 0.245, ""35°C"": 0.01, ""36°C"": 0.0005, ""37°C or higher"": 0.0005}",2,,-12.42,-0.6,04438000,0.6,,,33.14,2.14,1.54,0.0005,0.115,0.0,0.0,0.1,IMPLIED_TEMP_USED_OPEN_BUCKET_APPROX,True,31°C,32°C,33°C,0.63,,,,,,,,,,,,33.6,33.6,openmeteo_archive_proxy_fallback,34°C,False,False,,,False
2026-08-16 04:25:04,Tokyo,2026-08-16,27.2,28.3,27°C,0.145,"{""25°C"": 0.0005, ""26°C"": 0.775, ""24°C or below"": 0.0005, ""27°C"": 0.145, ""28°C"": 0.07, ""29°C"": 0.008, ""30°C"": 0.0035, ""31°C"": 0.0005, ""32°C"": 0.002, ""33°C"": 0.0005, ""34°C or higher"": 0.0005}",2,,-13.42,-1.1,04438000,1.1,,,26.34,-0.86,-1.96,0.145,0.07,0.0,0.0,-0.13,IMPLIED_TEMP_USED_OPEN_BUCKET_APPROX,True,27°C,28°C,26°C,0.775,,,,,,,,,,,,26.4,26.4,openmeteo_archive_proxy_fallback,26°C,False,False,,,True
2026-08-16 04:25:04,Shanghai,2026-08-16,29.5,28.6,30°C,0.055,"{""25°C or below"": 0.0005, ""26°C"": 0.0005, ""27°C"": 0.0005, ""28°C"": 0.638, ""29°C"": 0.255, ""30°C"": 0.055, ""31°C"": 0.015, ""32°C"": 0.0025, ""33°C"": 0.0005, ""34°C"": 0.0005, ""35°C or higher"": 0.0005}",2,,-12.42,0.9,04438000,0.9,,,28.44,-1.06,-0.16,0.055,0.255,0.0,0.0,0.0,IMPLIED_TEMP_USED_OPEN_BUCKET_APPROX,True,30°C,29°C,28°C,0.638,,,,,,,,,,,,29.8,29.8,openmeteo_archive_proxy_fallback,30°C,True,False,,,False
2026-08-16 04:25:04,Qingdao,2026-08-16,31.9,31.6,32°C,0.0005,"{""26°C or below"": 0.0005, ""27°C"": 0.0005, ""28°C"": 0.0005, ""29°C"": 0.0005, ""30°C"": 0.0005, ""31°C"": 0.0005, ""32°C"": 0.0005, ""33°C"": 0.61, ""34°C"": 0.375, ""35°C"": 0.015, ""36°C or higher"": 0.006}",2,,-12.42,0.3,04438000,0.3,,,33.41,1.51,1.81,0.0005,0.0005,0.0,0.0,0.38,IMPLIED_TEMP_USED_OPEN_BUCKET_APPROX,True,32°C,32°C,33°C,0.61,,,,,,,,,,,,31.7,31.7,openmeteo_archive_proxy_fallback,32°C,True,True,,,False
2026-08-16 04:25:04,Seoul,2026-08-16,29.6,26.4,30°C,0.0065,"{""22°C or below"": 0.0005, ""23°C"": 0.0005, ""24°C"": 0.0005, ""25°C"": 0.0005, ""26°C"": 0.278, ""27°C"": 0.44, ""28°C"": 0.175, ""29°C"": 0.0435, ""30°C"": 0.0065, ""31°C"": 0.0005, ""32°C or higher"": 0.0005}",2,,-13.42,3.2,04438000,3.2,,,27.0,-2.6,0.6,0.0065,0.278,0.0,0.0,0.45,IMPLIED_TEMP_USED_OPEN_BUCKET_APPROX,True,30°C,26°C,27°C,0.44,,,,,,,,,,,,26.8,26.8,openmeteo_archive_proxy_fallback,27°C,False,False,,,True
2026-08-16 04:25:04,Guangzhou,2026-08-16,33.5,36.4,34°C,0.0005,"{""29°C or below"": 0.0005, ""30°C"": 0.0005, ""31°C"": 0.0005, ""32°C"": 0.0005, ""33°C"": 0.0005, ""34°C"": 0.0005, ""35°C"": 0.24, ""36°C"": 0.59, ""37°C"": 0.14, ""38°C"": 0.015, ""39°C or higher"": 0.0015}",2,,-12.42,-2.9,04438000,2.9,,,35.92,2.42,-0.48,0.0005,0.59,0.0,0.0,0.23,IMPLIED_TEMP_USED_OPEN_BUCKET_APPROX,True,34°C,36°C,36°C,0.59,,,,,,,,,,,,34.7,34.7,openmeteo_archive_proxy_fallback,35°C,False,False,,,False
2026-08-16 04:25:04,Shenzhen,2026-08-16,31.2,34.2,31°C,0.0005,"{""27°C or below"": 0.0005, ""28°C"": 0.0005, ""31°C"": 0.0005, ""32°C"": 0.0045, ""33°C"": 0.25, ""29°C"": 0.0005, ""30°C"": 0.0005, ""34°C"": 0.54, ""35°C"": 0.22, ""36°C"": 0.014, ""37°C or higher"": 0.009}",2,,-12.42,-3.0,04438000,3.0,,,34.01,2.81,-0.19,0.0005,0.54,0.0,0.0,0.27,IMPLIED_TEMP_USED_OPEN_BUCKET_APPROX,True,31°C,34°C,34°C,0.54,,,,,,,,,,,,33.1,33.1,openmeteo_archive_proxy_fallback,33°C,False,False,,,False
2026-08-16 04:25:04,New York,2026-08-16,27.7,27.8,82-83°F,0.245,"{""72-73°F"": 0.0035, ""74-75°F"": 0.011, ""82-83°F"": 0.245, ""86-87°F"": 0.0115, ""90°F or higher"": 0.0025, ""71°F or below"": 0.0005, ""76-77°F"": 0.055, ""78-79°F"": 0.175, ""80-81°F"": 0.46, ""84-85°F"": 0.065, ""88-89°F"": 0.0025}",2,,-0.42,-0.1,04438000,0.1,,,27.05,-0.65,-0.75,0.245,0.245,-0.9,-1.8,-2.12,IMPLIED_TEMP_USED_OPEN_BUCKET_APPROX,True,82-83°F,82-83°F,80-81°F,0.46,,,,,,,,,,,28.0,26.9,28.0,noaa_nws,82-83°F,True,True,,,False
2026-08-16 04:25:04,Chicago,2026-08-15,26.6,25.8,80-81°F,0.0005,"{""75°F or below"": 0.0005, ""76-77°F"": 0.0005, ""78-79°F"": 0.9985, ""80-81°F"": 0.0005, ""82-83°F"": 0.0005, ""84-85°F"": 0.0005, ""86-87°F"": 0.0005, ""88-89°F"": 0.0005, ""90-91°F"": 0.0005, ""92-93°F"": 0.0005, ""94°F or higher"": 0.0005}",2,,-23.42,0.8,04438000,0.8,,,25.85,-0.75,0.05,0.0005,0.9985,0.0,0.0,0.0,IMPLIED_TEMP_USED_OPEN_BUCKET_APPROX,True,80-81°F,78-79°F,78-79°F,0.9985,,,,,,,,,,,26.1,27.5,26.1,noaa_nws,78-79°F,False,True,,,True
2026-08-16 04:25:04,Miami,2026-08-16,32.9,32.8,90-91°F,0.011,"{""100-101°F"": 0.0015, ""102-103°F"": 0.0005, ""104°F or higher"": 0.0005, ""85°F or below"": 0.0005, ""86-87°F"": 0.003, ""88-89°F"": 0.007, ""90-91°F"": 0.011, ""92-93°F"": 0.555, ""94-95°F"": 0.43, ""96-97°F"": 0.025, ""98-99°F"": 0.0055}",2,,-0.42,0.1,04438000,0.1,,,34.12,1.22,1.32,0.011,0.011,-0.4,-0.2,0.52,IMPLIED_TEMP_USED_OPEN_BUCKET_APPROX,True,90-91°F,90-91°F,92-93°F,0.555,,,,,,,,,,,34.0,33.5,34.0,noaa_nws,92-93°F,False,False,,,True
2026-08-16 04:25:04,London,2026-08-16,24.0,28.0,24°C,0.08,"{""23°C or below"": 0.0225, ""24°C"": 0.08, ""25°C"": 0.325, ""26°C"": 0.435, ""27°C"": 0.175, ""28°C"": 0.015, ""29°C"": 0.0025, ""30°C"": 0.0005, ""31°C"": 0.0005, ""32°C"": 0.0005, ""33°C or higher"": 0.0005}",2,,-5.42,-4.0,04438000,4.0,,,25.68,1.68,-2.32,0.08,0.015,0.0,0.0,-0.06,IMPLIED_TEMP_USED_OPEN_BUCKET_APPROX,True,24°C,28°C,26°C,0.435,,,,,,,,,,,,25.2,25.2,openmeteo_archive_proxy_fallback,25°C,False,False,,,False
2026-08-16 04:25:04,Paris,2026-08-16,31.5,32.3,32°C,0.077,"{""30°C"": 0.265, ""31°C"": 0.615, ""32°C"": 0.077, ""33°C"": 0.0065, ""34°C"": 0.0005, ""35°C or higher"": 0.0005, ""29°C"": 0.04, ""25°C or below"": 0.0005, ""26°C"": 0.0005, ""27°C"": 0.0005, ""28°C"": 0.015}",2,,-6.42,-0.8,04438000,0.8,,,30.7,-0.8,-1.6,0.077,0.077,0.0,0.0,0.01,IMPLIED_TEMP_USED_OPEN_BUCKET_APPROX,True,32°C,32°C,31°C,0.615,,,,,,,,,,,,30.0,30.0,openmeteo_archive_proxy_fallback,30°C,False,False,,,False
2026-08-16 04:25:04,Ankara,2026-08-16,28.2,28.3,28°C,0.225,"{""30°C"": 0.0005, ""31°C"": 0.0005, ""32°C or higher"": 0.0005, ""27°C"": 0.695, ""28°C"": 0.225, ""29°C"": 0.0055, ""22°C or below"": 0.0005, ""23°C"": 0.0005, ""24°C"": 0.0005, ""25°C"": 0.0105, ""26°C"": 0.1}",2,,-7.42,-0.1,04438000,0.1,,,27.11,-1.09,-1.19,0.225,0.225,0.0,0.0,0.01,IMPLIED_TEMP_USED_OPEN_BUCKET_APPROX,True,28°C,28°C,27°C,0.695,,,,,,,,,,,,28.6,28.6,openmeteo_archive_proxy_fallback,29°C,False,False,,,False
2026-08-16 04:25:04,Buenos Aires,2026-08-16,17.4,17.5,17°C,0.115,"{""13°C or below"": 0.0005, ""17°C"": 0.115, ""18°C"": 0.58, ""19°C"": 0.27, ""23°C or higher"": 0.002, ""20°C"": 0.025, ""21°C"": 0.02, ""22°C"": 0.0055, ""14°C"": 0.0005, ""15°C"": 0.0025, ""16°C"": 0.025}",2,,-1.42,-0.1,04438000,0.1,,,18.23,0.83,0.73,0.115,0.58,0.0,0.0,0.0,IMPLIED_TEMP_USED_OPEN_BUCKET_APPROX,True,17°C,18°C,18°C,0.58,,,,,,,,,,,,17.7,17.7,openmeteo_archive_proxy_fallback,18°C,False,True,,,True
2026-08-16 05:17:45,Hong Kong,2026-08-16,31.0,31.6,31°C,0.0005,"{""27°C or below"": 0.0005, ""28°C"": 0.0005, ""29°C"": 0.0005, ""30°C"": 0.0005, ""31°C"": 0.0005, ""32°C"": 0.055, ""33°C"": 0.71, ""34°C"": 0.25, ""35°C"": 0.0075, ""36°C"": 0.0005, ""37°C or higher"": 0.0005}",2,,-13.3,-0.6,532abd65,0.6,,,33.2,2.2,1.6,0.0005,0.055,0.0,0.0,0.06,IMPLIED_TEMP_USED_OPEN_BUCKET_APPROX,True,31°C,32°C,33°C,0.71,,,,,,,,,,,,33.6,33.6,openmeteo_archive_proxy_fallback,34°C,False,False,,,False
2026-08-16 05:17:45,Tokyo,2026-08-16,27.2,28.3,27°C,0.215,"{""25°C"": 0.0005, ""26°C"": 0.7195, ""24°C or below"": 0.0005, ""27°C"": 0.215, ""28°C"": 0.04, ""29°C"": 0.0085, ""30°C"": 0.002, ""31°C"": 0.0005, ""32°C"": 0.002, ""33°C"": 0.0005, ""34°C or higher"": 0.0005}",2,,-14.3,-1.1,532abd65,1.1,,,26.35,-0.85,-1.95,0.215,0.04,0.0,0.0,0.01,IMPLIED_TEMP_USED_OPEN_BUCKET_APPROX,True,27°C,28°C,26°C,0.7195,,,,,,,,,,,,26.4,26.4,openmeteo_archive_proxy_fallback,26°C,False,False,,,True
2026-08-16 05:17:45,Shanghai,2026-08-16,29.5,28.6,30°C,0.04,"{""25°C or below"": 0.0005, ""26°C"": 0.0005, ""27°C"": 0.0005, ""28°C"": 0.7705, ""29°C"": 0.125, ""30°C"": 0.04, ""31°C"": 0.006, ""32°C"": 0.0005, ""33°C"": 0.0005, ""34°C"": 0.0005, ""35°C or higher"": 0.0005}",2,,-13.3,0.9,532abd65,0.9,,,28.24,-1.26,-0.36,0.04,0.125,0.0,0.0,-0.2,IMPLIED_TEMP_USED_OPEN_BUCKET_APPROX,True,30°C,29°C,28°C,0.7705,,,,,,,,,,,,29.8,29.8,openmeteo_archive_proxy_fallback,30°C,True,False,,,False
2026-08-16 05:17:45,Qingdao,2026-08-16,31.9,31.6,32°C,0.0005,"{""26°C or below"": 0.0005, ""27°C"": 0.0005, ""28°C"": 0.0005, ""29°C"": 0.0005, ""30°C"": 0.0005, ""31°C"": 0.0005, ""32°C"": 0.0005, ""33°C"": 0.895, ""34°C"": 0.085, ""35°C"": 0.009, ""36°C or higher"": 0.0005}",2,,-13.3,0.3,532abd65,0.3,,,33.09,1.19,1.49,0.0005,0.0005,0.0,0.0,-0.32,IMPLIED_TEMP_USED_OPEN_BUCKET_APPROX,True,32°C,32°C,33°C,0.895,,,,,,,,,,,,31.7,31.7,openmeteo_archive_proxy_fallback,32°C,True,True,,,False
2026-08-16 05:17:45,Seoul,2026-08-16,29.6,26.4,30°C,0.0065,"{""22°C or below"": 0.0005, ""23°C"": 0.0005, ""24°C"": 0.0005, ""25°C"": 0.0005, ""26°C"": 0.7305, ""27°C"": 0.22, ""28°C"": 0.035, ""29°C"": 0.0055, ""30°C"": 0.0065, ""31°C"": 0.0005, ""32°C or higher"": 0.0005}",2,,-14.3,3.2,532abd65,3.2,,,26.33,-3.27,-0.07,0.0065,0.7305,0.0,0.0,-0.67,IMPLIED_TEMP_USED_OPEN_BUCKET_APPROX,True,30°C,26°C,26°C,0.7305,,,,,,,,,,,,26.8,26.8,openmeteo_archive_proxy_fallback,27°C,False,False,,,False
2026-08-16 05:17:45,Guangzhou,2026-08-16,33.5,36.4,34°C,0.0005,"{""29°C or below"": 0.0005, ""30°C"": 0.0005, ""31°C"": 0.0005, ""32°C"": 0.0005, ""33°C"": 0.0005, ""34°C"": 0.0005, ""35°C"": 0.335, ""36°C"": 0.55, ""37°C"": 0.115, ""38°C"": 0.015, ""39°C or higher"": 0.0005}",2,,-13.3,-2.9,532abd65,2.9,,,35.8,2.3,-0.6,0.0005,0.55,0.0,0.0,-0.12,IMPLIED_TEMP_USED_OPEN_BUCKET_APPROX,True,34°C,36°C,36°C,0.55,,,,,,,,,,,,34.7,34.7,openmeteo_archive_proxy_fallback,35°C,False,False,,,False
2026-08-16 05:17:45,Shenzhen,2026-08-16,31.2,34.2,31°C,0.0005,"{""27°C or below"": 0.0005, ""28°C"": 0.0005, ""31°C"": 0.0005, ""32°C"": 0.003, ""33°C"": 0.21, ""29°C"": 0.0005, ""30°C"": 0.0005, ""34°C"": 0.495, ""35°C"": 0.225, ""36°C"": 0.0145, ""37°C or higher"": 0.0025}",2,,-13.3,-3.0,532abd65,3.0,,,34.04,2.84,-0.16,0.0005,0.495,0.0,0.0,0.03,IMPLIED_TEMP_USED_OPEN_BUCKET_APPROX,True,31°C,34°C,34°C,0.495,,,,,,,,,,,,33.1,33.1,openmeteo_archive_proxy_fallback,33°C,False,False,,,False
2026-08-16 05:17:45,New York,2026-08-16,27.7,28.0,82-83°F,0.28,"{""72-73°F"": 0.0005, ""74-75°F"": 0.0005, ""82-83°F"": 0.28, ""86-87°F"": 0.012, ""90°F or higher"": 0.0005, ""71°F or below"": 0.0005, ""76-77°F"": 0.045, ""78-79°F"": 0.165, ""80-81°F"": 0.475, ""84-85°F"": 0.055, ""88-89°F"": 0.0025}",2,,-1.3,-0.3,532abd65,0.3,,,27.13,-0.57,-0.87,0.28,0.28,0.0,0.2,0.08,IMPLIED_TEMP_USED_OPEN_BUCKET_APPROX,True,82-83°F,82-83°F,80-81°F,0.475,,,,,,,,,,,28.0,26.9,28.0,noaa_nws,82-83°F,True,True,,,False
2026-08-16 05:17:45,Chicago,2026-08-16,29.1,28.7,84-85°F,0.31,"{""77°F or below"": 0.0005, ""78-79°F"": 0.006, ""80-81°F"": 0.02, ""82-83°F"": 0.04, ""84-85°F"": 0.31, ""86-87°F"": 0.415, ""88-89°F"": 0.195, ""90-91°F"": 0.015, ""92-93°F"": 0.0035, ""94-95°F"": 0.0005, ""96°F or higher"": 0.0005}",2,,-0.3,0.4,532abd65,0.4,,,30.02,0.92,1.32,0.31,0.31,2.5,2.9,4.17,IMPLIED_TEMP_USED_OPEN_BUCKET_APPROX,True,84-85°F,84-85°F,86-87°F,0.415,,,,,,,,,,,30.0,29.6,30.0,noaa_nws,86-87°F,False,False,,,True
2026-08-16 05:17:45,Miami,2026-08-16,32.9,32.8,90-91°F,0.0105,"{""100-101°F"": 0.001, ""102-103°F"": 0.0005, ""104°F or higher"": 0.0005, ""85°F or below"": 0.0005, ""86-87°F"": 0.003, ""88-89°F"": 0.007, ""90-91°F"": 0.0105, ""92-93°F"": 0.485, ""94-95°F"": 0.515, ""96-97°F"": 0.02, ""98-99°F"": 0.005}",2,,-1.3,0.1,532abd65,0.1,,,34.19,1.29,1.39,0.0105,0.0105,0.0,0.0,0.07,IMPLIED_TEMP_USED_OPEN_BUCKET_APPROX,True,90-91°F,90-91°F,94-95°F,0.515,,,,,,,,,,,34.0,33.5,34.0,noaa_nws,92-93°F,False,False,,,False
2026-08-16 05:17:45,London,2026-08-16,24.0,28.0,24°C,0.055,"{""23°C or below"": 0.023, ""24°C"": 0.055, ""25°C"": 0.23, ""26°C"": 0.595, ""27°C"": 0.125, ""28°C"": 0.015, ""29°C"": 0.0025, ""30°C"": 0.0005, ""31°C"": 0.0005, ""32°C"": 0.0005, ""33°C or higher"": 0.0005}",2,,-6.3,-4.0,532abd65,4.0,,,25.76,1.76,-2.24,0.055,0.015,0.0,0.0,0.08,IMPLIED_TEMP_USED_OPEN_BUCKET_APPROX,True,24°C,28°C,26°C,0.595,,,,,,,,,,,,25.2,25.2,openmeteo_archive_proxy_fallback,25°C,False,False,,,False
2026-08-16 05:17:45,Paris,2026-08-16,31.5,32.3,32°C,0.102,"{""30°C"": 0.255, ""31°C"": 0.615, ""32°C"": 0.102, ""33°C"": 0.0035, ""34°C"": 0.0005, ""35°C or higher"": 0.0005, ""29°C"": 0.045, ""25°C or below"": 0.0005, ""26°C"": 0.0005, ""27°C"": 0.0005, ""28°C"": 0.015}",2,,-7.3,-0.8,532abd65,0.8,,,30.73,-0.77,-1.57,0.102,0.102,0.0,0.0,0.03,IMPLIED_TEMP_USED_OPEN_BUCKET_APPROX,True,32°C,32°C,31°C,0.615,,,,,,,,,,,,30.0,30.0,openmeteo_archive_proxy_fallback,30°C,False,False,,,False
2026-08-16 05:17:45,Ankara,2026-08-16,28.2,28.3,28°C,0.215,"{""30°C"": 0.0005, ""31°C"": 0.0005, ""32°C or higher"": 0.0005, ""27°C"": 0.705, ""28°C"": 0.215, ""29°C"": 0.0055, ""22°C or below"": 0.0005, ""23°C"": 0.0005, ""24°C"": 0.0005, ""25°C"": 0.0105, ""26°C"": 0.095}",2,,-8.3,-0.1,532abd65,0.1,,,27.11,-1.09,-1.19,0.215,0.215,0.0,0.0,0.0,IMPLIED_TEMP_USED_OPEN_BUCKET_APPROX,True,28°C,28°C,27°C,0.705,,,,,,,,,,,,28.6,28.6,openmeteo_archive_proxy_fallback,29°C,False,False,,,False
2026-08-16 05:17:45,Buenos Aires,2026-08-16,17.4,17.5,17°C,0.135,"{""13°C or below"": 0.0005, ""17°C"": 0.135, ""18°C"": 0.55, ""19°C"": 0.265, ""23°C or higher"": 0.002, ""20°C"": 0.04, ""21°C"": 0.02, ""22°C"": 0.0055, ""14°C"": 0.0005, ""15°C"": 0.0025, ""16°C"": 0.03}",2,,-2.3,-0.1,532abd65,0.1,,,18.22,0.82,0.72,0.135,0.55,0.0,0.0,-0.01,IMPLIED_TEMP_USED_OPEN_BUCKET_APPROX,True,17°C,18°C,18°C,0.55,,,,,,,,,,,,17.7,17.7,openmeteo_archive_proxy_fallback,18°C,False,True,,,True
2026-08-16 06:20:47,Hong Kong,2026-08-16,31.0,31.7,31°C,0.0005,"{""27°C or below"": 0.0005, ""28°C"": 0.0005, ""29°C"": 0.0005, ""30°C"": 0.0005, ""31°C"": 0.0005, ""32°C"": 0.0005, ""33°C"": 0.765, ""34°C"": 0.215, ""35°C"": 0.007, ""36°C"": 0.0015, ""37°C or higher"": 0.0005}",2,,-14.35,-0.7,8f847b54,0.7,,,33.23,2.23,1.53,0.0005,0.0005,0.0,0.1,0.03,IMPLIED_TEMP_USED_OPEN_BUCKET_APPROX,True,31°C,32°C,33°C,0.765,,,,,,,,,,,,33.6,33.6,openmeteo_archive_proxy_fallback,34°C,False,False,,,False
2026-08-16 06:20:47,Tokyo,2026-08-16,27.2,28.5,27°C,0.05,"{""25°C"": 0.0005, ""26°C"": 0.93, ""24°C or below"": 0.0005, ""27°C"": 0.05, ""28°C"": 0.025, ""29°C"": 0.006, ""30°C"": 0.0005, ""31°C"": 0.0005, ""32°C"": 0.0005, ""33°C"": 0.0005, ""34°C or higher"": 0.0005}",2,,-15.35,-1.3,8f847b54,1.3,,,26.13,-1.07,-2.37,0.05,0.025,0.0,0.2,-0.22,IMPLIED_TEMP_USED_OPEN_BUCKET_APPROX,True,27°C,28°C,26°C,0.93,,,,,,,,,,,,26.4,26.4,openmeteo_archive_proxy_fallback,26°C,False,False,,,True
2026-08-16 06:20:47,Shanghai,2026-08-16,29.5,28.3,30°C,0.01,"{""25°C or below"": 0.0005, ""26°C"": 0.0005, ""27°C"": 0.0005, ""28°C"": 0.9095, ""29°C"": 0.085, ""30°C"": 0.01, ""31°C"": 0.0015, ""32°C"": 0.0005, ""33°C"": 0.0005, ""34°C"": 0.0005, ""35°C or higher"": 0.0005}",2,,-14.35,1.2,8f847b54,1.2,,,28.12,-1.38,-0.18,0.01,0.9095,0.0,-0.3,-0.12,IMPLIED_TEMP_USED_OPEN_BUCKET_APPROX,True,30°C,28°C,28°C,0.9095,,,,,,,,,,,,29.8,29.8,openmeteo_archive_proxy_fallback,30°C,True,False,,,False
2026-08-16 06:20:47,Qingdao,2026-08-16,31.9,31.6,32°C,0.0005,"{""26°C or below"": 0.0005, ""27°C"": 0.0005, ""28°C"": 0.0005, ""29°C"": 0.0005, ""30°C"": 0.0005, ""31°C"": 0.0005, ""32°C"": 0.0005, ""33°C"": 0.93, ""34°C"": 0.065, ""35°C"": 0.0055, ""36°C or higher"": 0.001}",2,,-14.35,0.3,8f847b54,0.3,,,33.06,1.16,1.46,0.0005,0.0005,0.0,0.0,-0.03,IMPLIED_TEMP_USED_OPEN_BUCKET_APPROX,True,32°C,32°C,33°C,0.93,,,,,,,,,,,,31.7,31.7,openmeteo_archive_proxy_fallback,32°C,True,True,,,False
2026-08-16 06:20:47,Seoul,2026-08-16,29.6,27.3,30°C,0.0015,"{""22°C or below"": 0.0005, ""23°C"": 0.0005, ""24°C"": 0.0005, ""25°C"": 0.0005, ""26°C"": 0.4445, ""27°C"": 0.545, ""28°C"": 0.045, ""29°C"": 0.006, ""30°C"": 0.0015, ""31°C"": 0.0005, ""32°C or higher"": 0.0005}",2,,-15.35,2.3,8f847b54,2.3,,,26.63,-2.97,-0.67,0.0015,0.545,0.0,0.9,0.3,IMPLIED_TEMP_USED_OPEN_BUCKET_APPROX,True,30°C,27°C,27°C,0.545,,,,,,,,,,,,26.8,26.8,openmeteo_archive_proxy_fallback,27°C,False,True,,,True
2026-08-16 06:20:47,Guangzhou,2026-08-16,33.5,36.5,34°C,0.0005,"{""29°C or below"": 0.0005, ""30°C"": 0.0005, ""31°C"": 0.0005, ""32°C"": 0.0005, ""33°C"": 0.0005, ""34°C"": 0.0005, ""35°C"": 0.0005, ""36°C"": 0.605, ""37°C"": 0.285, ""38°C"": 0.0095, ""39°C or higher"": 0.0015}",2,,-14.35,-3.0,8f847b54,3.0,,,36.33,2.83,-0.17,0.0005,0.605,0.0,0.1,0.53,IMPLIED_TEMP_USED_OPEN_BUCKET_APPROX,True,34°C,36°C,36°C,0.605,,,,,,,,,,,,34.7,34.7,openmeteo_archive_proxy_fallback,35°C,False,False,,,False
2026-08-16 06:20:47,Shenzhen,2026-08-16,31.2,34.3,31°C,0.0005,"{""27°C or below"": 0.0005, ""28°C"": 0.0005, ""31°C"": 0.0005, ""32°C"": 0.0005, ""33°C"": 0.006, ""29°C"": 0.0005, ""30°C"": 0.0005, ""34°C"": 0.575, ""35°C"": 0.335, ""36°C"": 0.12, ""37°C or higher"": 0.0045}",2,,-14.35,-3.1,8f847b54,3.1,,,34.55,3.35,0.25,0.0005,0.575,0.0,0.1,0.51,IMPLIED_TEMP_USED_OPEN_BUCKET_APPROX,True,31°C,34°C,34°C,0.575,,,,,,,,,,,,33.1,33.1,openmeteo_archive_proxy_fallback,33°C,False,False,,,False
2026-08-16 06:20:47,New York,2026-08-16,27.7,27.8,82-83°F,0.205,"{""72-73°F"": 0.0005, ""74-75°F"": 0.0005, ""82-83°F"": 0.205, ""86-87°F"": 0.01, ""90°F or higher"": 0.0005, ""71°F or below"": 0.0005, ""76-77°F"": 0.06, ""78-79°F"": 0.22, ""80-81°F"": 0.525, ""84-85°F"": 0.03, ""88-89°F"": 0.0015}",2,,-2.35,-0.1,8f847b54,0.1,,,26.9,-0.8,-0.9,0.205,0.205,0.0,-0.2,-0.23,IMPLIED_TEMP_USED_OPEN_BUCKET_APPROX,True,82-83°F,82-83°F,80-81°F,0.525,,,,,,,,,,,28.0,26.9,28.0,noaa_nws,82-83°F,True,True,,,False
2026-08-16 06:20:47,Chicago,2026-08-16,29.1,28.9,84-85°F,0.245,"{""77°F or below"": 0.0005, ""78-79°F"": 0.0065, ""80-81°F"": 0.02, ""82-83°F"": 0.035, ""84-85°F"": 0.245, ""86-87°F"": 0.48, ""88-89°F"": 0.235, ""90-91°F"": 0.015, ""92-93°F"": 0.0035, ""94-95°F"": 0.0005, ""96°F or higher"": 0.0005}",2,,-1.35,0.2,8f847b54,0.2,,,30.14,1.04,1.24,0.245,0.245,0.0,0.2,0.12,IMPLIED_TEMP_USED_OPEN_BUCKET_APPROX,True,84-85°F,84-85°F,86-87°F,0.48,,,,,,,,,,,30.0,29.6,30.0,noaa_nws,86-87°F,False,False,,,True
2026-08-16 06:20:47,Miami,2026-08-16,32.9,32.8,90-91°F,0.0085,"{""100-101°F"": 0.0015, ""102-103°F"": 0.0005, ""104°F or higher"": 0.0005, ""85°F or below"": 0.0005, ""86-87°F"": 0.0015, ""88-89°F"": 0.004, ""90-91°F"": 0.0085, ""92-93°F"": 0.475, ""94-95°F"": 0.525, ""96-97°F"": 0.02, ""98-99°F"": 0.0005}",2,,-2.35,0.1,8f847b54,0.1,,,34.21,1.31,1.41,0.0085,0.0085,0.0,0.0,0.02,IMPLIED_TEMP_USED_OPEN_BUCKET_APPROX,True,90-91°F,90-91°F,94-95°F,0.525,,,,,,,,,,,34.0,33.5,34.0,noaa_nws,92-93°F,False,False,,,False
2026-08-16 06:20:47,London,2026-08-16,24.0,26.9,24°C,0.06,"{""23°C or below"": 0.022, ""24°C"": 0.06, ""25°C"": 0.265, ""26°C"": 0.595, ""27°C"": 0.075, ""28°C"": 0.015, ""29°C"": 0.0015, ""30°C"": 0.0005, ""31°C"": 0.0005, ""32°C"": 0.0005, ""33°C or higher"": 0.0005}",2,,-7.35,-2.9,8f847b54,2.9,,,25.67,1.67,-1.23,0.06,0.075,0.0,-1.1,-0.09,IMPLIED_TEMP_USED_OPEN_BUCKET_APPROX,True,24°C,27°C,26°C,0.595,,,,,,,,,,,,25.2,25.2,openmeteo_archive_proxy_fallback,25°C,False,False,,,False
2026-08-16 06:20:47,Paris,2026-08-16,31.5,32.4,32°C,0.1085,"{""30°C"": 0.26, ""31°C"": 0.595, ""32°C"": 0.1085, ""33°C"": 0.0035, ""34°C"": 0.0005, ""35°C or higher"": 0.0005, ""29°C"": 0.05, ""25°C or below"": 0.0005, ""26°C"": 0.0005, ""27°C"": 0.0005, ""28°C"": 0.015}",2,,-8.35,-0.9,8f847b54,0.9,,,30.72,-0.78,-1.68,0.1085,0.1085,0.0,0.1,-0.01,IMPLIED_TEMP_USED_OPEN_BUCKET_APPROX,True,32°C,32°C,31°C,0.595,,,,,,,,,,,,30.0,30.0,openmeteo_archive_proxy_fallback,30°C,False,False,,,False
2026-08-16 06:20:47,Ankara,2026-08-16,28.2,28.2,28°C,0.195,"{""30°C"": 0.0005, ""31°C"": 0.0005, ""32°C or higher"": 0.0005, ""27°C"": 0.7, ""28°C"": 0.195, ""29°C"": 0.006, ""22°C or below"": 0.0005, ""23°C"": 0.0005, ""24°C"": 0.0005, ""25°C"": 0.011, ""26°C"": 0.11}",2,,-9.35,0.0,8f847b54,0.0,,,27.07,-1.13,-1.13,0.195,0.195,0.0,-0.1,-0.04,IMPLIED_TEMP_USED_OPEN_BUCKET_APPROX,True,28°C,28°C,27°C,0.7,,,,,,,,,,,,28.6,28.6,openmeteo_archive_proxy_fallback,29°C,False,False,,,False
2026-08-16 06:20:47,Buenos Aires,2026-08-16,17.4,17.0,17°C,0.225,"{""13°C or below"": 0.0005, ""17°C"": 0.225, ""18°C"": 0.56, ""19°C"": 0.165, ""23°C or higher"": 0.002, ""20°C"": 0.035, ""21°C"": 0.015, ""22°C"": 0.006, ""14°C"": 0.0005, ""15°C"": 0.0025, ""16°C"": 0.03}",2,,-3.35,0.4,8f847b54,0.4,,,18.02,0.62,1.02,0.225,0.225,0.0,-0.5,-0.2,IMPLIED_TEMP_USED_OPEN_BUCKET_APPROX,True,17°C,17°C,18°C,0.56,,,,,,,,,,,,17.7,17.7,openmeteo_archive_proxy_fallback,18°C,False,False,,,True
2026-08-16 06:45:13,Hong Kong,2026-08-16,31.0,31.7,31°C,0.0005,"{""27°C or below"": 0.0005, ""28°C"": 0.0005, ""29°C"": 0.0005, ""30°C"": 0.0005, ""31°C"": 0.0005, ""32°C"": 0.0005, ""33°C"": 0.69, ""34°C"": 0.28, ""35°C"": 0.018, ""36°C"": 0.0005, ""37°C or higher"": 0.0005}",2,,-14.75,-0.7,ed387d12,0.7,,,33.31,2.31,1.61,0.0005,0.0005,0.0,0.0,0.08,IMPLIED_TEMP_USED_OPEN_BUCKET_APPROX,True,31°C,32°C,33°C,0.69,,,,,,,,,,,,33.6,33.6,openmeteo_archive_proxy_fallback,34°C,False,False,,,False
2026-08-16 06:45:13,Tokyo,2026-08-16,27.2,28.5,27°C,0.055,"{""25°C"": 0.0005, ""26°C"": 0.932, ""24°C or below"": 0.0005, ""27°C"": 0.055, ""28°C"": 0.02, ""29°C"": 0.0075, ""30°C"": 0.0005, ""31°C"": 0.0005, ""32°C"": 0.0005, ""33°C"": 0.0005, ""34°C or higher"": 0.0005}",2,,-15.75,-1.3,ed387d12,1.3,,,26.13,-1.07,-2.37,0.055,0.02,0.0,0.0,0.0,IMPLIED_TEMP_USED_OPEN_BUCKET_APPROX,True,27°C,28°C,26°C,0.932,,,,,,,,,,,,26.4,26.4,openmeteo_archive_proxy_fallback,26°C,False,False,,,True
2026-08-16 06:45:13,Shanghai,2026-08-16,29.5,28.3,30°C,0.006,"{""25°C or below"": 0.0005, ""26°C"": 0.0005, ""27°C"": 0.0005, ""28°C"": 0.9255, ""29°C"": 0.035, ""30°C"": 0.006, ""31°C"": 0.0065, ""32°C"": 0.0005, ""33°C"": 0.0005, ""34°C"": 0.0005, ""35°C or higher"": 0.0005}",2,,-14.75,1.2,ed387d12,1.2,,,28.08,-1.42,-0.22,0.006,0.9255,0.0,0.0,-0.04,IMPLIED_TEMP_USED_OPEN_BUCKET_APPROX,True,30°C,28°C,28°C,0.9255,,,,,,,,,,,,29.8,29.8,openmeteo_archive_proxy_fallback,30°C,True,False,,,False
2026-08-16 06:45:13,Qingdao,2026-08-16,31.9,31.6,32°C,0.0005,"{""26°C or below"": 0.0005, ""27°C"": 0.0005, ""28°C"": 0.0005, ""29°C"": 0.0005, ""30°C"": 0.0005, ""31°C"": 0.0005, ""32°C"": 0.0005, ""33°C"": 0.945, ""34°C"": 0.06, ""35°C"": 0.0055, ""36°C or higher"": 0.001}",2,,-14.75,0.3,ed387d12,0.3,,,33.06,1.16,1.46,0.0005,0.0005,0.0,0.0,0.0,IMPLIED_TEMP_USED_OPEN_BUCKET_APPROX,True,32°C,32°C,33°C,0.945,,,,,,,,,,,,31.7,31.7,openmeteo_archive_proxy_fallback,32°C,True,True,,,False
2026-08-16 06:45:13,Seoul,2026-08-16,29.6,27.3,30°C,0.0015,"{""22°C or below"": 0.0005, ""23°C"": 0.0005, ""24°C"": 0.0005, ""25°C"": 0.0005, ""26°C"": 0.487, ""27°C"": 0.44, ""28°C"": 0.02, ""29°C"": 0.0055, ""30°C"": 0.0015, ""31°C"": 0.0005, ""32°C or higher"": 0.0005}",2,,-15.75,2.3,ed387d12,2.3,,,26.53,-3.07,-0.77,0.0015,0.44,0.0,0.0,-0.1,IMPLIED_TEMP_USED_OPEN_BUCKET_APPROX,True,30°C,27°C,26°C,0.487,,,,,,,,,,,,26.8,26.8,openmeteo_archive_proxy_fallback,27°C,False,True,,,False
2026-08-16 06:45:13,Guangzhou,2026-08-16,33.5,36.5,34°C,0.0005,"{""29°C or below"": 0.0005, ""30°C"": 0.0005, ""31°C"": 0.0005, ""32°C"": 0.0005, ""33°C"": 0.0005, ""34°C"": 0.0005, ""35°C"": 0.0005, ""36°C"": 0.0005, ""37°C"": 0.93, ""38°C"": 0.045, ""39°C or higher"": 0.006}",2,,-14.75,-3.0,ed387d12,3.0,,,37.04,3.54,0.54,0.0005,0.0005,0.0,0.0,0.71,IMPLIED_TEMP_USED_OPEN_BUCKET_APPROX,True,34°C,36°C,37°C,0.93,,,,,,,,,,,,34.7,34.7,openmeteo_archive_proxy_fallback,35°C,False,False,,,False
2026-08-16 06:45:13,Shenzhen,2026-08-16,31.2,34.3,31°C,0.0005,"{""27°C or below"": 0.0005, ""28°C"": 0.0005, ""31°C"": 0.0005, ""32°C"": 0.0005, ""33°C"": 0.0005, ""29°C"": 0.0005, ""30°C"": 0.0005, ""34°C"": 0.275, ""35°C"": 0.66, ""36°C"": 0.09, ""37°C or higher"": 0.004}",2,,-14.75,-3.1,ed387d12,3.1,,,34.81,3.61,0.51,0.0005,0.275,0.0,0.0,0.26,IMPLIED_TEMP_USED_OPEN_BUCKET_APPROX,True,31°C,34°C,35°C,0.66,,,,,,,,,,,,33.1,33.1,openmeteo_archive_proxy_fallback,33°C,False,False,,,False
2026-08-16 06:45:13,New York,2026-08-16,27.7,27.8,82-83°F,0.27,"{""72-73°F"": 0.0005, ""74-75°F"": 0.0005, ""82-83°F"": 0.27, ""86-87°F"": 0.0095, ""90°F or higher"": 0.0005, ""71°F or below"": 0.0005, ""76-77°F"": 0.045, ""78-79°F"": 0.17, ""80-81°F"": 0.52, ""84-85°F"": 0.025, ""88-89°F"": 0.0015}",2,,-2.75,-0.1,ed387d12,0.1,,,27.04,-0.66,-0.76,0.27,0.27,0.0,0.0,0.14,IMPLIED_TEMP_USED_OPEN_BUCKET_APPROX,True,82-83°F,82-83°F,80-81°F,0.52,,,,,,,,,,,28.0,26.9,28.0,noaa_nws,82-83°F,True,True,,,False
2026-08-16 06:45:13,Chicago,2026-08-16,29.1,28.9,84-85°F,0.245,"{""77°F or below"": 0.0005, ""78-79°F"": 0.0065, ""80-81°F"": 0.02, ""82-83°F"": 0.035, ""84-85°F"": 0.245, ""86-87°F"": 0.52, ""88-89°F"": 0.175, ""90-91°F"": 0.015, ""92-93°F"": 0.0035, ""94-95°F"": 0.0005, ""96°F or higher"": 0.0005}",2,,-1.75,0.2,ed387d12,0.2,,,30.08,0.98,1.18,0.245,0.245,0.0,0.0,-0.06,IMPLIED_TEMP_USED_OPEN_BUCKET_APPROX,True,84-85°F,84-85°F,86-87°F,0.52,,,,,,,,,,,30.0,29.6,30.0,noaa_nws,86-87°F,False,False,,,True
2026-08-16 06:45:13,Miami,2026-08-16,32.9,32.8,90-91°F,0.008,"{""100-101°F"": 0.0015, ""102-103°F"": 0.0005, ""104°F or higher"": 0.0005, ""85°F or below"": 0.0005, ""86-87°F"": 0.0015, ""88-89°F"": 0.0025, ""90-91°F"": 0.008, ""92-93°F"": 0.495, ""94-95°F"": 0.485, ""96-97°F"": 0.02, ""98-99°F"": 0.0005}",2,,-2.75,0.1,ed387d12,0.1,,,34.18,1.28,1.38,0.008,0.008,0.0,0.0,-0.03,IMPLIED_TEMP_USED_OPEN_BUCKET_APPROX,True,90-91°F,90-91°F,92-93°F,0.495,,,,,,,,,,,34.0,33.5,34.0,noaa_nws,92-93°F,False,False,,,True
2026-08-16 06:45:13,London,2026-08-16,24.0,26.9,24°C,0.055,"{""23°C or below"": 0.021, ""24°C"": 0.055, ""25°C"": 0.275, ""26°C"": 0.595, ""27°C"": 0.075, ""28°C"": 0.015, ""29°C"": 0.0015, ""30°C"": 0.0005, ""31°C"": 0.0005, ""32°C"": 0.0005, ""33°C or higher"": 0.0005}",2,,-7.75,-2.9,ed387d12,2.9,,,25.68,1.68,-1.22,0.055,0.075,0.0,0.0,0.01,IMPLIED_TEMP_USED_OPEN_BUCKET_APPROX,True,24°C,27°C,26°C,0.595,,,,,,,,,,,,25.2,25.2,openmeteo_archive_proxy_fallback,25°C,False,False,,,False
2026-08-16 06:45:13,Paris,2026-08-16,31.5,32.4,32°C,0.112,"{""30°C"": 0.265, ""31°C"": 0.595, ""32°C"": 0.112, ""33°C"": 0.003, ""34°C"": 0.0005, ""35°C or higher"": 0.0005, ""29°C"": 0.05, ""25°C or below"": 0.0005, ""26°C"": 0.0005, ""27°C"": 0.0005, ""28°C"": 0.015}",2,,-8.75,-0.9,ed387d12,0.9,,,30.72,-0.78,-1.68,0.112,0.112,0.0,0.0,0.0,IMPLIED_TEMP_USED_OPEN_BUCKET_APPROX,True,32°C,32°C,31°C,0.595,,,,,,,,,,,,30.0,30.0,openmeteo_archive_proxy_fallback,30°C,False,False,,,False
2026-08-16 06:45:13,Ankara,2026-08-16,28.2,28.2,28°C,0.195,"{""30°C"": 0.0005, ""31°C"": 0.0005, ""32°C or higher"": 0.0005, ""27°C"": 0.705, ""28°C"": 0.195, ""29°C"": 0.006, ""22°C or below"": 0.0005, ""23°C"": 0.0005, ""24°C"": 0.0005, ""25°C"": 0.011, ""26°C"": 0.11}",2,,-9.75,0.0,ed387d12,0.0,,,27.07,-1.13,-1.13,0.195,0.195,0.0,0.0,0.0,IMPLIED_TEMP_USED_OPEN_BUCKET_APPROX,True,28°C,28°C,27°C,0.705,,,,,,,,,,,,28.6,28.6,openmeteo_archive_proxy_fallback,29°C,False,False,,,False
2026-08-16 06:45:13,Buenos Aires,2026-08-16,17.4,17.0,17°C,0.205,"{""13°C or below"": 0.0005, ""17°C"": 0.205, ""18°C"": 0.56, ""19°C"": 0.165, ""23°C or higher"": 0.002, ""20°C"": 0.04, ""21°C"": 0.015, ""22°C"": 0.006, ""14°C"": 0.0005, ""15°C"": 0.0025, ""16°C"": 0.03}",2,,-3.75,0.4,ed387d12,0.4,,,18.05,0.65,1.05,0.205,0.205,0.0,0.0,0.03,IMPLIED_TEMP_USED_OPEN_BUCKET_APPROX,True,17°C,17°C,18°C,0.56,,,,,,,,,,,,17.7,17.7,openmeteo_archive_proxy_fallback,18°C,False,False,,,True
2026-08-16 07:22:30,Hong Kong,2026-08-16,31.0,31.7,31°C,0.0005,"{""27°C or below"": 0.0005, ""28°C"": 0.0005, ""29°C"": 0.0005, ""30°C"": 0.0005, ""31°C"": 0.0005, ""32°C"": 0.0005, ""33°C"": 0.955, ""34°C"": 0.045, ""35°C"": 0.003, ""36°C"": 0.0005, ""37°C or higher"": 0.0005}",2,,-15.38,-0.7,e7d2979b,0.7,,,33.04,2.04,1.34,0.0005,0.0005,0.0,0.0,-0.27,IMPLIED_TEMP_USED_OPEN_BUCKET_APPROX,True,31°C,32°C,33°C,0.955,,,,,,,,,,,,33.6,33.6,openmeteo_archive_proxy_fallback,34°C,False,False,,,False
2026-08-16 07:22:30,Tokyo,2026-08-16,27.2,28.5,27°C,0.04,"{""25°C"": 0.0005, ""26°C"": 0.9265, ""24°C or below"": 0.0005, ""27°C"": 0.04, ""28°C"": 0.02, ""29°C"": 0.0055, ""30°C"": 0.0005, ""31°C"": 0.0005, ""32°C"": 0.0005, ""33°C"": 0.0005, ""34°C or higher"": 0.0005}",2,,-16.38,-1.3,e7d2979b,1.3,,,26.11,-1.09,-2.39,0.04,0.02,0.0,0.0,-0.02,IMPLIED_TEMP_USED_OPEN_BUCKET_APPROX,True,27°C,28°C,26°C,0.9265,,,,,,,,,,,,26.4,26.4,openmeteo_archive_proxy_fallback,26°C,False,False,,,True
2026-08-16 07:22:30,Shanghai,2026-08-16,29.5,28.3,30°C,0.0065,"{""25°C or below"": 0.0005, ""26°C"": 0.0005, ""27°C"": 0.0005, ""28°C"": 0.937, ""29°C"": 0.055, ""30°C"": 0.0065, ""31°C"": 0.0065, ""32°C"": 0.0005, ""33°C"": 0.0005, ""34°C"": 0.0005, ""35°C or higher"": 0.0005}",2,,-15.38,1.2,e7d2979b,1.2,,,28.09,-1.41,-0.21,0.0065,0.937,0.0,0.0,0.01,IMPLIED_TEMP_USED_OPEN_BUCKET_APPROX,True,30°C,28°C,28°C,0.937,,,,,,,,,,,,29.8,29.8,openmeteo_archive_proxy_fallback,30°C,True,False,,,False
2026-08-16 07:22:30,Qingdao,2026-08-16,31.9,31.6,32°C,0.0005,"{""26°C or below"": 0.0005, ""27°C"": 0.0005, ""28°C"": 0.0005, ""29°C"": 0.0005, ""30°C"": 0.0005, ""31°C"": 0.0005, ""32°C"": 0.0005, ""33°C"": 0.985, ""34°C"": 0.015, ""35°C"": 0.005, ""36°C or higher"": 0.001}",2,,-15.38,0.3,e7d2979b,0.3,,,33.01,1.11,1.41,0.0005,0.0005,0.0,0.0,-0.05,IMPLIED_TEMP_USED_OPEN_BUCKET_APPROX,True,32°C,32°C,33°C,0.985,,,,,,,,,,,,31.7,31.7,openmeteo_archive_proxy_fallback,32°C,True,True,,,False
2026-08-16 07:22:30,Seoul,2026-08-16,29.6,27.3,30°C,0.001,"{""22°C or below"": 0.0005, ""23°C"": 0.0005, ""24°C"": 0.0005, ""25°C"": 0.0005, ""26°C"": 0.0005, ""27°C"": 0.93, ""28°C"": 0.055, ""29°C"": 0.015, ""30°C"": 0.001, ""31°C"": 0.0005, ""32°C or higher"": 0.0005}",2,,-16.38,2.3,e7d2979b,2.3,,,27.08,-2.52,-0.22,0.001,0.93,0.0,0.0,0.55,IMPLIED_TEMP_USED_OPEN_BUCKET_APPROX,True,30°C,27°C,27°C,0.93,,,,,,,,,,,,26.8,26.8,openmeteo_archive_proxy_fallback,27°C,False,True,,,True
2026-08-16 07:22:30,Guangzhou,2026-08-16,33.5,36.5,34°C,0.0005,"{""29°C or below"": 0.0005, ""30°C"": 0.0005, ""31°C"": 0.0005, ""32°C"": 0.0005, ""33°C"": 0.0005, ""34°C"": 0.0005, ""35°C"": 0.0005, ""36°C"": 0.0005, ""37°C"": 0.9935, ""38°C"": 0.006, ""39°C or higher"": 0.004}",2,,-15.38,-3.0,e7d2979b,3.0,,,37.0,3.5,0.5,0.0005,0.0005,0.0,0.0,-0.04,IMPLIED_TEMP_USED_OPEN_BUCKET_APPROX,True,34°C,36°C,37°C,0.9935,,,,,,,,,,,,34.7,34.7,openmeteo_archive_proxy_fallback,35°C,False,False,,,False
2026-08-16 07:22:30,Shenzhen,2026-08-16,31.2,34.3,31°C,0.0005,"{""27°C or below"": 0.0005, ""28°C"": 0.0005, ""31°C"": 0.0005, ""32°C"": 0.0005, ""33°C"": 0.0005, ""29°C"": 0.0005, ""30°C"": 0.0005, ""34°C"": 0.3, ""35°C"": 0.635, ""36°C"": 0.082, ""37°C or higher"": 0.005}",2,,-15.38,-3.1,e7d2979b,3.1,,,34.78,3.58,0.48,0.0005,0.3,0.0,0.0,-0.03,IMPLIED_TEMP_USED_OPEN_BUCKET_APPROX,True,31°C,34°C,35°C,0.635,,,,,,,,,,,,33.1,33.1,openmeteo_archive_proxy_fallback,33°C,False,False,,,False
2026-08-16 07:22:30,New York,2026-08-16,27.7,27.8,82-83°F,0.24,"{""72-73°F"": 0.0005, ""74-75°F"": 0.0005, ""82-83°F"": 0.24, ""86-87°F"": 0.0105, ""90°F or higher"": 0.0005, ""71°F or below"": 0.0005, ""76-77°F"": 0.055, ""78-79°F"": 0.165, ""80-81°F"": 0.525, ""84-85°F"": 0.025, ""88-89°F"": 0.0015}",2,,-3.38,-0.1,e7d2979b,0.1,,,27.0,-0.7,-0.8,0.24,0.24,0.0,0.0,-0.04,IMPLIED_TEMP_USED_OPEN_BUCKET_APPROX,True,82-83°F,82-83°F,80-81°F,0.525,,,,,,,,,,,28.0,26.9,28.0,noaa_nws,82-83°F,True,True,,,False
2026-08-16 07:22:30,Chicago,2026-08-16,29.1,28.9,84-85°F,0.245,"{""77°F or below"": 0.0005, ""78-79°F"": 0.0015, ""80-81°F"": 0.02, ""82-83°F"": 0.035, ""84-85°F"": 0.245, ""86-87°F"": 0.555, ""88-89°F"": 0.155, ""90-91°F"": 0.015, ""92-93°F"": 0.0035, ""94-95°F"": 0.0005, ""96°F or higher"": 0.0005}",2,,-2.38,0.2,e7d2979b,0.2,,,30.08,0.98,1.18,0.245,0.245,0.0,0.0,0.0,IMPLIED_TEMP_USED_OPEN_BUCKET_APPROX,True,84-85°F,84-85°F,86-87°F,0.555,,,,,,,,,,,30.0,29.6,30.0,noaa_nws,86-87°F,False,False,,,True
2026-08-16 07:22:30,Miami,2026-08-16,32.9,32.8,90-91°F,0.008,"{""100-101°F"": 0.0015, ""102-103°F"": 0.0005, ""104°F or higher"": 0.0005, ""85°F or below"": 0.0005, ""86-87°F"": 0.0015, ""88-89°F"": 0.004, ""90-91°F"": 0.008, ""92-93°F"": 0.5, ""94-95°F"": 0.5, ""96-97°F"": 0.02, ""98-99°F"": 0.0005}",2,,-3.38,0.1,e7d2979b,0.1,,,34.18,1.28,1.38,0.008,0.008,0.0,0.0,0.0,IMPLIED_TEMP_USED_OPEN_BUCKET_APPROX,True,90-91°F,90-91°F,92-93°F,0.5,,,,,,,,,,,34.0,33.5,34.0,noaa_nws,92-93°F,False,False,,,True
2026-08-16 07:22:30,London,2026-08-16,24.0,26.9,24°C,0.075,"{""23°C or below"": 0.029, ""24°C"": 0.075, ""25°C"": 0.24, ""26°C"": 0.565, ""27°C"": 0.115, ""28°C"": 0.015, ""29°C"": 0.0015, ""30°C"": 0.0005, ""31°C"": 0.0005, ""32°C"": 0.0005, ""33°C or higher"": 0.0005}",2,,-8.38,-2.9,e7d2979b,2.9,,,25.68,1.68,-1.22,0.075,0.115,0.0,0.0,0.0,IMPLIED_TEMP_USED_OPEN_BUCKET_APPROX,True,24°C,27°C,26°C,0.565,,,,,,,,,,,,25.2,25.2,openmeteo_archive_proxy_fallback,25°C,False,False,,,False
2026-08-16 07:22:30,Paris,2026-08-16,31.5,32.4,32°C,0.11,"{""30°C"": 0.265, ""31°C"": 0.58, ""32°C"": 0.11, ""33°C"": 0.006, ""34°C"": 0.0005, ""35°C or higher"": 0.0005, ""29°C"": 0.05, ""25°C or below"": 0.0005, ""26°C"": 0.0005, ""27°C"": 0.0005, ""28°C"": 0.015}",2,,-9.38,-0.9,e7d2979b,0.9,,,30.72,-0.78,-1.68,0.11,0.11,0.0,0.0,0.0,IMPLIED_TEMP_USED_OPEN_BUCKET_APPROX,True,32°C,32°C,31°C,0.58,,,,,,,,,,,,30.0,30.0,openmeteo_archive_proxy_fallback,30°C,False,False,,,False
2026-08-16 07:22:30,Ankara,2026-08-16,28.2,28.2,28°C,0.2,"{""30°C"": 0.0005, ""31°C"": 0.0005, ""32°C or higher"": 0.0005, ""27°C"": 0.71, ""28°C"": 0.2, ""29°C"": 0.006, ""22°C or below"": 0.0005, ""23°C"": 0.0005, ""24°C"": 0.0005, ""25°C"": 0.011, ""26°C"": 0.105}",2,,-10.38,0.0,e7d2979b,0.0,,,27.08,-1.12,-1.12,0.2,0.2,0.0,0.0,0.01,IMPLIED_TEMP_USED_OPEN_BUCKET_APPROX,True,28°C,28°C,27°C,0.71,,,,,,,,,,,,28.6,28.6,openmeteo_archive_proxy_fallback,29°C,False,False,,,False
2026-08-16 07:22:30,Buenos Aires,2026-08-16,17.4,17.0,17°C,0.205,"{""13°C or below"": 0.0005, ""17°C"": 0.205, ""18°C"": 0.555, ""19°C"": 0.185, ""23°C or higher"": 0.002, ""20°C"": 0.04, ""21°C"": 0.015, ""22°C"": 0.0055, ""14°C"": 0.0005, ""15°C"": 0.0025, ""16°C"": 0.03}",2,,-4.38,0.4,e7d2979b,0.4,,,18.06,0.66,1.06,0.205,0.205,0.0,0.0,0.01,IMPLIED_TEMP_USED_OPEN_BUCKET_APPROX,True,17°C,17°C,18°C,0.555,,,,,,,,,,,,17.7,17.7,openmeteo_archive_proxy_fallback,18°C,False,False,,,True
2026-08-16 08:15:55,Hong Kong,2026-08-16,31.0,31.7,31°C,0.0005,"{""27°C or below"": 0.0005, ""28°C"": 0.0005, ""29°C"": 0.0005, ""30°C"": 0.0005, ""31°C"": 0.0005, ""32°C"": 0.0005, ""33°C"": 0.99, ""34°C"": 0.01, ""35°C"": 0.0005, ""36°C"": 0.0005, ""37°C or higher"": 0.0005}",2,,-16.27,-0.7,7dd67cc5,0.7,,,33.0,2.0,1.3,0.0005,0.0005,0.0,0.0,-0.04,IMPLIED_TEMP_USED_OPEN_BUCKET_APPROX,True,31°C,32°C,33°C,0.99,,,,,,,,,,,,33.6,33.6,openmeteo_archive_proxy_fallback,34°C,False,False,,,False
2026-08-16 08:15:55,Tokyo,2026-08-16,27.2,28.5,27°C,0.02,"{""25°C"": 0.0005, ""26°C"": 0.9675, ""24°C or below"": 0.0005, ""27°C"": 0.02, ""28°C"": 0.0025, ""29°C"": 0.0025, ""30°C"": 0.0005, ""31°C"": 0.0005, ""32°C"": 0.0005, ""33°C"": 0.0005, ""34°C or higher"": 0.0005}",2,,-17.27,-1.3,7dd67cc5,1.3,,,26.05,-1.15,-2.45,0.02,0.0025,0.0,0.0,-0.06,IMPLIED_TEMP_USED_OPEN_BUCKET_APPROX,True,27°C,28°C,26°C,0.9675,,,,,,,,,,,,26.4,26.4,openmeteo_archive_proxy_fallback,26°C,False,False,,,True
2026-08-16 08:15:55,Shanghai,2026-08-16,29.5,28.3,30°C,0.055,"{""25°C or below"": 0.0005, ""26°C"": 0.0005, ""27°C"": 0.0005, ""28°C"": 0.0005, ""29°C"": 0.925, ""30°C"": 0.055, ""31°C"": 0.0015, ""32°C"": 0.0005, ""33°C"": 0.0005, ""34°C"": 0.0005, ""35°C or higher"": 0.0005}",2,,-16.27,1.2,7dd67cc5,1.2,,,29.06,-0.44,0.76,0.055,0.0005,0.0,0.0,0.97,IMPLIED_TEMP_USED_OPEN_BUCKET_APPROX,True,30°C,28°C,29°C,0.925,,,,,,,,,,,,29.8,29.8,openmeteo_archive_proxy_fallback,30°C,True,False,,,False
2026-08-16 08:15:55,Qingdao,2026-08-16,31.9,31.6,32°C,0.0005,"{""26°C or below"": 0.0005, ""27°C"": 0.0005, ""28°C"": 0.0005, ""29°C"": 0.0005, ""30°C"": 0.0005, ""31°C"": 0.0005, ""32°C"": 0.0005, ""33°C"": 0.9965, ""34°C"": 0.0005, ""35°C"": 0.003, ""36°C or higher"": 0.0005}",2,,-16.27,0.3,7dd67cc5,0.3,,,32.99,1.09,1.39,0.0005,0.0005,0.0,0.0,-0.02,IMPLIED_TEMP_USED_OPEN_BUCKET_APPROX,True,32°C,32°C,33°C,0.9965,,,,,,,,,,,,31.7,31.7,openmeteo_archive_proxy_fallback,32°C,True,True,,,False
2026-08-16 08:15:55,Seoul,2026-08-16,29.6,27.3,30°C,0.0035,"{""22°C or below"": 0.0005, ""23°C"": 0.0005, ""24°C"": 0.0005, ""25°C"": 0.0005, ""26°C"": 0.0005, ""27°C"": 0.9875, ""28°C"": 0.0045, ""29°C"": 0.0045, ""30°C"": 0.0035, ""31°C"": 0.0015, ""32°C or higher"": 0.0005}",2,,-17.27,2.3,7dd67cc5,2.3,,,27.02,-2.58,-0.28,0.0035,0.9875,0.0,0.0,-0.06,IMPLIED_TEMP_USED_OPEN_BUCKET_APPROX,True,30°C,27°C,27°C,0.9875,,,,,,,,,,,,26.8,26.8,openmeteo_archive_proxy_fallback,27°C,False,True,,,True
2026-08-16 08:15:55,Guangzhou,2026-08-16,33.5,36.5,34°C,0.0005,"{""29°C or below"": 0.0005, ""30°C"": 0.0005, ""31°C"": 0.0005, ""32°C"": 0.0005, ""33°C"": 0.0005, ""34°C"": 0.0005, ""35°C"": 0.0005, ""36°C"": 0.0005, ""37°C"": 0.9845, ""38°C"": 0.008, ""39°C or higher"": 0.003}",2,,-16.27,-3.0,7dd67cc5,3.0,,,37.0,3.5,0.5,0.0005,0.0005,0.0,0.0,0.0,IMPLIED_TEMP_USED_OPEN_BUCKET_APPROX,True,34°C,36°C,37°C,0.9845,,,,,,,,,,,,34.7,34.7,openmeteo_archive_proxy_fallback,35°C,False,False,,,False
2026-08-16 08:15:55,Shenzhen,2026-08-16,31.2,34.3,31°C,0.0005,"{""27°C or below"": 0.0005, ""28°C"": 0.0005, ""31°C"": 0.0005, ""32°C"": 0.0005, ""33°C"": 0.0015, ""29°C"": 0.0005, ""30°C"": 0.0005, ""34°C"": 0.0045, ""35°C"": 0.975, ""36°C"": 0.0115, ""37°C or higher"": 0.0035}",2,,-16.27,-3.1,7dd67cc5,3.1,,,35.0,3.8,0.7,0.0005,0.0045,0.0,0.0,0.22,IMPLIED_TEMP_USED_OPEN_BUCKET_APPROX,True,31°C,34°C,35°C,0.975,,,,,,,,,,,,33.1,33.1,openmeteo_archive_proxy_fallback,33°C,False,False,,,False
2026-08-16 08:15:55,New York,2026-08-16,27.7,27.7,82-83°F,0.265,"{""72-73°F"": 0.0005, ""74-75°F"": 0.0005, ""82-83°F"": 0.265, ""86-87°F"": 0.008, ""90°F or higher"": 0.0005, ""71°F or below"": 0.0005, ""76-77°F"": 0.045, ""78-79°F"": 0.165, ""80-81°F"": 0.525, ""84-85°F"": 0.03, ""88-89°F"": 0.0015}",2,,-4.27,0.0,7dd67cc5,0.0,,,27.05,-0.65,-0.65,0.265,0.265,0.0,-0.1,0.05,IMPLIED_TEMP_USED_OPEN_BUCKET_APPROX,True,82-83°F,82-83°F,80-81°F,0.525,,,,,,,,,,,28.0,26.9,28.0,noaa_nws,82-83°F,True,True,,,False
2026-08-16 08:15:55,Chicago,2026-08-16,29.1,28.5,84-85°F,0.41,"{""77°F or below"": 0.0005, ""78-79°F"": 0.0015, ""80-81°F"": 0.02, ""82-83°F"": 0.035, ""84-85°F"": 0.41, ""86-87°F"": 0.47, ""88-89°F"": 0.065, ""90-91°F"": 0.015, ""92-93°F"": 0.003, ""94-95°F"": 0.0005, ""96°F or higher"": 0.0005}",2,,-3.27,0.6,7dd67cc5,0.6,,,29.8,0.7,1.3,0.41,0.035,0.0,-0.4,-0.28,IMPLIED_TEMP_USED_OPEN_BUCKET_APPROX,True,84-85°F,82-83°F,86-87°F,0.47,,,,,,,,,,,30.0,29.6,30.0,noaa_nws,86-87°F,False,False,,,True
2026-08-16 08:15:55,Miami,2026-08-16,32.9,32.6,90-91°F,0.01,"{""100-101°F"": 0.0015, ""102-103°F"": 0.0005, ""104°F or higher"": 0.0005, ""85°F or below"": 0.0005, ""86-87°F"": 0.003, ""88-89°F"": 0.004, ""90-91°F"": 0.01, ""92-93°F"": 0.54, ""94-95°F"": 0.395, ""96-97°F"": 0.025, ""98-99°F"": 0.0005}",2,,-4.27,0.3,7dd67cc5,0.3,,,34.1,1.2,1.5,0.01,0.01,0.0,-0.2,-0.08,IMPLIED_TEMP_USED_OPEN_BUCKET_APPROX,True,90-91°F,90-91°F,92-93°F,0.54,,,,,,,,,,,34.0,33.5,34.0,noaa_nws,92-93°F,False,False,,,True
2026-08-16 08:15:55,London,2026-08-16,24.0,26.9,24°C,0.06,"{""23°C or below"": 0.0325, ""24°C"": 0.06, ""25°C"": 0.375, ""26°C"": 0.485, ""27°C"": 0.055, ""28°C"": 0.015, ""29°C"": 0.0015, ""30°C"": 0.0005, ""31°C"": 0.0005, ""32°C"": 0.0005, ""33°C or higher"": 0.0005}",2,,-9.27,-2.9,7dd67cc5,2.9,,,25.5,1.5,-1.4,0.06,0.055,0.0,0.0,-0.18,IMPLIED_TEMP_USED_OPEN_BUCKET_APPROX,True,24°C,27°C,26°C,0.485,,,,,,,,,,,,25.2,25.2,openmeteo_archive_proxy_fallback,25°C,False,False,,,False
2026-08-16 08:15:55,Paris,2026-08-16,31.5,32.4,32°C,0.0985,"{""30°C"": 0.26, ""31°C"": 0.59, ""32°C"": 0.0985, ""33°C"": 0.0055, ""34°C"": 0.0005, ""35°C or higher"": 0.0005, ""29°C"": 0.05, ""25°C or below"": 0.0005, ""26°C"": 0.0005, ""27°C"": 0.0005, ""28°C"": 0.0055}",2,,-10.27,-0.9,7dd67cc5,0.9,,,30.73,-0.77,-1.67,0.0985,0.0985,0.0,0.0,0.01,IMPLIED_TEMP_USED_OPEN_BUCKET_APPROX,True,32°C,32°C,31°C,0.59,,,,,,,,,,,,30.0,30.0,openmeteo_archive_proxy_fallback,30°C,False,False,,,False
2026-08-16 08:15:55,Ankara,2026-08-16,28.2,28.2,28°C,0.185,"{""30°C"": 0.0005, ""31°C"": 0.0005, ""32°C or higher"": 0.0005, ""27°C"": 0.72, ""28°C"": 0.185, ""29°C"": 0.005, ""22°C or below"": 0.0005, ""23°C"": 0.0005, ""24°C"": 0.0005, ""25°C"": 0.008, ""26°C"": 0.12}",2,,-11.27,0.0,7dd67cc5,0.0,,,27.06,-1.14,-1.14,0.185,0.185,0.0,0.0,-0.02,IMPLIED_TEMP_USED_OPEN_BUCKET_APPROX,True,28°C,28°C,27°C,0.72,,,,,,,,,,,,28.6,28.6,openmeteo_archive_proxy_fallback,29°C,False,False,,,False
2026-08-16 08:15:55,Buenos Aires,2026-08-16,17.4,17.0,17°C,0.19,"{""13°C or below"": 0.0005, ""17°C"": 0.19, ""18°C"": 0.555, ""19°C"": 0.175, ""23°C or higher"": 0.002, ""20°C"": 0.04, ""21°C"": 0.015, ""22°C"": 0.0055, ""14°C"": 0.0005, ""15°C"": 0.0025, ""16°C"": 0.03}",2,,-5.27,0.4,7dd67cc5,0.4,,,18.07,0.67,1.07,0.19,0.19,0.0,0.0,0.01,IMPLIED_TEMP_USED_OPEN_BUCKET_APPROX,True,17°C,17°C,18°C,0.555,,,,,,,,,,,,17.7,17.7,openmeteo_archive_proxy_fallback,18°C,False,False,,,True
2026-08-16 09:16:36,Hong Kong,2026-08-16,32.6,31.7,33°C,0.9975,"{""27°C or below"": 0.0005, ""28°C"": 0.0005, ""29°C"": 0.0005, ""30°C"": 0.0005, ""31°C"": 0.0005, ""32°C"": 0.0005, ""33°C"": 0.9975, ""34°C"": 0.002, ""35°C"": 0.0005, ""36°C"": 0.0005, ""37°C or higher"": 0.0005}",2,,-17.28,0.9,4cf60b8d,0.9,,,33.0,0.4,1.3,0.9975,0.0005,1.6,0.0,0.0,IMPLIED_TEMP_USED_OPEN_BUCKET_APPROX,True,33°C,32°C,33°C,0.9975,,,,,,,,,,,,33.6,33.6,openmeteo_archive_proxy_fallback,34°C,False,False,,,False
2026-08-16 09:16:36,Tokyo,2026-08-16,25.7,28.5,26°C,0.9985,"{""25°C"": 0.0005, ""26°C"": 0.9985, ""24°C or below"": 0.0005, ""27°C"": 0.01, ""28°C"": 0.0005, ""29°C"": 0.0005, ""30°C"": 0.0005, ""31°C"": 0.0005, ""32°C"": 0.0005, ""33°C"": 0.0005, ""34°C or higher"": 0.0005}",2,,-18.28,-2.8,4cf60b8d,2.8,,,26.03,0.33,-2.47,0.9985,0.0005,-1.5,0.0,-0.02,IMPLIED_TEMP_USED_OPEN_BUCKET_APPROX,True,26°C,28°C,26°C,0.9985,,,,,,,,,,,,26.4,26.4,openmeteo_archive_proxy_fallback,26°C,True,False,,,True
2026-08-16 09:16:36,Shanghai,2026-08-16,30.3,28.3,30°C,0.0035,"{""25°C or below"": 0.0005, ""26°C"": 0.0005, ""27°C"": 0.0005, ""28°C"": 0.0005, ""29°C"": 0.997, ""30°C"": 0.0035, ""31°C"": 0.0005, ""32°C"": 0.0005, ""33°C"": 0.0005, ""34°C"": 0.0005, ""35°C or higher"": 0.0005}",2,,-17.28,2.0,4cf60b8d,2.0,,,29.01,-1.29,0.71,0.0035,0.0005,0.8,0.0,-0.05,IMPLIED_TEMP_USED_OPEN_BUCKET_APPROX,True,30°C,28°C,29°C,0.997,,,,,,,,,,,,29.8,29.8,openmeteo_archive_proxy_fallback,30°C,True,False,,,False
2026-08-16 09:16:36,Qingdao,2026-08-16,32.6,31.6,33°C,0.9995,"{""26°C or below"": 0.0005, ""27°C"": 0.0005, ""28°C"": 0.0005, ""29°C"": 0.0005, ""30°C"": 0.0005, ""31°C"": 0.0005, ""32°C"": 0.0005, ""33°C"": 0.9995, ""34°C"": 0.0005, ""35°C"": 0.0005, ""36°C or higher"": 0.0005}",2,,-17.28,1.0,4cf60b8d,1.0,,,32.99,0.39,1.39,0.9995,0.0005,0.7,0.0,0.0,IMPLIED_TEMP_USED_OPEN_BUCKET_APPROX,True,33°C,32°C,33°C,0.9995,,,,,,,,,,,,31.7,31.7,openmeteo_archive_proxy_fallback,32°C,False,True,,,False
2026-08-16 09:16:36,Seoul,2026-08-16,27.9,27.3,28°C,0.006,"{""22°C or below"": 0.0005, ""23°C"": 0.0005, ""24°C"": 0.0005, ""25°C"": 0.0005, ""26°C"": 0.0005, ""27°C"": 0.992, ""28°C"": 0.006, ""29°C"": 0.0005, ""30°C"": 0.0005, ""31°C"": 0.0005, ""32°C or higher"": 0.0005}",2,,-18.28,0.6,4cf60b8d,0.6,,,27.01,-0.89,-0.29,0.006,0.992,-1.7,0.0,-0.01,IMPLIED_TEMP_USED_OPEN_BUCKET_APPROX,True,28°C,27°C,27°C,0.992,,,,,,,,,,,,26.8,26.8,openmeteo_archive_proxy_fallback,27°C,False,True,,,True
2026-08-16 09:16:36,Guangzhou,2026-08-16,33.7,36.5,34°C,0.0005,"{""29°C or below"": 0.0005, ""30°C"": 0.0005, ""31°C"": 0.0005, ""32°C"": 0.0005, ""33°C"": 0.0005, ""34°C"": 0.0005, ""35°C"": 0.0005, ""36°C"": 0.0005, ""37°C"": 0.997, ""38°C"": 0.0005, ""39°C or higher"": 0.0005}",2,,-17.28,-2.8,4cf60b8d,2.8,,,36.98,3.28,0.48,0.0005,0.0005,0.2,0.0,-0.02,IMPLIED_TEMP_USED_OPEN_BUCKET_APPROX,True,34°C,36°C,37°C,0.997,,,,,,,,,,,,34.7,34.7,openmeteo_archive_proxy_fallback,35°C,False,False,,,False
2026-08-16 09:16:36,Shenzhen,2026-08-16,32.3,34.3,32°C,0.0005,"{""27°C or below"": 0.0005, ""28°C"": 0.0005, ""31°C"": 0.0005, ""32°C"": 0.0005, ""33°C"": 0.001, ""29°C"": 0.0005, ""30°C"": 0.0005, ""34°C"": 0.0025, ""35°C"": 0.9865, ""36°C"": 0.0105, ""37°C or higher"": 0.004}",2,,-17.28,-2.0,4cf60b8d,2.0,,,35.0,2.7,0.7,0.0005,0.0025,1.1,0.0,0.0,IMPLIED_TEMP_USED_OPEN_BUCKET_APPROX,True,32°C,34°C,35°C,0.9865,,,,,,,,,,,,33.1,33.1,openmeteo_archive_proxy_fallback,33°C,False,False,,,False
2026-08-16 09:16:36,New York,2026-08-16,27.3,27.8,80-81°F,0.515,"{""72-73°F"": 0.0005, ""74-75°F"": 0.0005, ""82-83°F"": 0.26, ""86-87°F"": 0.008, ""90°F or higher"": 0.0005, ""71°F or below"": 0.0005, ""76-77°F"": 0.065, ""78-79°F"": 0.17, ""80-81°F"": 0.515, ""84-85°F"": 0.035, ""88-89°F"": 0.0015}",2,,-5.28,-0.5,4cf60b8d,0.5,,,27.01,-0.29,-0.79,0.515,0.26,-0.4,0.1,-0.04,IMPLIED_TEMP_USED_OPEN_BUCKET_APPROX,True,80-81°F,82-83°F,80-81°F,0.515,,,,,,,,,,,28.0,26.9,28.0,noaa_nws,82-83°F,False,True,,,False
2026-08-16 09:16:36,Chicago,2026-08-16,29.1,28.4,84-85°F,0.25,"{""77°F or below"": 0.0005, ""78-79°F"": 0.0015, ""80-81°F"": 0.015, ""82-83°F"": 0.03, ""84-85°F"": 0.25, ""86-87°F"": 0.625, ""88-89°F"": 0.085, ""90-91°F"": 0.015, ""92-93°F"": 0.003, ""94-95°F"": 0.0005, ""96°F or higher"": 0.0005}",2,,-4.28,0.7,4cf60b8d,0.7,,,30.02,0.92,1.62,0.25,0.03,0.0,-0.1,0.22,IMPLIED_TEMP_USED_OPEN_BUCKET_APPROX,True,84-85°F,82-83°F,86-87°F,0.625,,,,,,,,,,,30.0,29.6,30.0,noaa_nws,86-87°F,False,False,,,True
2026-08-16 09:16:36,Miami,2026-08-16,32.9,32.7,90-91°F,0.0115,"{""100-101°F"": 0.001, ""102-103°F"": 0.0005, ""104°F or higher"": 0.0005, ""85°F or below"": 0.0005, ""86-87°F"": 0.0005, ""88-89°F"": 0.004, ""90-91°F"": 0.0115, ""92-93°F"": 0.64, ""94-95°F"": 0.305, ""96-97°F"": 0.025, ""98-99°F"": 0.005}",2,,-5.28,0.2,4cf60b8d,0.2,,,34.01,1.11,1.31,0.0115,0.0115,0.0,0.1,-0.09,IMPLIED_TEMP_USED_OPEN_BUCKET_APPROX,True,90-91°F,90-91°F,92-93°F,0.64,,,,,,,,,,,34.0,33.5,34.0,noaa_nws,92-93°F,False,False,,,True
2026-08-16 09:16:36,London,2026-08-16,22.3,26.9,23°C or below,0.034,"{""23°C or below"": 0.034, ""24°C"": 0.165, ""25°C"": 0.44, ""26°C"": 0.345, ""27°C"": 0.045, ""28°C"": 0.015, ""29°C"": 0.0015, ""30°C"": 0.0005, ""31°C"": 0.0005, ""32°C"": 0.0005, ""33°C or higher"": 0.0005}",2,,-10.28,-4.6,4cf60b8d,4.6,,,25.24,2.94,-1.66,0.034,0.045,-1.7,0.0,-0.26,IMPLIED_TEMP_USED_OPEN_BUCKET_APPROX,True,23°C or below,27°C,25°C,0.44,,,,,,,,,,,,25.2,25.2,openmeteo_archive_proxy_fallback,25°C,False,False,,,True
2026-08-16 09:16:36,Paris,2026-08-16,29.2,32.4,29°C,0.015,"{""30°C"": 0.105, ""31°C"": 0.8, ""32°C"": 0.0945, ""33°C"": 0.0045, ""34°C"": 0.0005, ""35°C or higher"": 0.0005, ""29°C"": 0.015, ""25°C or below"": 0.0005, ""26°C"": 0.0005, ""27°C"": 0.0005, ""28°C"": 0.0035}",2,,-11.28,-3.2,4cf60b8d,3.2,,,30.96,1.76,-1.44,0.015,0.0945,-2.3,0.0,0.23,IMPLIED_TEMP_USED_OPEN_BUCKET_APPROX,True,29°C,32°C,31°C,0.8,,,,,,,,,,,,30.0,30.0,openmeteo_archive_proxy_fallback,30°C,False,False,,,False
2026-08-16 09:16:36,Ankara,2026-08-16,29.0,28.2,29°C,0.005,"{""30°C"": 0.0015, ""31°C"": 0.0005, ""32°C or higher"": 0.0005, ""27°C"": 0.73, ""28°C"": 0.145, ""29°C"": 0.005, ""22°C or below"": 0.0005, ""23°C"": 0.0005, ""24°C"": 0.0005, ""25°C"": 0.0075, ""26°C"": 0.13}",2,,-12.28,0.8,4cf60b8d,0.8,,,27.01,-1.99,-1.19,0.005,0.145,0.8,0.0,-0.05,IMPLIED_TEMP_USED_OPEN_BUCKET_APPROX,True,29°C,28°C,27°C,0.73,,,,,,,,,,,,28.6,28.6,openmeteo_archive_proxy_fallback,29°C,True,False,,,False
2026-08-16 09:16:36,Buenos Aires,2026-08-16,18.6,17.0,19°C,0.21,"{""13°C or below"": 0.0005, ""17°C"": 0.195, ""18°C"": 0.55, ""19°C"": 0.21, ""23°C or higher"": 0.0005, ""20°C"": 0.04, ""21°C"": 0.015, ""22°C"": 0.0055, ""14°C"": 0.0005, ""15°C"": 0.001, ""16°C"": 0.035}",2,,-6.28,1.6,4cf60b8d,1.6,,,18.08,-0.52,1.08,0.21,0.195,1.2,0.0,0.01,IMPLIED_TEMP_USED_OPEN_BUCKET_APPROX,True,19°C,17°C,18°C,0.55,,,,,,,,,,,,17.7,17.7,openmeteo_archive_proxy_fallback,18°C,False,False,,,True
2026-08-16 10:12:07,Hong Kong,2026-08-16,32.6,31.7,33°C,0.9985,"{""27°C or below"": 0.0005, ""28°C"": 0.0005, ""29°C"": 0.0005, ""30°C"": 0.0005, ""31°C"": 0.0005, ""32°C"": 0.0005, ""33°C"": 0.9985, ""34°C"": 0.002, ""35°C"": 0.0005, ""36°C"": 0.0005, ""37°C or higher"": 0.0005}",2,,-18.2,0.9,671b102a,0.9,,,33.0,0.4,1.3,0.9985,0.0005,0.0,0.0,0.0,IMPLIED_TEMP_USED_OPEN_BUCKET_APPROX,True,33°C,32°C,33°C,0.9985,,,,,,,,,,,,33.6,33.6,openmeteo_archive_proxy_fallback,34°C,False,False,,,False
2026-08-16 10:12:07,Tokyo,2026-08-16,25.7,28.5,26°C,0.998,"{""25°C"": 0.0005, ""26°C"": 0.998, ""24°C or below"": 0.0005, ""27°C"": 0.003, ""28°C"": 0.0005, ""29°C"": 0.0005, ""30°C"": 0.0005, ""31°C"": 0.0005, ""32°C"": 0.0005, ""33°C"": 0.0005, ""34°C or higher"": 0.0005}",2,,-19.2,-2.8,671b102a,2.8,,,26.02,0.32,-2.48,0.998,0.0005,0.0,0.0,-0.01,IMPLIED_TEMP_USED_OPEN_BUCKET_APPROX,True,26°C,28°C,26°C,0.998,,,,,,,,,,,,26.4,26.4,openmeteo_archive_proxy_fallback,26°C,True,False,,,True
2026-08-16 10:12:07,Shanghai,2026-08-16,30.3,28.3,30°C,0.0005,"{""25°C or below"": 0.0005, ""26°C"": 0.0005, ""27°C"": 0.0005, ""28°C"": 0.0005, ""29°C"": 0.999, ""30°C"": 0.0005, ""31°C"": 0.0005, ""32°C"": 0.0005, ""33°C"": 0.0005, ""34°C"": 0.0005, ""35°C or higher"": 0.0005}",2,,-18.2,2.0,671b102a,2.0,,,29.01,-1.29,0.71,0.0005,0.0005,0.0,0.0,0.0,IMPLIED_TEMP_USED_OPEN_BUCKET_APPROX,True,30°C,28°C,29°C,0.999,,,,,,,,,,,,29.8,29.8,openmeteo_archive_proxy_fallback,30°C,True,False,,,False
2026-08-16 10:12:07,Qingdao,2026-08-16,32.6,31.6,33°C,0.9995,"{""26°C or below"": 0.0005, ""27°C"": 0.0005, ""28°C"": 0.0005, ""29°C"": 0.0005, ""30°C"": 0.0005, ""31°C"": 0.0005, ""32°C"": 0.0005, ""33°C"": 0.9995, ""34°C"": 0.0005, ""35°C"": 0.0005, ""36°C or higher"": 0.0005}",2,,-18.2,1.0,671b102a,1.0,,,32.99,0.39,1.39,0.9995,0.0005,0.0,0.0,0.0,IMPLIED_TEMP_USED_OPEN_BUCKET_APPROX,True,33°C,32°C,33°C,0.9995,,,,,,,,,,,,31.7,31.7,openmeteo_archive_proxy_fallback,32°C,False,True,,,False
2026-08-16 10:12:07,Seoul,2026-08-16,27.9,27.3,28°C,0.007,"{""22°C or below"": 0.0005, ""23°C"": 0.0005, ""24°C"": 0.0005, ""25°C"": 0.0005, ""26°C"": 0.0005, ""27°C"": 0.9935, ""28°C"": 0.007, ""29°C"": 0.0005, ""30°C"": 0.0005, ""31°C"": 0.0005, ""32°C or higher"": 0.0005}",2,,-19.2,0.6,671b102a,0.6,,,27.01,-0.89,-0.29,0.007,0.9935,0.0,0.0,0.0,IMPLIED_TEMP_USED_OPEN_BUCKET_APPROX,True,28°C,27°C,27°C,0.9935,,,,,,,,,,,,26.8,26.8,openmeteo_archive_proxy_fallback,27°C,False,True,,,True
2026-08-16 10:12:07,Guangzhou,2026-08-16,33.7,36.5,34°C,0.0005,"{""29°C or below"": 0.0005, ""30°C"": 0.0005, ""31°C"": 0.0005, ""32°C"": 0.0005, ""33°C"": 0.0005, ""34°C"": 0.0005, ""35°C"": 0.0005, ""36°C"": 0.0005, ""37°C"": 0.998, ""38°C"": 0.0005, ""39°C or higher"": 0.0005}",2,,-18.2,-2.8,671b102a,2.8,,,36.98,3.28,0.48,0.0005,0.0005,0.0,0.0,0.0,IMPLIED_TEMP_USED_OPEN_BUCKET_APPROX,True,34°C,36°C,37°C,0.998,,,,,,,,,,,,34.7,34.7,openmeteo_archive_proxy_fallback,35°C,False,False,,,False
2026-08-16 10:12:07,Shenzhen,2026-08-16,32.3,34.3,32°C,0.0005,"{""27°C or below"": 0.0005, ""28°C"": 0.0005, ""31°C"": 0.0005, ""32°C"": 0.0005, ""33°C"": 0.001, ""29°C"": 0.0005, ""30°C"": 0.0005, ""34°C"": 0.0005, ""35°C"": 0.9965, ""36°C"": 0.004, ""37°C or higher"": 0.0005}",2,,-18.2,-2.0,671b102a,2.0,,,34.99,2.69,0.69,0.0005,0.0005,0.0,0.0,-0.01,IMPLIED_TEMP_USED_OPEN_BUCKET_APPROX,True,32°C,34°C,35°C,0.9965,,,,,,,,,,,,33.1,33.1,openmeteo_archive_proxy_fallback,33°C,False,False,,,False
2026-08-16 10:12:07,New York,2026-08-16,27.3,28.2,80-81°F,0.465,"{""72-73°F"": 0.0005, ""74-75°F"": 0.0005, ""82-83°F"": 0.275, ""86-87°F"": 0.0075, ""90°F or higher"": 0.0005, ""71°F or below"": 0.0005, ""76-77°F"": 0.055, ""78-79°F"": 0.185, ""80-81°F"": 0.465, ""84-85°F"": 0.04, ""88-89°F"": 0.0015}",2,,-6.2,-0.9,671b102a,0.9,,,27.03,-0.27,-1.17,0.465,0.275,0.0,0.4,0.02,IMPLIED_TEMP_USED_OPEN_BUCKET_APPROX,True,80-81°F,82-83°F,80-81°F,0.465,,,,,,,,,,,28.0,26.9,28.0,noaa_nws,82-83°F,False,True,,,False
2026-08-16 10:12:07,Chicago,2026-08-16,29.1,28.5,84-85°F,0.245,"{""77°F or below"": 0.0005, ""78-79°F"": 0.0015, ""80-81°F"": 0.015, ""82-83°F"": 0.03, ""84-85°F"": 0.245, ""86-87°F"": 0.605, ""88-89°F"": 0.095, ""90-91°F"": 0.015, ""92-93°F"": 0.003, ""94-95°F"": 0.0005, ""96°F or higher"": 0.0005}",2,,-5.2,0.6,671b102a,0.6,,,30.03,0.93,1.53,0.245,0.03,0.0,0.1,0.01,IMPLIED_TEMP_USED_OPEN_BUCKET_APPROX,True,84-85°F,82-83°F,86-87°F,0.605,,,,,,,,,,,30.0,29.6,30.0,noaa_nws,86-87°F,False,False,,,True
2026-08-16 10:12:07,Miami,2026-08-16,32.9,32.8,90-91°F,0.011,"{""100-101°F"": 0.0015, ""102-103°F"": 0.0005, ""104°F or higher"": 0.0005, ""85°F or below"": 0.0005, ""86-87°F"": 0.0005, ""88-89°F"": 0.004, ""90-91°F"": 0.011, ""92-93°F"": 0.675, ""94-95°F"": 0.29, ""96-97°F"": 0.025, ""98-99°F"": 0.006}",2,,-6.2,0.1,671b102a,0.1,,,33.99,1.09,1.19,0.011,0.011,0.0,0.1,-0.02,IMPLIED_TEMP_USED_OPEN_BUCKET_APPROX,True,90-91°F,90-91°F,92-93°F,0.675,,,,,,,,,,,34.0,33.5,34.0,noaa_nws,92-93°F,False,False,,,True
2026-08-16 10:12:07,London,2026-08-16,22.3,26.9,23°C or below,0.0065,"{""23°C or below"": 0.0065, ""24°C"": 0.07, ""25°C"": 0.3, ""26°C"": 0.555, ""27°C"": 0.065, ""28°C"": 0.015, ""29°C"": 0.003, ""30°C"": 0.0005, ""31°C"": 0.0005, ""32°C"": 0.0005, ""33°C or higher"": 0.0005}",2,,-11.2,-4.6,671b102a,4.6,,,25.66,3.36,-1.24,0.0065,0.065,0.0,0.0,0.42,IMPLIED_TEMP_USED_OPEN_BUCKET_APPROX,True,23°C or below,27°C,26°C,0.555,,,,,,,,,,,,25.2,25.2,openmeteo_archive_proxy_fallback,25°C,False,False,,,False
2026-08-16 10:12:07,Paris,2026-08-16,29.2,32.4,29°C,0.0175,"{""30°C"": 0.185, ""31°C"": 0.72, ""32°C"": 0.1025, ""33°C"": 0.005, ""34°C"": 0.0005, ""35°C or higher"": 0.0005, ""29°C"": 0.0175, ""25°C or below"": 0.0005, ""26°C"": 0.0005, ""27°C"": 0.005, ""28°C"": 0.0015}",2,,-12.2,-3.2,671b102a,3.2,,,30.87,1.67,-1.53,0.0175,0.1025,0.0,0.0,-0.09,IMPLIED_TEMP_USED_OPEN_BUCKET_APPROX,True,29°C,32°C,31°C,0.72,,,,,,,,,,,,30.0,30.0,openmeteo_archive_proxy_fallback,30°C,False,False,,,False
2026-08-16 10:12:07,Ankara,2026-08-16,29.0,28.2,29°C,0.0055,"{""30°C"": 0.002, ""31°C"": 0.0005, ""32°C or higher"": 0.0005, ""27°C"": 0.755, ""28°C"": 0.115, ""29°C"": 0.0055, ""22°C or below"": 0.0005, ""23°C"": 0.0005, ""24°C"": 0.0005, ""25°C"": 0.0075, ""26°C"": 0.13}",2,,-13.2,0.8,671b102a,0.8,,,26.99,-2.01,-1.21,0.0055,0.115,0.0,0.0,-0.02,IMPLIED_TEMP_USED_OPEN_BUCKET_APPROX,True,29°C,28°C,27°C,0.755,,,,,,,,,,,,28.6,28.6,openmeteo_archive_proxy_fallback,29°C,True,False,,,False
2026-08-16 10:12:07,Buenos Aires,2026-08-16,18.6,17.0,19°C,0.22,"{""13°C or below"": 0.0005, ""17°C"": 0.155, ""18°C"": 0.565, ""19°C"": 0.22, ""23°C or higher"": 0.0005, ""20°C"": 0.04, ""21°C"": 0.015, ""22°C"": 0.004, ""14°C"": 0.0005, ""15°C"": 0.001, ""16°C"": 0.03}",2,,-7.2,1.6,671b102a,1.6,,,18.14,-0.46,1.14,0.22,0.155,0.0,0.0,0.06,IMPLIED_TEMP_USED_OPEN_BUCKET_APPROX,True,19°C,17°C,18°C,0.565,,,,,,,,,,,,17.7,17.7,openmeteo_archive_proxy_fallback,18°C,False,False,,,True
2026-08-16 11:10:21,Hong Kong,2026-08-16,32.6,31.7,33°C,0.9985,"{""27°C or below"": 0.0005, ""28°C"": 0.0005, ""29°C"": 0.0005, ""30°C"": 0.0005, ""31°C"": 0.0005, ""32°C"": 0.0005, ""33°C"": 0.9985, ""34°C"": 0.0005, ""35°C"": 0.0005, ""36°C"": 0.0005, ""37°C or higher"": 0.0005}",2,,-19.17,0.9,7c6865b4,0.9,,,32.99,0.39,1.29,0.9985,0.0005,0.0,0.0,-0.01,IMPLIED_TEMP_USED_OPEN_BUCKET_APPROX,True,33°C,32°C,33°C,0.9985,,,,,,,,,,,,33.6,33.6,openmeteo_archive_proxy_fallback,34°C,False,False,,,False
2026-08-16 11:10:21,Tokyo,2026-08-16,25.7,28.5,26°C,0.998,"{""25°C"": 0.0005, ""26°C"": 0.998, ""24°C or below"": 0.0005, ""27°C"": 0.0015, ""28°C"": 0.0005, ""29°C"": 0.0005, ""30°C"": 0.0005, ""31°C"": 0.0005, ""32°C"": 0.0005, ""33°C"": 0.0005, ""34°C or higher"": 0.0005}",2,,-20.17,-2.8,7c6865b4,2.8,,,26.02,0.32,-2.48,0.998,0.0005,0.0,0.0,0.0,IMPLIED_TEMP_USED_OPEN_BUCKET_APPROX,True,26°C,28°C,26°C,0.998,,,,,,,,,,,,26.4,26.4,openmeteo_archive_proxy_fallback,26°C,True,False,,,True
2026-08-16 11:10:21,Shanghai,2026-08-16,30.3,28.3,30°C,0.002,"{""25°C or below"": 0.0005, ""26°C"": 0.0005, ""27°C"": 0.0005, ""28°C"": 0.0005, ""29°C"": 0.999, ""30°C"": 0.002, ""31°C"": 0.0005, ""32°C"": 0.0005, ""33°C"": 0.0005, ""34°C"": 0.0005, ""35°C or higher"": 0.0005}",2,,-19.17,2.0,7c6865b4,2.0,,,29.01,-1.29,0.71,0.002,0.0005,0.0,0.0,0.0,IMPLIED_TEMP_USED_OPEN_BUCKET_APPROX,True,30°C,28°C,29°C,0.999,,,,,,,,,,,,29.8,29.8,openmeteo_archive_proxy_fallback,30°C,True,False,,,False
2026-08-16 11:10:21,Qingdao,2026-08-16,32.6,31.6,33°C,0.9995,"{""26°C or below"": 0.0005, ""27°C"": 0.0005, ""28°C"": 0.0005, ""29°C"": 0.0005, ""30°C"": 0.0005, ""31°C"": 0.0005, ""32°C"": 0.0005, ""33°C"": 0.9995, ""34°C"": 0.0005, ""35°C"": 0.0005, ""36°C or higher"": 0.0005}",2,,-19.17,1.0,7c6865b4,1.0,,,32.99,0.39,1.39,0.9995,0.0005,0.0,0.0,0.0,IMPLIED_TEMP_USED_OPEN_BUCKET_APPROX,True,33°C,32°C,33°C,0.9995,,,,,,,,,,,,31.7,31.7,openmeteo_archive_proxy_fallback,32°C,False,True,,,False
2026-08-16 11:10:21,Seoul,2026-08-16,27.9,27.3,28°C,0.0025,"{""22°C or below"": 0.0005, ""23°C"": 0.0005, ""24°C"": 0.0005, ""25°C"": 0.0005, ""26°C"": 0.0005, ""27°C"": 0.9975, ""28°C"": 0.0025, ""29°C"": 0.0005, ""30°C"": 0.0005, ""31°C"": 0.0005, ""32°C or higher"": 0.0005}",2,,-20.17,0.6,7c6865b4,0.6,,,27.0,-0.9,-0.3,0.0025,0.9975,0.0,0.0,-0.01,IMPLIED_TEMP_USED_OPEN_BUCKET_APPROX,True,28°C,27°C,27°C,0.9975,,,,,,,,,,,,26.8,26.8,openmeteo_archive_proxy_fallback,27°C,False,True,,,True
2026-08-16 11:10:21,Guangzhou,2026-08-16,33.7,36.5,34°C,0.0005,"{""29°C or below"": 0.0005, ""30°C"": 0.0005, ""31°C"": 0.0005, ""32°C"": 0.0005, ""33°C"": 0.0005, ""34°C"": 0.0005, ""35°C"": 0.0005, ""36°C"": 0.0005, ""37°C"": 0.9995, ""38°C"": 0.0005, ""39°C or higher"": 0.0005}",2,,-19.17,-2.8,7c6865b4,2.8,,,36.98,3.28,0.48,0.0005,0.0005,0.0,0.0,0.0,IMPLIED_TEMP_USED_OPEN_BUCKET_APPROX,True,34°C,36°C,37°C,0.9995,,,,,,,,,,,,34.7,34.7,openmeteo_archive_proxy_fallback,35°C,False,False,,,False
2026-08-16 11:10:21,Shenzhen,2026-08-16,32.3,34.3,32°C,0.0005,"{""27°C or below"": 0.0005, ""28°C"": 0.0005, ""31°C"": 0.0005, ""32°C"": 0.0005, ""33°C"": 0.0005, ""29°C"": 0.0005, ""30°C"": 0.0005, ""34°C"": 0.0005, ""35°C"": 0.9955, ""36°C"": 0.004, ""37°C or higher"": 0.0005}",2,,-19.17,-2.0,7c6865b4,2.0,,,34.99,2.69,0.69,0.0005,0.0005,0.0,0.0,0.0,IMPLIED_TEMP_USED_OPEN_BUCKET_APPROX,True,32°C,34°C,35°C,0.9955,,,,,,,,,,,,33.1,33.1,openmeteo_archive_proxy_fallback,33°C,False,False,,,False
2026-08-16 11:10:21,New York,2026-08-16,27.3,27.9,80-81°F,0.445,"{""72-73°F"": 0.0005, ""74-75°F"": 0.0005, ""82-83°F"": 0.34, ""86-87°F"": 0.0055, ""90°F or higher"": 0.0005, ""71°F or below"": 0.0005, ""76-77°F"": 0.055, ""78-79°F"": 0.175, ""80-81°F"": 0.445, ""84-85°F"": 0.035, ""88-89°F"": 0.0015}",2,,-7.17,-0.6,7c6865b4,0.6,,,27.09,-0.21,-0.81,0.445,0.34,0.0,-0.3,0.06,IMPLIED_TEMP_USED_OPEN_BUCKET_APPROX,True,80-81°F,82-83°F,80-81°F,0.445,,,,,,,,,,,28.0,26.9,28.0,noaa_nws,82-83°F,False,True,,,False
2026-08-16 11:10:21,Chicago,2026-08-16,29.1,28.7,84-85°F,0.22,"{""77°F or below"": 0.0005, ""78-79°F"": 0.0015, ""80-81°F"": 0.0055, ""82-83°F"": 0.025, ""84-85°F"": 0.22, ""86-87°F"": 0.645, ""88-89°F"": 0.095, ""90-91°F"": 0.015, ""92-93°F"": 0.003, ""94-95°F"": 0.0005, ""96°F or higher"": 0.0005}",2,,-6.17,0.4,7c6865b4,0.4,,,30.11,1.01,1.41,0.22,0.22,0.0,0.2,0.08,IMPLIED_TEMP_USED_OPEN_BUCKET_APPROX,True,84-85°F,84-85°F,86-87°F,0.645,,,,,,,,,,,30.0,29.6,30.0,noaa_nws,86-87°F,False,False,,,True
2026-08-16 11:10:21,Miami,2026-08-16,32.9,32.5,90-91°F,0.011,"{""100-101°F"": 0.0015, ""102-103°F"": 0.0005, ""104°F or higher"": 0.0005, ""85°F or below"": 0.0005, ""86-87°F"": 0.0005, ""88-89°F"": 0.0105, ""90-91°F"": 0.011, ""92-93°F"": 0.675, ""94-95°F"": 0.3, ""96-97°F"": 0.02, ""98-99°F"": 0.0055}",2,,-7.17,0.4,7c6865b4,0.4,,,33.97,1.07,1.47,0.011,0.011,0.0,-0.3,-0.02,IMPLIED_TEMP_USED_OPEN_BUCKET_APPROX,True,90-91°F,90-91°F,92-93°F,0.675,,,,,,,,,,,34.0,33.5,34.0,noaa_nws,92-93°F,False,False,,,True
2026-08-16 11:10:21,London,2026-08-16,22.3,26.9,23°C or below,0.0005,"{""23°C or below"": 0.0005, ""24°C"": 0.045, ""25°C"": 0.285, ""26°C"": 0.605, ""27°C"": 0.085, ""28°C"": 0.015, ""29°C"": 0.002, ""30°C"": 0.0005, ""31°C"": 0.0005, ""32°C"": 0.0005, ""33°C or higher"": 0.0005}",2,,-12.17,-4.6,7c6865b4,4.6,,,25.76,3.46,-1.14,0.0005,0.085,0.0,0.0,0.1,IMPLIED_TEMP_USED_OPEN_BUCKET_APPROX,True,23°C or below,27°C,26°C,0.605,,,,,,,,,,,,25.2,25.2,openmeteo_archive_proxy_fallback,25°C,False,False,,,False
2026-08-16 11:10:21,Paris,2026-08-16,29.2,32.4,29°C,0.007,"{""30°C"": 0.14, ""31°C"": 0.725, ""32°C"": 0.143, ""33°C"": 0.0055, ""34°C"": 0.0005, ""35°C or higher"": 0.0005, ""29°C"": 0.007, ""25°C or below"": 0.0005, ""26°C"": 0.0005, ""27°C"": 0.0005, ""28°C"": 0.0005}",2,,-13.17,-3.2,7c6865b4,3.2,,,30.99,1.79,-1.41,0.007,0.143,0.0,0.0,0.12,IMPLIED_TEMP_USED_OPEN_BUCKET_APPROX,True,29°C,32°C,31°C,0.725,,,,,,,,,,,,30.0,30.0,openmeteo_archive_proxy_fallback,30°C,False,False,,,False
2026-08-16 11:10:21,Ankara,2026-08-16,29.0,28.2,29°C,0.005,"{""30°C"": 0.0015, ""31°C"": 0.0005, ""32°C or higher"": 0.0005, ""27°C"": 0.79, ""28°C"": 0.07, ""29°C"": 0.005, ""22°C or below"": 0.0005, ""23°C"": 0.0005, ""24°C"": 0.0005, ""25°C"": 0.0065, ""26°C"": 0.13}",2,,-14.17,0.8,7c6865b4,0.8,,,26.94,-2.06,-1.26,0.005,0.07,0.0,0.0,-0.05,IMPLIED_TEMP_USED_OPEN_BUCKET_APPROX,True,29°C,28°C,27°C,0.79,,,,,,,,,,,,28.6,28.6,openmeteo_archive_proxy_fallback,29°C,True,False,,,False
2026-08-16 11:10:21,Buenos Aires,2026-08-16,18.6,17.0,19°C,0.225,"{""13°C or below"": 0.0005, ""17°C"": 0.145, ""18°C"": 0.56, ""19°C"": 0.225, ""23°C or higher"": 0.0005, ""20°C"": 0.04, ""21°C"": 0.015, ""22°C"": 0.004, ""14°C"": 0.0005, ""15°C"": 0.001, ""16°C"": 0.03}",2,,-8.17,1.6,7c6865b4,1.6,,,18.15,-0.45,1.15,0.225,0.145,0.0,0.0,0.01,IMPLIED_TEMP_USED_OPEN_BUCKET_APPROX,True,19°C,17°C,18°C,0.56,,,,,,,,,,,,17.7,17.7,openmeteo_archive_proxy_fallback,18°C,False,False,,,True
2026-08-16 12:16:26,Hong Kong,2026-08-16,32.6,32.2,33°C,0.9995,"{""27°C or below"": 0.0005, ""28°C"": 0.0005, ""29°C"": 0.0005, ""30°C"": 0.0005, ""31°C"": 0.0005, ""32°C"": 0.0005, ""33°C"": 0.9995, ""34°C"": 0.0005, ""35°C"": 0.0005, ""36°C"": 0.0005, ""37°C or higher"": 0.0005}",3,,-20.27,0.4,d1330a24,0.4,,,32.99,0.39,0.79,0.9995,0.0005,0.0,0.5,0.0,IMPLIED_TEMP_USED_OPEN_BUCKET_APPROX,True,33°C,32°C,33°C,0.9995,33.1,33°C,0.9995,,,,,,,,,33.6,33.6,openmeteo_archive_proxy_fallback,34°C,False,False,False,,False
2026-08-16 12:16:26,Tokyo,2026-08-16,25.7,28.5,26°C,0.998,"{""25°C"": 0.0005, ""26°C"": 0.998, ""24°C or below"": 0.0005, ""27°C"": 0.0015, ""28°C"": 0.0005, ""29°C"": 0.0005, ""30°C"": 0.0005, ""31°C"": 0.0005, ""32°C"": 0.0005, ""33°C"": 0.0005, ""34°C or higher"": 0.0005}",3,,-21.27,-2.8,d1330a24,2.8,,,26.02,0.32,-2.48,0.998,0.0005,0.0,0.0,0.0,IMPLIED_TEMP_USED_OPEN_BUCKET_APPROX,True,26°C,28°C,26°C,0.998,27.9,28°C,0.0005,,,,,,,,,26.4,26.4,openmeteo_archive_proxy_fallback,26°C,True,False,False,,True
2026-08-16 12:16:26,Shanghai,2026-08-16,30.3,28.4,30°C,0.0005,"{""25°C or below"": 0.0005, ""26°C"": 0.0005, ""27°C"": 0.0005, ""28°C"": 0.0005, ""29°C"": 0.9995, ""30°C"": 0.0005, ""31°C"": 0.0005, ""32°C"": 0.0005, ""33°C"": 0.0005, ""34°C"": 0.0005, ""35°C or higher"": 0.0005}",3,,-20.27,1.9,d1330a24,1.9,,,29.01,-1.29,0.61,0.0005,0.0005,0.0,0.1,0.0,IMPLIED_TEMP_USED_OPEN_BUCKET_APPROX,True,30°C,28°C,29°C,0.9995,29.9,30°C,0.0005,,,,,,,,,29.8,29.8,openmeteo_archive_proxy_fallback,30°C,True,False,True,,False
2026-08-16 12:16:26,Qingdao,2026-08-16,32.6,31.6,33°C,0.9995,"{""26°C or below"": 0.0005, ""27°C"": 0.0005, ""28°C"": 0.0005, ""29°C"": 0.0005, ""30°C"": 0.0005, ""31°C"": 0.0005, ""32°C"": 0.0005, ""33°C"": 0.9995, ""34°C"": 0.0005, ""35°C"": 0.0005, ""36°C or higher"": 0.0005}",3,,-20.27,1.0,d1330a24,1.0,,,32.99,0.39,1.39,0.9995,0.0005,0.0,0.0,0.0,IMPLIED_TEMP_USED_OPEN_BUCKET_APPROX,True,33°C,32°C,33°C,0.9995,31.6,32°C,0.0005,,,,,,,,,31.7,31.7,openmeteo_archive_proxy_fallback,32°C,False,True,True,,False
2026-08-16 12:16:26,Seoul,2026-08-16,27.9,27.2,28°C,0.004,"{""22°C or below"": 0.0005, ""23°C"": 0.0005, ""24°C"": 0.0005, ""25°C"": 0.0005, ""26°C"": 0.0005, ""27°C"": 0.9965, ""28°C"": 0.004, ""29°C"": 0.0005, ""30°C"": 0.0005, ""31°C"": 0.0005, ""32°C or higher"": 0.0005}",3,,-21.27,0.7,d1330a24,0.7,,,27.0,-0.9,-0.2,0.004,0.9965,0.0,-0.1,0.0,IMPLIED_TEMP_USED_OPEN_BUCKET_APPROX,True,28°C,27°C,27°C,0.9965,26.6,27°C,0.9965,,,,,,,,,26.8,26.8,openmeteo_archive_proxy_fallback,27°C,False,True,True,,True
2026-08-16 12:16:26,Guangzhou,2026-08-16,33.7,36.4,34°C,0.0005,"{""29°C or below"": 0.0005, ""30°C"": 0.0005, ""31°C"": 0.0005, ""32°C"": 0.0005, ""33°C"": 0.0005, ""34°C"": 0.0005, ""35°C"": 0.0005, ""36°C"": 0.0005, ""37°C"": 0.9995, ""38°C"": 0.0005, ""39°C or higher"": 0.0005}",3,,-20.27,-2.7,d1330a24,2.7,,,36.98,3.28,0.58,0.0005,0.0005,0.0,-0.1,0.0,IMPLIED_TEMP_USED_OPEN_BUCKET_APPROX,True,34°C,36°C,37°C,0.9995,34.3,34°C,0.0005,,,,,,,,,34.7,34.7,openmeteo_archive_proxy_fallback,35°C,False,False,False,,False
2026-08-16 12:16:26,Shenzhen,2026-08-16,32.3,35.0,32°C,0.0005,"{""27°C or below"": 0.0005, ""28°C"": 0.0005, ""31°C"": 0.0005, ""32°C"": 0.0005, ""33°C"": 0.0005, ""29°C"": 0.0005, ""30°C"": 0.0005, ""34°C"": 0.0005, ""35°C"": 0.9995, ""36°C"": 0.0005, ""37°C or higher"": 0.0005}",3,,-20.27,-2.7,d1330a24,2.7,,,34.98,2.68,-0.02,0.0005,0.9995,0.0,0.7,-0.01,IMPLIED_TEMP_USED_OPEN_BUCKET_APPROX,True,32°C,35°C,35°C,0.9995,32.2,32°C,0.0005,,,,,,,,,33.1,33.1,openmeteo_archive_proxy_fallback,33°C,False,False,False,,False
2026-08-16 12:16:26,New York,2026-08-16,27.3,28.0,80-81°F,0.49,"{""72-73°F"": 0.0005, ""74-75°F"": 0.0005, ""82-83°F"": 0.32, ""86-87°F"": 0.005, ""90°F or higher"": 0.0005, ""71°F or below"": 0.0005, ""76-77°F"": 0.055, ""78-79°F"": 0.155, ""80-81°F"": 0.49, ""84-85°F"": 0.02, ""88-89°F"": 0.0015}",3,,-8.27,-0.7,d1330a24,0.7,,,27.06,-0.24,-0.94,0.49,0.32,0.0,0.1,-0.03,IMPLIED_TEMP_USED_OPEN_BUCKET_APPROX,True,80-81°F,82-83°F,80-81°F,0.49,26.1,78-79°F,0.155,,,,,,,,28.0,26.9,28.0,noaa_nws,82-83°F,False,True,False,,False
2026-08-16 12:16:26,Chicago,2026-08-16,29.1,28.4,84-85°F,0.22,"{""77°F or below"": 0.0005, ""78-79°F"": 0.0015, ""80-81°F"": 0.006, ""82-83°F"": 0.025, ""84-85°F"": 0.22, ""86-87°F"": 0.675, ""88-89°F"": 0.095, ""90-91°F"": 0.015, ""92-93°F"": 0.003, ""94-95°F"": 0.0005, ""96°F or higher"": 0.0005}",3,,-7.27,0.7,d1330a24,0.7,,,30.11,1.01,1.71,0.22,0.025,0.0,-0.3,0.0,IMPLIED_TEMP_USED_OPEN_BUCKET_APPROX,True,84-85°F,82-83°F,86-87°F,0.675,29.9,86-87°F,0.675,,,,,,,,30.0,29.6,30.0,noaa_nws,86-87°F,False,False,True,,True
2026-08-16 12:16:26,Miami,2026-08-16,32.9,32.7,90-91°F,0.011,"{""100-101°F"": 0.0015, ""102-103°F"": 0.0005, ""104°F or higher"": 0.0005, ""85°F or below"": 0.0005, ""86-87°F"": 0.0005, ""88-89°F"": 0.0105, ""90-91°F"": 0.011, ""92-93°F"": 0.675, ""94-95°F"": 0.3, ""96-97°F"": 0.015, ""98-99°F"": 0.0055}",3,,-8.27,0.2,d1330a24,0.2,,,33.96,1.06,1.26,0.011,0.011,0.0,0.2,-0.01,IMPLIED_TEMP_USED_OPEN_BUCKET_APPROX,True,90-91°F,90-91°F,92-93°F,0.675,33.0,90-91°F,0.011,,,,,,,,34.0,33.5,34.0,noaa_nws,92-93°F,False,False,False,,True
2026-08-16 12:16:26,London,2026-08-16,22.3,24.1,23°C or below,0.0005,"{""23°C or below"": 0.0005, ""24°C"": 0.065, ""25°C"": 0.36, ""26°C"": 0.525, ""27°C"": 0.06, ""28°C"": 0.015, ""29°C"": 0.002, ""30°C"": 0.0005, ""31°C"": 0.0005, ""32°C"": 0.0005, ""33°C or higher"": 0.0005}",3,,-13.27,-1.8,d1330a24,1.8,,,25.63,3.33,1.53,0.0005,0.065,0.0,-2.8,-0.13,IMPLIED_TEMP_USED_OPEN_BUCKET_APPROX,True,23°C or below,24°C,26°C,0.525,26.0,26°C,0.525,,,,,,,,,25.2,25.2,openmeteo_archive_proxy_fallback,25°C,False,False,False,,False
2026-08-16 12:16:26,Paris,2026-08-16,29.2,32.7,29°C,0.0065,"{""30°C"": 0.11, ""31°C"": 0.68, ""32°C"": 0.2325, ""33°C"": 0.0115, ""34°C"": 0.0005, ""35°C or higher"": 0.0005, ""29°C"": 0.0065, ""25°C or below"": 0.0005, ""26°C"": 0.0005, ""27°C"": 0.0005, ""28°C"": 0.0005}",3,,-14.27,-3.5,d1330a24,3.5,,,31.12,1.92,-1.58,0.0065,0.0115,0.0,0.3,0.13,IMPLIED_TEMP_USED_OPEN_BUCKET_APPROX,True,29°C,33°C,31°C,0.68,31.4,31°C,0.68,,,,,,,,,30.0,30.0,openmeteo_archive_proxy_fallback,30°C,False,False,False,,False
2026-08-16 12:16:26,Ankara,2026-08-16,29.0,27.7,29°C,0.0035,"{""30°C"": 0.0015, ""31°C"": 0.0005, ""32°C or higher"": 0.0005, ""27°C"": 0.815, ""28°C"": 0.05, ""29°C"": 0.0035, ""22°C or below"": 0.0005, ""23°C"": 0.0005, ""24°C"": 0.0005, ""25°C"": 0.0005, ""26°C"": 0.12}",3,,-15.27,1.3,d1330a24,1.3,,,26.94,-2.06,-0.76,0.0035,0.05,0.0,-0.5,0.0,IMPLIED_TEMP_USED_OPEN_BUCKET_APPROX,True,29°C,28°C,27°C,0.815,27.2,27°C,0.815,,,,,,,,,28.6,28.6,openmeteo_archive_proxy_fallback,29°C,True,False,False,,False
2026-08-16 12:16:26,Buenos Aires,2026-08-16,18.6,17.3,19°C,0.22,"{""13°C or below"": 0.0005, ""17°C"": 0.155, ""18°C"": 0.565, ""19°C"": 0.22, ""23°C or higher"": 0.0005, ""20°C"": 0.04, ""21°C"": 0.015, ""22°C"": 0.0035, ""14°C"": 0.0005, ""15°C"": 0.0015, ""16°C"": 0.03}",3,,-9.27,1.3,d1330a24,1.3,,,18.13,-0.47,0.83,0.22,0.155,0.0,0.3,-0.02,IMPLIED_TEMP_USED_OPEN_BUCKET_APPROX,True,19°C,17°C,18°C,0.565,17.9,18°C,0.565,,,,,,,,,17.7,17.7,openmeteo_archive_proxy_fallback,18°C,False,False,True,,True
2026-08-16 13:23:04,Hong Kong,2026-08-16,32.6,32.2,33°C,0.9995,"{""27°C or below"": 0.0005, ""28°C"": 0.0005, ""29°C"": 0.0005, ""30°C"": 0.0005, ""31°C"": 0.0005, ""32°C"": 0.0005, ""33°C"": 0.9995, ""34°C"": 0.0005, ""35°C"": 0.0005, ""36°C"": 0.0005, ""37°C or higher"": 0.0005}",3,,-21.38,0.4,6e128668,0.4,,,32.99,0.39,0.79,0.9995,0.0005,0.0,0.0,0.0,IMPLIED_TEMP_USED_OPEN_BUCKET_APPROX,True,33°C,32°C,33°C,0.9995,33.1,33°C,0.9995,0.0,,,,,,,,33.6,33.6,openmeteo_archive_proxy_fallback,34°C,False,False,False,,False
2026-08-16 13:23:04,Tokyo,2026-08-16,25.7,28.5,26°C,0.9995,"{""25°C"": 0.0005, ""26°C"": 0.9995, ""24°C or below"": 0.0005, ""27°C"": 0.001, ""28°C"": 0.0005, ""29°C"": 0.0005, ""30°C"": 0.0005, ""31°C"": 0.0005, ""32°C"": 0.0005, ""33°C"": 0.0005, ""34°C or higher"": 0.0005}",3,,-22.38,-2.8,6e128668,2.8,,,26.02,0.32,-2.48,0.9995,0.0005,0.0,0.0,0.0,IMPLIED_TEMP_USED_OPEN_BUCKET_APPROX,True,26°C,28°C,26°C,0.9995,27.9,28°C,0.0005,0.0,,,,,,,,26.4,26.4,openmeteo_archive_proxy_fallback,26°C,True,False,False,,True
2026-08-16 13:23:04,Shanghai,2026-08-16,30.3,28.4,30°C,0.0005,"{""25°C or below"": 0.0005, ""26°C"": 0.0005, ""27°C"": 0.0005, ""28°C"": 0.0005, ""29°C"": 0.9995, ""30°C"": 0.0005, ""31°C"": 0.0005, ""32°C"": 0.0005, ""33°C"": 0.0005, ""34°C"": 0.0005, ""35°C or higher"": 0.0005}",3,,-21.38,1.9,6e128668,1.9,,,29.01,-1.29,0.61,0.0005,0.0005,0.0,0.0,0.0,IMPLIED_TEMP_USED_OPEN_BUCKET_APPROX,True,30°C,28°C,29°C,0.9995,29.9,30°C,0.0005,0.0,,,,,,,,29.8,29.8,openmeteo_archive_proxy_fallback,30°C,True,False,True,,False
2026-08-16 13:23:04,Qingdao,2026-08-16,32.6,31.6,33°C,0.9995,"{""26°C or below"": 0.0005, ""27°C"": 0.0005, ""28°C"": 0.0005, ""29°C"": 0.0005, ""30°C"": 0.0005, ""31°C"": 0.0005, ""32°C"": 0.0005, ""33°C"": 0.9995, ""34°C"": 0.0005, ""35°C"": 0.0005, ""36°C or higher"": 0.0005}",3,,-21.38,1.0,6e128668,1.0,,,32.99,0.39,1.39,0.9995,0.0005,0.0,0.0,0.0,IMPLIED_TEMP_USED_OPEN_BUCKET_APPROX,True,33°C,32°C,33°C,0.9995,31.6,32°C,0.0005,0.0,,,,,,,,31.7,31.7,openmeteo_archive_proxy_fallback,32°C,False,True,True,,False
2026-08-16 13:23:04,Seoul,2026-08-16,27.9,27.2,28°C,0.001,"{""22°C or below"": 0.0005, ""23°C"": 0.0005, ""24°C"": 0.0005, ""25°C"": 0.0005, ""26°C"": 0.0005, ""27°C"": 0.999, ""28°C"": 0.001, ""29°C"": 0.0005, ""30°C"": 0.0005, ""31°C"": 0.0005, ""32°C or higher"": 0.0005}",3,,-22.38,0.7,6e128668,0.7,,,27.0,-0.9,-0.2,0.001,0.999,0.0,0.0,0.0,IMPLIED_TEMP_USED_OPEN_BUCKET_APPROX,True,28°C,27°C,27°C,0.999,26.6,27°C,0.999,0.0,,,,,,,,26.8,26.8,openmeteo_archive_proxy_fallback,27°C,False,True,True,,True
2026-08-16 13:23:04,Guangzhou,2026-08-16,33.7,36.4,34°C,0.0005,"{""29°C or below"": 0.0005, ""30°C"": 0.0005, ""31°C"": 0.0005, ""32°C"": 0.0005, ""33°C"": 0.0005, ""34°C"": 0.0005, ""35°C"": 0.0005, ""36°C"": 0.0005, ""37°C"": 0.9995, ""38°C"": 0.0005, ""39°C or higher"": 0.0005}",3,,-21.38,-2.7,6e128668,2.7,,,36.98,3.28,0.58,0.0005,0.0005,0.0,0.0,0.0,IMPLIED_TEMP_USED_OPEN_BUCKET_APPROX,True,34°C,36°C,37°C,0.9995,34.3,34°C,0.0005,0.0,,,,,,,,34.7,34.7,openmeteo_archive_proxy_fallback,35°C,False,False,False,,False
2026-08-16 13:23:04,Shenzhen,2026-08-16,32.3,35.0,32°C,0.0005,"{""27°C or below"": 0.0005, ""28°C"": 0.0005, ""31°C"": 0.0005, ""32°C"": 0.0005, ""33°C"": 0.0005, ""29°C"": 0.0005, ""30°C"": 0.0005, ""34°C"": 0.0005, ""35°C"": 0.9995, ""36°C"": 0.0005, ""37°C or higher"": 0.0005}",3,,-21.38,-2.7,6e128668,2.7,,,34.98,2.68,-0.02,0.0005,0.9995,0.0,0.0,0.0,IMPLIED_TEMP_USED_OPEN_BUCKET_APPROX,True,32°C,35°C,35°C,0.9995,32.2,32°C,0.0005,0.0,,,,,,,,33.1,33.1,openmeteo_archive_proxy_fallback,33°C,False,False,False,,False
2026-08-16 13:23:04,New York,2026-08-16,27.3,27.9,80-81°F,0.47,"{""72-73°F"": 0.0005, ""74-75°F"": 0.0005, ""82-83°F"": 0.3, ""86-87°F"": 0.0025, ""90°F or higher"": 0.0005, ""71°F or below"": 0.0005, ""76-77°F"": 0.045, ""78-79°F"": 0.22, ""80-81°F"": 0.47, ""84-85°F"": 0.015, ""88-89°F"": 0.0015}",3,,-9.38,-0.6,6e128668,0.6,,,26.98,-0.32,-0.92,0.47,0.3,0.0,-0.1,-0.08,IMPLIED_TEMP_USED_OPEN_BUCKET_APPROX,True,80-81°F,82-83°F,80-81°F,0.47,26.1,78-79°F,0.22,0.0,,,,,,,28.0,26.9,28.0,noaa_nws,82-83°F,False,True,False,,False
2026-08-16 13:23:04,Chicago,2026-08-16,29.1,28.0,84-85°F,0.235,"{""77°F or below"": 0.0005, ""78-79°F"": 0.0015, ""80-81°F"": 0.005, ""82-83°F"": 0.015, ""84-85°F"": 0.235, ""86-87°F"": 0.67, ""88-89°F"": 0.095, ""90-91°F"": 0.015, ""92-93°F"": 0.0025, ""94-95°F"": 0.0005, ""96°F or higher"": 0.0005}",3,,-8.38,1.1,6e128668,1.1,,,30.12,1.02,2.12,0.235,0.015,0.0,-0.4,0.01,IMPLIED_TEMP_USED_OPEN_BUCKET_APPROX,True,84-85°F,82-83°F,86-87°F,0.67,29.9,86-87°F,0.67,0.0,,,,,,,30.0,29.6,30.0,noaa_nws,86-87°F,False,False,True,,True
2026-08-16 13:23:04,Miami,2026-08-16,32.9,32.9,90-91°F,0.011,"{""100-101°F"": 0.0015, ""102-103°F"": 0.0005, ""104°F or higher"": 0.0005, ""85°F or below"": 0.0005, ""86-87°F"": 0.0005, ""88-89°F"": 0.0105, ""90-91°F"": 0.011, ""92-93°F"": 0.67, ""94-95°F"": 0.29, ""96-97°F"": 0.02, ""98-99°F"": 0.0055}",3,,-9.38,0.0,6e128668,0.0,,,33.97,1.07,1.07,0.011,0.011,0.0,0.2,0.01,IMPLIED_TEMP_USED_OPEN_BUCKET_APPROX,True,90-91°F,90-91°F,92-93°F,0.67,33.0,90-91°F,0.011,0.0,,,,,,,34.0,33.5,34.0,noaa_nws,92-93°F,False,False,False,,True
2026-08-16 13:23:04,London,2026-08-16,22.3,24.1,23°C or below,0.0005,"{""23°C or below"": 0.0005, ""24°C"": 0.0005, ""25°C"": 0.205, ""26°C"": 0.59, ""27°C"": 0.165, ""28°C"": 0.015, ""29°C"": 0.0015, ""30°C"": 0.0005, ""31°C"": 0.0005, ""32°C"": 0.0005, ""33°C or higher"": 0.0005}",3,,-14.38,-1.8,6e128668,1.8,,,26.0,3.7,1.9,0.0005,0.0005,0.0,0.0,0.37,IMPLIED_TEMP_USED_OPEN_BUCKET_APPROX,True,23°C or below,24°C,26°C,0.59,26.0,26°C,0.59,0.0,,,,,,,,25.2,25.2,openmeteo_archive_proxy_fallback,25°C,False,False,False,,False
2026-08-16 13:23:04,Paris,2026-08-16,29.2,32.7,29°C,0.0005,"{""30°C"": 0.14, ""31°C"": 0.705, ""32°C"": 0.188, ""33°C"": 0.0065, ""34°C"": 0.0005, ""35°C or higher"": 0.0005, ""29°C"": 0.0005, ""25°C or below"": 0.0005, ""26°C"": 0.0005, ""27°C"": 0.0005, ""28°C"": 0.0005}",3,,-15.38,-3.5,6e128668,3.5,,,31.05,1.85,-1.65,0.0005,0.0065,0.0,0.0,-0.07,IMPLIED_TEMP_USED_OPEN_BUCKET_APPROX,True,29°C,33°C,31°C,0.705,31.4,31°C,0.705,0.0,,,,,,,,30.0,30.0,openmeteo_archive_proxy_fallback,30°C,False,False,False,,False
2026-08-16 13:23:04,Ankara,2026-08-16,29.0,27.7,29°C,0.002,"{""30°C"": 0.0005, ""31°C"": 0.0005, ""32°C or higher"": 0.0005, ""27°C"": 0.975, ""28°C"": 0.035, ""29°C"": 0.002, ""22°C or below"": 0.0005, ""23°C"": 0.0005, ""24°C"": 0.0005, ""25°C"": 0.0005, ""26°C"": 0.0005}",3,,-16.38,1.3,6e128668,1.3,,,27.04,-1.96,-0.66,0.002,0.035,0.0,0.0,0.1,IMPLIED_TEMP_USED_OPEN_BUCKET_APPROX,True,29°C,28°C,27°C,0.975,27.2,27°C,0.975,0.0,,,,,,,,28.6,28.6,openmeteo_archive_proxy_fallback,29°C,True,False,False,,False
2026-08-16 13:23:04,Buenos Aires,2026-08-16,18.6,17.3,19°C,0.215,"{""13°C or below"": 0.0005, ""17°C"": 0.165, ""18°C"": 0.575, ""19°C"": 0.215, ""23°C or higher"": 0.0005, ""20°C"": 0.04, ""21°C"": 0.01, ""22°C"": 0.0015, ""14°C"": 0.0005, ""15°C"": 0.0015, ""16°C"": 0.03}",3,,-10.38,1.3,6e128668,1.3,,,18.1,-0.5,0.8,0.215,0.165,0.0,0.0,-0.03,IMPLIED_TEMP_USED_OPEN_BUCKET_APPROX,True,19°C,17°C,18°C,0.575,17.9,18°C,0.575,0.0,,,,,,,,17.7,17.7,openmeteo_archive_proxy_fallback,18°C,False,False,True,,True
2026-08-16 14:12:47,Hong Kong,2026-08-16,33.3,32.2,33°C,0.9995,"{""27°C or below"": 0.0005, ""28°C"": 0.0005, ""29°C"": 0.0005, ""30°C"": 0.0005, ""31°C"": 0.0005, ""32°C"": 0.0005, ""33°C"": 0.9995, ""34°C"": 0.0005, ""35°C"": 0.0005, ""36°C"": 0.0005, ""37°C or higher"": 0.0005}",3,,-22.21,1.1,8ef4e255,1.1,,,32.99,-0.31,0.79,0.9995,0.0005,0.7,0.0,0.0,IMPLIED_TEMP_USED_OPEN_BUCKET_APPROX,True,33°C,32°C,33°C,0.9995,33.1,33°C,0.9995,0.0,,,,,,,,33.6,33.6,openmeteo_archive_proxy_fallback,34°C,False,False,False,,False
2026-08-16 14:12:47,Tokyo,2026-08-16,25.7,28.5,26°C,0.9995,"{""25°C"": 0.0005, ""26°C"": 0.9995, ""24°C or below"": 0.0005, ""27°C"": 0.001, ""28°C"": 0.0005, ""29°C"": 0.0005, ""30°C"": 0.0005, ""31°C"": 0.0005, ""32°C"": 0.0005, ""33°C"": 0.0005, ""34°C or higher"": 0.0005}",3,,-23.21,-2.8,8ef4e255,2.8,,,26.02,0.32,-2.48,0.9995,0.0005,0.0,0.0,0.0,IMPLIED_TEMP_USED_OPEN_BUCKET_APPROX,True,26°C,28°C,26°C,0.9995,27.9,28°C,0.0005,0.0,,,,,,,,26.4,26.4,openmeteo_archive_proxy_fallback,26°C,True,False,False,,True
2026-08-16 14:12:47,Shanghai,2026-08-16,29.4,28.4,29°C,0.9995,"{""25°C or below"": 0.0005, ""26°C"": 0.0005, ""27°C"": 0.0005, ""28°C"": 0.0005, ""29°C"": 0.9995, ""30°C"": 0.0005, ""31°C"": 0.0005, ""32°C"": 0.0005, ""33°C"": 0.0005, ""34°C"": 0.0005, ""35°C or higher"": 0.0005}",3,,-22.21,1.0,8ef4e255,1.0,,,29.01,-0.39,0.61,0.9995,0.0005,-0.9,0.0,0.0,IMPLIED_TEMP_USED_OPEN_BUCKET_APPROX,True,29°C,28°C,29°C,0.9995,29.9,30°C,0.0005,0.0,,,,,,,,29.8,29.8,openmeteo_archive_proxy_fallback,30°C,False,False,True,,False
2026-08-16 14:12:47,Qingdao,2026-08-16,32.7,31.6,33°C,0.9995,"{""26°C or below"": 0.0005, ""27°C"": 0.0005, ""28°C"": 0.0005, ""29°C"": 0.0005, ""30°C"": 0.0005, ""31°C"": 0.0005, ""32°C"": 0.0005, ""33°C"": 0.9995, ""34°C"": 0.0005, ""35°C"": 0.0005, ""36°C or higher"": 0.0005}",3,,-22.21,1.1,8ef4e255,1.1,,,32.99,0.29,1.39,0.9995,0.0005,0.1,0.0,0.0,IMPLIED_TEMP_USED_OPEN_BUCKET_APPROX,True,33°C,32°C,33°C,0.9995,31.6,32°C,0.0005,0.0,,,,,,,,31.7,31.7,openmeteo_archive_proxy_fallback,32°C,False,True,True,,False
2026-08-16 14:12:47,Seoul,2026-08-16,26.7,27.2,27°C,0.999,"{""22°C or below"": 0.0005, ""23°C"": 0.0005, ""24°C"": 0.0005, ""25°C"": 0.0005, ""26°C"": 0.0005, ""27°C"": 0.999, ""28°C"": 0.0005, ""29°C"": 0.0005, ""30°C"": 0.0005, ""31°C"": 0.0005, ""32°C or higher"": 0.0005}",3,,-23.21,-0.5,8ef4e255,0.5,,,27.0,0.3,-0.2,0.999,0.999,-1.2,0.0,0.0,IMPLIED_TEMP_USED_OPEN_BUCKET_APPROX,True,27°C,27°C,27°C,0.999,26.6,27°C,0.999,0.0,,,,,,,,26.8,26.8,openmeteo_archive_proxy_fallback,27°C,True,True,True,,True
2026-08-16 14:12:47,Guangzhou,2026-08-16,34.7,36.4,35°C,0.0005,"{""29°C or below"": 0.0005, ""30°C"": 0.0005, ""31°C"": 0.0005, ""32°C"": 0.0005, ""33°C"": 0.0005, ""34°C"": 0.0005, ""35°C"": 0.0005, ""36°C"": 0.0005, ""37°C"": 0.9995, ""38°C"": 0.0005, ""39°C or higher"": 0.0005}",3,,-22.21,-1.7,8ef4e255,1.7,,,36.98,2.28,0.58,0.0005,0.0005,1.0,0.0,0.0,IMPLIED_TEMP_USED_OPEN_BUCKET_APPROX,True,35°C,36°C,37°C,0.9995,34.3,34°C,0.0005,0.0,,,,,,,,34.7,34.7,openmeteo_archive_proxy_fallback,35°C,True,False,False,,False
2026-08-16 14:12:47,Shenzhen,2026-08-16,33.4,35.0,33°C,0.0005,"{""27°C or below"": 0.0005, ""28°C"": 0.0005, ""31°C"": 0.0005, ""32°C"": 0.0005, ""33°C"": 0.0005, ""29°C"": 0.0005, ""30°C"": 0.0005, ""34°C"": 0.0005, ""35°C"": 0.9995, ""36°C"": 0.0005, ""37°C or higher"": 0.0005}",3,,-22.21,-1.6,8ef4e255,1.6,,,34.98,1.58,-0.02,0.0005,0.9995,1.1,0.0,0.0,IMPLIED_TEMP_USED_OPEN_BUCKET_APPROX,True,33°C,35°C,35°C,0.9995,32.2,32°C,0.0005,0.0,,,,,,,,33.1,33.1,openmeteo_archive_proxy_fallback,33°C,True,False,False,,False
2026-08-16 14:12:47,New York,2026-08-16,26.9,26.9,80-81°F,0.47,"{""72-73°F"": 0.0005, ""74-75°F"": 0.0005, ""82-83°F"": 0.22, ""86-87°F"": 0.0045, ""90°F or higher"": 0.0005, ""71°F or below"": 0.0005, ""76-77°F"": 0.04, ""78-79°F"": 0.29, ""80-81°F"": 0.47, ""84-85°F"": 0.015, ""88-89°F"": 0.001}",3,,-10.21,0.0,8ef4e255,0.0,,,26.83,-0.07,-0.07,0.47,0.47,-0.4,-1.0,-0.15,IMPLIED_TEMP_USED_OPEN_BUCKET_APPROX,True,80-81°F,80-81°F,80-81°F,0.47,26.1,78-79°F,0.29,0.0,,,,,,,28.0,26.9,28.0,noaa_nws,82-83°F,False,False,False,,False
2026-08-16 14:12:47,Chicago,2026-08-16,29.0,27.8,84-85°F,0.505,"{""77°F or below"": 0.0005, ""78-79°F"": 0.0015, ""80-81°F"": 0.006, ""82-83°F"": 0.025, ""84-85°F"": 0.505, ""86-87°F"": 0.41, ""88-89°F"": 0.085, ""90-91°F"": 0.015, ""92-93°F"": 0.0025, ""94-95°F"": 0.0005, ""96°F or higher"": 0.0005}",3,,-9.21,1.2,8ef4e255,1.2,,,29.8,0.8,2.0,0.505,0.025,-0.1,-0.2,-0.32,IMPLIED_TEMP_USED_OPEN_BUCKET_APPROX,True,84-85°F,82-83°F,84-85°F,0.505,29.9,86-87°F,0.41,0.0,,,,,,,30.0,29.6,30.0,noaa_nws,86-87°F,False,False,True,,False
2026-08-16 14:12:47,Miami,2026-08-16,32.9,33.0,90-91°F,0.0115,"{""100-101°F"": 0.0015, ""102-103°F"": 0.0005, ""104°F or higher"": 0.0005, ""85°F or below"": 0.0005, ""86-87°F"": 0.0015, ""88-89°F"": 0.0105, ""90-91°F"": 0.0115, ""92-93°F"": 0.57, ""94-95°F"": 0.395, ""96-97°F"": 0.025, ""98-99°F"": 0.009}",3,,-10.21,-0.1,8ef4e255,0.1,,,34.09,1.19,1.09,0.0115,0.0115,0.0,0.1,0.12,IMPLIED_TEMP_USED_OPEN_BUCKET_APPROX,True,90-91°F,90-91°F,92-93°F,0.57,33.0,90-91°F,0.0115,0.0,,,,,,,34.0,33.5,34.0,noaa_nws,92-93°F,False,False,False,,True
2026-08-16 14:12:47,London,2026-08-16,24.3,24.1,24°C,0.0005,"{""23°C or below"": 0.0005, ""24°C"": 0.0005, ""25°C"": 0.255, ""26°C"": 0.67, ""27°C"": 0.095, ""28°C"": 0.014, ""29°C"": 0.001, ""30°C"": 0.0005, ""31°C"": 0.0005, ""32°C"": 0.0005, ""33°C or higher"": 0.0005}",3,,-15.21,0.2,8ef4e255,0.2,,,25.88,1.58,1.78,0.0005,0.0005,2.0,0.0,-0.12,IMPLIED_TEMP_USED_OPEN_BUCKET_APPROX,True,24°C,24°C,26°C,0.67,26.3,26°C,0.67,0.3,,,,,,,,25.2,25.2,openmeteo_archive_proxy_fallback,25°C,False,False,False,,False
2026-08-16 14:12:47,Paris,2026-08-16,28.9,32.7,29°C,0.0005,"{""30°C"": 0.0005, ""31°C"": 0.885, ""32°C"": 0.1055, ""33°C"": 0.009, ""34°C"": 0.0005, ""35°C or higher"": 0.0005, ""29°C"": 0.0005, ""25°C or below"": 0.0005, ""26°C"": 0.0005, ""27°C"": 0.0005, ""28°C"": 0.0005}",3,,-16.21,-3.8,8ef4e255,3.8,,,31.12,2.22,-1.58,0.0005,0.009,-0.3,0.0,0.07,IMPLIED_TEMP_USED_OPEN_BUCKET_APPROX,True,29°C,33°C,31°C,0.885,31.4,31°C,0.885,0.0,,,,,,,,30.0,30.0,openmeteo_archive_proxy_fallback,30°C,False,False,False,,False
2026-08-16 14:12:47,Ankara,2026-08-16,,,,,"{""30°C"": 0.0005, ""31°C"": 0.0005, ""32°C or higher"": 0.0005, ""27°C"": 0.99, ""28°C"": 0.015, ""29°C"": 0.0035, ""22°C or below"": 0.0005, ""23°C"": 0.0005, ""24°C"": 0.0005, ""25°C"": 0.0005, ""26°C"": 0.0005}",3,,-17.21,,8ef4e255,,,,27.02,,,,,,,-0.02,ICON_FORECAST_MISSING|IMPLIED_TEMP_USED_OPEN_BUCKET_APPROX,True,,,27°C,0.99,,,,,,,,,,,,28.6,28.6,openmeteo_archive_proxy_fallback,29°C,,,,,False
2026-08-16 14:12:47,Buenos Aires,2026-08-16,,,,,"{""13°C or below"": 0.0005, ""17°C"": 0.115, ""18°C"": 0.39, ""19°C"": 0.39, ""23°C or higher"": 0.0005, ""20°C"": 0.1, ""21°C"": 0.02, ""22°C"": 0.0035, ""14°C"": 0.0005, ""15°C"": 0.0005, ""16°C"": 0.03}",3,,-11.21,,8ef4e255,,,,18.46,,,,,,,0.36,ICON_FORECAST_MISSING|IMPLIED_TEMP_USED_OPEN_BUCKET_APPROX,True,,,18°C,0.39,,,,,,,,,,,,17.7,17.7,openmeteo_archive_proxy_fallback,18°C,,,,,True
2026-08-16 15:10:18,Hong Kong,2026-08-16,33.3,32.2,33°C,0.9995,"{""27°C or below"": 0.0005, ""28°C"": 0.0005, ""29°C"": 0.0005, ""30°C"": 0.0005, ""31°C"": 0.0005, ""32°C"": 0.0005, ""33°C"": 0.9995, ""34°C"": 0.0005, ""35°C"": 0.0005, ""36°C"": 0.0005, ""37°C or higher"": 0.0005}",3,,-23.17,1.1,d42da1e2,1.1,,,32.99,-0.31,0.79,0.9995,0.0005,0.0,0.0,0.0,IMPLIED_TEMP_USED_OPEN_BUCKET_APPROX,True,33°C,32°C,33°C,0.9995,33.1,33°C,0.9995,0.0,,,,,,,,33.6,33.6,openmeteo_archive_proxy_fallback,34°C,False,False,False,,False
2026-08-16 15:10:18,Tokyo,2026-08-17,28.7,31.4,29°C,0.28,"{""24°C or below"": 0.0005, ""32°C"": 0.043, ""33°C"": 0.0125, ""34°C or higher"": 0.006, ""25°C"": 0.0035, ""26°C"": 0.0105, ""27°C"": 0.03, ""28°C"": 0.06, ""29°C"": 0.28, ""30°C"": 0.465, ""31°C"": 0.16}",3,,-0.17,-2.7,d42da1e2,2.7,,,29.77,1.07,-1.63,0.28,0.16,3.0,2.9,3.75,IMPLIED_TEMP_USED_OPEN_BUCKET_APPROX,True,29°C,31°C,30°C,0.465,29.9,30°C,0.465,2.0,,,,,,,,29.5,29.5,openmeteo_archive_proxy_fallback,30°C,False,False,True,,True
2026-08-16 15:10:18,Shanghai,2026-08-16,29.4,28.4,29°C,0.9995,"{""25°C or below"": 0.0005, ""26°C"": 0.0005, ""27°C"": 0.0005, ""28°C"": 0.0005, ""29°C"": 0.9995, ""30°C"": 0.0005, ""31°C"": 0.0005, ""32°C"": 0.0005, ""33°C"": 0.0005, ""34°C"": 0.0005, ""35°C or higher"": 0.0005}",3,,-23.17,1.0,d42da1e2,1.0,,,29.01,-0.39,0.61,0.9995,0.0005,0.0,0.0,0.0,IMPLIED_TEMP_USED_OPEN_BUCKET_APPROX,True,29°C,28°C,29°C,0.9995,29.9,30°C,0.0005,0.0,,,,,,,,29.8,29.8,openmeteo_archive_proxy_fallback,30°C,False,False,True,,False
2026-08-16 15:10:18,Qingdao,2026-08-16,32.7,31.6,33°C,0.9995,"{""26°C or below"": 0.0005, ""27°C"": 0.0005, ""28°C"": 0.0005, ""29°C"": 0.0005, ""30°C"": 0.0005, ""31°C"": 0.0005, ""32°C"": 0.0005, ""33°C"": 0.9995, ""34°C"": 0.0005, ""35°C"": 0.0005, ""36°C or higher"": 0.0005}",3,,-23.17,1.1,d42da1e2,1.1,,,32.99,0.29,1.39,0.9995,0.0005,0.0,0.0,0.0,IMPLIED_TEMP_USED_OPEN_BUCKET_APPROX,True,33°C,32°C,33°C,0.9995,31.6,32°C,0.0005,0.0,,,,,,,,31.7,31.7,openmeteo_archive_proxy_fallback,32°C,False,True,True,,False
2026-08-16 15:10:18,Seoul,2026-08-17,28.6,30.1,29°C,0.33,"{""25°C"": 0.0015, ""26°C"": 0.025, ""27°C"": 0.145, ""29°C"": 0.33, ""33°C or higher"": 0.0055, ""24°C"": 0.0005, ""23°C or below"": 0.0005, ""28°C"": 0.295, ""30°C"": 0.185, ""31°C"": 0.05, ""32°C"": 0.025}",3,,-0.17,-1.5,d42da1e2,1.5,,,28.73,0.13,-1.37,0.33,0.185,1.9,2.9,1.73,IMPLIED_TEMP_USED_OPEN_BUCKET_APPROX,True,29°C,30°C,29°C,0.33,30.9,31°C,0.05,4.3,,,,,,,,28.3,28.3,openmeteo_archive_proxy_fallback,28°C,False,False,False,,False
2026-08-16 15:10:18,Guangzhou,2026-08-16,34.7,36.4,35°C,0.0005,"{""29°C or below"": 0.0005, ""30°C"": 0.0005, ""31°C"": 0.0005, ""32°C"": 0.0005, ""33°C"": 0.0005, ""34°C"": 0.0005, ""35°C"": 0.0005, ""36°C"": 0.0005, ""37°C"": 0.9995, ""38°C"": 0.0005, ""39°C or higher"": 0.0005}",3,,-23.17,-1.7,d42da1e2,1.7,,,36.98,2.28,0.58,0.0005,0.0005,0.0,0.0,0.0,IMPLIED_TEMP_USED_OPEN_BUCKET_APPROX,True,35°C,36°C,37°C,0.9995,34.3,34°C,0.0005,0.0,,,,,,,,34.7,34.7,openmeteo_archive_proxy_fallback,35°C,True,False,False,,False
2026-08-16 15:10:18,Shenzhen,2026-08-16,33.4,35.0,33°C,0.0005,"{""27°C or below"": 0.0005, ""28°C"": 0.0005, ""31°C"": 0.0005, ""32°C"": 0.0005, ""33°C"": 0.0005, ""29°C"": 0.0005, ""30°C"": 0.0005, ""34°C"": 0.0005, ""35°C"": 0.9995, ""36°C"": 0.0005, ""37°C or higher"": 0.0005}",3,,-23.17,-1.6,d42da1e2,1.6,,,34.98,1.58,-0.02,0.0005,0.9995,0.0,0.0,0.0,IMPLIED_TEMP_USED_OPEN_BUCKET_APPROX,True,33°C,35°C,35°C,0.9995,32.2,32°C,0.0005,0.0,,,,,,,,33.1,33.1,openmeteo_archive_proxy_fallback,33°C,True,False,False,,False
2026-08-16 15:10:18,New York,2026-08-16,26.9,26.8,80-81°F,0.495,"{""72-73°F"": 0.0005, ""74-75°F"": 0.0005, ""82-83°F"": 0.45, ""86-87°F"": 0.0055, ""90°F or higher"": 0.0005, ""71°F or below"": 0.0005, ""76-77°F"": 0.0005, ""78-79°F"": 0.0005, ""80-81°F"": 0.495, ""84-85°F"": 0.035, ""88-89°F"": 0.0005}",3,,-11.17,0.1,d42da1e2,0.1,,,27.54,0.64,0.74,0.495,0.495,0.0,-0.1,0.71,IMPLIED_TEMP_USED_OPEN_BUCKET_APPROX,True,80-81°F,80-81°F,80-81°F,0.495,26.1,78-79°F,0.0005,0.0,,,,,,,28.0,26.9,28.0,noaa_nws,82-83°F,False,False,False,,False
2026-08-16 15:10:18,Chicago,2026-08-16,29.0,28.3,84-85°F,0.475,"{""77°F or below"": 0.0005, ""78-79°F"": 0.001, ""80-81°F"": 0.0075, ""82-83°F"": 0.05, ""84-85°F"": 0.475, ""86-87°F"": 0.33, ""88-89°F"": 0.145, ""90-91°F"": 0.01, ""92-93°F"": 0.0015, ""94-95°F"": 0.0005, ""96°F or higher"": 0.0005}",3,,-10.17,0.7,d42da1e2,0.7,,,29.81,0.81,1.51,0.475,0.05,0.0,0.5,0.01,IMPLIED_TEMP_USED_OPEN_BUCKET_APPROX,True,84-85°F,82-83°F,84-85°F,0.475,29.9,86-87°F,0.33,0.0,,,,,,,30.0,29.6,30.0,noaa_nws,86-87°F,False,False,True,,False
2026-08-16 15:10:18,Miami,2026-08-16,32.9,33.1,90-91°F,0.0085,"{""100-101°F"": 0.0015, ""102-103°F"": 0.0005, ""104°F or higher"": 0.0005, ""85°F or below"": 0.0005, ""86-87°F"": 0.0005, ""88-89°F"": 0.0005, ""90-91°F"": 0.0085, ""92-93°F"": 0.615, ""94-95°F"": 0.335, ""96-97°F"": 0.015, ""98-99°F"": 0.006}",3,,-11.17,-0.2,d42da1e2,0.2,,,34.04,1.14,0.94,0.0085,0.615,0.0,0.1,-0.05,IMPLIED_TEMP_USED_OPEN_BUCKET_APPROX,True,90-91°F,92-93°F,92-93°F,0.615,33.0,90-91°F,0.0085,0.0,,,,,,,34.0,33.5,34.0,noaa_nws,92-93°F,False,True,False,,True
2026-08-16 15:10:18,London,2026-08-16,24.3,24.1,24°C,0.0005,"{""23°C or below"": 0.0005, ""24°C"": 0.0005, ""25°C"": 0.0005, ""26°C"": 0.87, ""27°C"": 0.13, ""28°C"": 0.005, ""29°C"": 0.0005, ""30°C"": 0.0005, ""31°C"": 0.0005, ""32°C"": 0.0005, ""33°C or higher"": 0.0005}",3,,-16.17,0.2,d42da1e2,0.2,,,26.15,1.85,2.05,0.0005,0.0005,0.0,0.0,0.27,IMPLIED_TEMP_USED_OPEN_BUCKET_APPROX,True,24°C,24°C,26°C,0.87,26.3,26°C,0.87,0.0,,,,,,,,25.2,25.2,openmeteo_archive_proxy_fallback,25°C,False,False,False,,False
2026-08-16 15:10:18,Paris,2026-08-16,28.9,32.7,29°C,0.0005,"{""30°C"": 0.0005, ""31°C"": 0.99, ""32°C"": 0.0105, ""33°C"": 0.0075, ""34°C"": 0.001, ""35°C or higher"": 0.0005, ""29°C"": 0.0005, ""25°C or below"": 0.0005, ""26°C"": 0.0005, ""27°C"": 0.0005, ""28°C"": 0.0005}",3,,-17.17,-3.8,d42da1e2,3.8,,,31.02,2.12,-1.68,0.0005,0.0075,0.0,0.0,-0.1,IMPLIED_TEMP_USED_OPEN_BUCKET_APPROX,True,29°C,33°C,31°C,0.99,31.4,31°C,0.99,0.0,,,,,,,,30.0,30.0,openmeteo_archive_proxy_fallback,30°C,False,False,False,,False
2026-08-16 15:10:18,Ankara,2026-08-16,28.5,27.7,28°C,0.03,"{""30°C"": 0.0005, ""31°C"": 0.0005, ""32°C or higher"": 0.0005, ""27°C"": 0.9865, ""28°C"": 0.03, ""29°C"": 0.0035, ""22°C or below"": 0.0005, ""23°C"": 0.0005, ""24°C"": 0.0005, ""25°C"": 0.0005, ""26°C"": 0.0005}",3,,-18.17,0.8,d42da1e2,0.8,,,27.03,-1.47,-0.67,0.03,0.03,,,0.01,IMPLIED_TEMP_USED_OPEN_BUCKET_APPROX,True,28°C,28°C,27°C,0.9865,27.2,27°C,0.9865,,,,,,,,,28.6,28.6,openmeteo_archive_proxy_fallback,29°C,False,False,False,,False
2026-08-16 15:10:18,Buenos Aires,2026-08-16,18.9,17.3,19°C,0.505,"{""13°C or below"": 0.0005, ""17°C"": 0.105, ""18°C"": 0.215, ""19°C"": 0.505, ""23°C or higher"": 0.0005, ""20°C"": 0.25, ""21°C"": 0.019, ""22°C"": 0.003, ""14°C"": 0.0005, ""15°C"": 0.0005, ""16°C"": 0.0005}",3,,-12.17,1.6,d42da1e2,1.6,,,18.88,-0.02,1.58,0.505,0.105,,,0.42,IMPLIED_TEMP_USED_OPEN_BUCKET_APPROX,True,19°C,17°C,19°C,0.505,17.9,18°C,0.215,,,,,,,,,17.7,17.7,openmeteo_archive_proxy_fallback,18°C,False,False,True,,False
2026-08-16 16:11:14,Hong Kong,2026-08-17,32.1,33.7,32°C,0.325,"{""31°C"": 0.08, ""32°C"": 0.325, ""33°C"": 0.385, ""34°C"": 0.18, ""35°C"": 0.025, ""36°C"": 0.009, ""37°C"": 0.0005, ""38°C or higher"": 0.0005, ""28°C or below"": 0.0005, ""29°C"": 0.0035, ""30°C"": 0.015}",3,,-0.19,-1.6,826fe360,1.6,,,32.72,0.62,-0.98,0.325,0.18,-1.2,1.5,-0.27,IMPLIED_TEMP_USED_OPEN_BUCKET_APPROX,True,32°C,34°C,33°C,0.385,32.7,33°C,0.385,-0.4,,,,,,,,31.8,31.8,openmeteo_archive_proxy_fallback,32°C,True,False,False,,False
2026-08-16 16:11:14,Tokyo,2026-08-17,28.7,31.4,29°C,0.285,"{""24°C or below"": 0.0025, ""32°C"": 0.0445, ""33°C"": 0.008, ""34°C or higher"": 0.006, ""25°C"": 0.0025, ""26°C"": 0.008, ""27°C"": 0.03, ""28°C"": 0.065, ""29°C"": 0.285, ""30°C"": 0.455, ""31°C"": 0.15}",3,,-1.19,-2.7,826fe360,2.7,,,29.74,1.04,-1.66,0.285,0.15,0.0,0.0,-0.03,IMPLIED_TEMP_USED_OPEN_BUCKET_APPROX,True,29°C,31°C,30°C,0.455,29.9,30°C,0.455,0.0,,,,,,,,29.5,29.5,openmeteo_archive_proxy_fallback,30°C,False,False,True,,True
2026-08-16 16:11:14,Shanghai,2026-08-17,31.2,31.6,31°C,0.55,"{""33°C"": 0.025, ""34°C"": 0.0035, ""35°C or higher"": 0.0005, ""25°C or below"": 0.0005, ""26°C"": 0.0005, ""27°C"": 0.0015, ""28°C"": 0.015, ""29°C"": 0.045, ""30°C"": 0.225, ""31°C"": 0.55, ""32°C"": 0.19}",3,,-0.19,-0.4,826fe360,0.4,,,30.89,-0.31,-0.71,0.55,0.19,1.8,3.2,1.88,IMPLIED_TEMP_USED_OPEN_BUCKET_APPROX,True,31°C,32°C,31°C,0.55,33.0,33°C,0.025,3.1,,,,,,,,31.4,31.4,openmeteo_archive_proxy_fallback,31°C,True,False,False,,True
2026-08-16 16:11:14,Qingdao,2026-08-17,31.5,32.9,32°C,0.33,"{""28°C or below"": 0.0005, ""29°C"": 0.002, ""30°C"": 0.015, ""31°C"": 0.09, ""32°C"": 0.33, ""33°C"": 0.41, ""34°C"": 0.135, ""35°C"": 0.03, ""36°C"": 0.003, ""37°C"": 0.0015, ""38°C or higher"": 0.0005}",3,,-0.19,-1.4,826fe360,1.4,,,32.65,1.15,-0.25,0.33,0.41,-1.2,1.3,-0.34,IMPLIED_TEMP_USED_OPEN_BUCKET_APPROX,True,32°C,33°C,33°C,0.41,32.0,32°C,0.33,0.4,,,,,,,,31.2,31.2,openmeteo_archive_proxy_fallback,31°C,False,False,False,,False
2026-08-16 16:11:14,Seoul,2026-08-17,28.6,30.1,29°C,0.37,"{""25°C"": 0.0005, ""26°C"": 0.0145, ""27°C"": 0.125, ""29°C"": 0.37, ""33°C or higher"": 0.005, ""24°C"": 0.0005, ""23°C or below"": 0.0005, ""28°C"": 0.325, ""30°C"": 0.155, ""31°C"": 0.035, ""32°C"": 0.008}",3,,-1.19,-1.5,826fe360,1.5,,,28.66,0.06,-1.44,0.37,0.155,0.0,0.0,-0.07,IMPLIED_TEMP_USED_OPEN_BUCKET_APPROX,True,29°C,30°C,29°C,0.37,30.9,31°C,0.035,0.0,,,,,,,,28.3,28.3,openmeteo_archive_proxy_fallback,28°C,False,False,False,,False
2026-08-16 16:11:14,Guangzhou,2026-08-17,32.7,37.1,33°C,0.07,"{""29°C or below"": 0.0005, ""30°C"": 0.0005, ""31°C"": 0.006, ""32°C"": 0.03, ""33°C"": 0.07, ""34°C"": 0.19, ""35°C"": 0.28, ""36°C"": 0.31, ""37°C"": 0.1, ""38°C"": 0.02, ""39°C or higher"": 0.002}",3,,-0.19,-4.4,826fe360,4.4,,,35.13,2.43,-1.97,0.07,0.1,-2.0,0.7,-1.85,IMPLIED_TEMP_USED_OPEN_BUCKET_APPROX,True,33°C,37°C,36°C,0.31,33.2,33°C,0.07,-1.1,,,,,,,,33.9,33.9,openmeteo_archive_proxy_fallback,34°C,False,False,False,,False
2026-08-16 16:11:14,Shenzhen,2026-08-17,31.3,36.6,31°C,0.045,"{""27°C or below"": 0.0005, ""28°C"": 0.0005, ""29°C"": 0.0035, ""31°C"": 0.045, ""32°C"": 0.115, ""35°C"": 0.3, ""37°C or higher"": 0.0115, ""30°C"": 0.015, ""33°C"": 0.19, ""34°C"": 0.26, ""36°C"": 0.12}",3,,-0.19,-5.3,826fe360,5.3,,,33.94,2.64,-2.66,0.045,0.0115,-2.1,1.6,-1.04,IMPLIED_TEMP_USED_OPEN_BUCKET_APPROX,True,31°C,37°C or higher,35°C,0.3,31.8,32°C,0.115,-0.4,,,,,,,,32.4,32.4,openmeteo_archive_proxy_fallback,32°C,False,False,True,,False
2026-08-16 16:11:14,New York,2026-08-16,26.9,26.8,80-81°F,0.31,"{""72-73°F"": 0.0005, ""74-75°F"": 0.0005, ""82-83°F"": 0.56, ""86-87°F"": 0.0105, ""90°F or higher"": 0.0005, ""71°F or below"": 0.0005, ""76-77°F"": 0.0005, ""78-79°F"": 0.0005, ""80-81°F"": 0.31, ""84-85°F"": 0.125, ""88-89°F"": 0.0005}",3,,-12.19,0.1,826fe360,0.1,,,27.87,0.97,1.07,0.31,0.31,0.0,0.0,0.33,IMPLIED_TEMP_USED_OPEN_BUCKET_APPROX,True,80-81°F,80-81°F,82-83°F,0.56,26.1,78-79°F,0.0005,0.0,,,,,,,28.0,26.9,28.0,noaa_nws,82-83°F,False,False,False,,True
2026-08-16 16:11:14,Chicago,2026-08-16,29.0,28.3,84-85°F,0.52,"{""77°F or below"": 0.0005, ""78-79°F"": 0.0005, ""80-81°F"": 0.0075, ""82-83°F"": 0.05, ""84-85°F"": 0.52, ""86-87°F"": 0.38, ""88-89°F"": 0.15, ""90-91°F"": 0.0105, ""92-93°F"": 0.0015, ""94-95°F"": 0.0005, ""96°F or higher"": 0.0005}",3,,-11.19,0.7,826fe360,0.7,,,29.82,0.82,1.52,0.52,0.05,0.0,0.0,0.01,IMPLIED_TEMP_USED_OPEN_BUCKET_APPROX,True,84-85°F,82-83°F,84-85°F,0.52,29.9,86-87°F,0.38,0.0,,,,,,,30.0,29.6,30.0,noaa_nws,86-87°F,False,False,True,,False
2026-08-16 16:11:14,Miami,2026-08-16,32.9,33.1,90-91°F,0.007,"{""100-101°F"": 0.0015, ""102-103°F"": 0.0005, ""104°F or higher"": 0.0005, ""85°F or below"": 0.0005, ""86-87°F"": 0.0005, ""88-89°F"": 0.0005, ""90-91°F"": 0.007, ""92-93°F"": 0.435, ""94-95°F"": 0.515, ""96-97°F"": 0.0465, ""98-99°F"": 0.0055}",3,,-12.19,-0.2,826fe360,0.2,,,34.29,1.39,1.19,0.007,0.435,0.0,0.0,0.25,IMPLIED_TEMP_USED_OPEN_BUCKET_APPROX,True,90-91°F,92-93°F,94-95°F,0.515,33.0,90-91°F,0.007,0.0,,,,,,,34.0,33.5,34.0,noaa_nws,92-93°F,False,True,False,,False
2026-08-16 16:11:14,London,2026-08-16,24.3,24.1,24°C,0.0005,"{""23°C or below"": 0.0005, ""24°C"": 0.0005, ""25°C"": 0.0005, ""26°C"": 0.985, ""27°C"": 0.015, ""28°C"": 0.0015, ""29°C"": 0.0005, ""30°C"": 0.0005, ""31°C"": 0.0005, ""32°C"": 0.0005, ""33°C or higher"": 0.0005}",3,,-17.19,0.2,826fe360,0.2,,,26.03,1.73,1.93,0.0005,0.0005,0.0,0.0,-0.12,IMPLIED_TEMP_USED_OPEN_BUCKET_APPROX,True,24°C,24°C,26°C,0.985,26.3,26°C,0.985,0.0,,,,,,,,25.2,25.2,openmeteo_archive_proxy_fallback,25°C,False,False,False,,False
2026-08-16 16:11:14,Paris,2026-08-16,28.9,32.7,29°C,0.0005,"{""30°C"": 0.0005, ""31°C"": 0.995, ""32°C"": 0.005, ""33°C"": 0.0015, ""34°C"": 0.0005, ""35°C or higher"": 0.0005, ""29°C"": 0.0005, ""25°C or below"": 0.0005, ""26°C"": 0.0005, ""27°C"": 0.0005, ""28°C"": 0.0005}",3,,-18.19,-3.8,826fe360,3.8,,,31.0,2.1,-1.7,0.0005,0.0015,0.0,0.0,-0.02,IMPLIED_TEMP_USED_OPEN_BUCKET_APPROX,True,29°C,33°C,31°C,0.995,31.4,31°C,0.995,0.0,,,,,,,,30.0,30.0,openmeteo_archive_proxy_fallback,30°C,False,False,False,,False
2026-08-16 16:11:14,Ankara,2026-08-16,28.5,27.7,28°C,0.0005,"{""30°C"": 0.0005, ""31°C"": 0.0005, ""32°C or higher"": 0.0005, ""27°C"": 0.9995, ""28°C"": 0.0005, ""29°C"": 0.0005, ""22°C or below"": 0.0005, ""23°C"": 0.0005, ""24°C"": 0.0005, ""25°C"": 0.0005, ""26°C"": 0.0005}",3,,-19.19,0.8,826fe360,0.8,,,27.0,-1.5,-0.7,0.0005,0.0005,0.0,0.0,-0.03,IMPLIED_TEMP_USED_OPEN_BUCKET_APPROX,True,28°C,28°C,27°C,0.9995,27.2,27°C,0.9995,0.0,,,,,,,,28.6,28.6,openmeteo_archive_proxy_fallback,29°C,False,False,False,,False
2026-08-16 16:11:14,Buenos Aires,2026-08-16,18.9,17.3,19°C,0.49,"{""13°C or below"": 0.0005, ""17°C"": 0.0005, ""18°C"": 0.26, ""19°C"": 0.49, ""23°C or higher"": 0.0005, ""20°C"": 0.17, ""21°C"": 0.0175, ""22°C"": 0.0015, ""14°C"": 0.0005, ""15°C"": 0.0005, ""16°C"": 0.0005}",3,,-13.19,1.6,826fe360,1.6,,,18.94,0.04,1.64,0.49,0.0005,0.0,0.0,0.06,IMPLIED_TEMP_USED_OPEN_BUCKET_APPROX,True,19°C,17°C,19°C,0.49,17.9,18°C,0.26,0.0,,,,,,,,17.7,17.7,openmeteo_archive_proxy_fallback,18°C,False,False,True,,False
2026-08-16 17:10:47,Hong Kong,2026-08-17,32.1,33.7,32°C,0.315,"{""31°C"": 0.07, ""32°C"": 0.315, ""33°C"": 0.405, ""34°C"": 0.185, ""35°C"": 0.025, ""36°C"": 0.0075, ""37°C"": 0.0005, ""38°C or higher"": 0.0005, ""28°C or below"": 0.0005, ""29°C"": 0.0015, ""30°C"": 0.02}",3,,-1.18,-1.6,6ccf6784,1.6,,,32.75,0.65,-0.95,0.315,0.185,0.0,0.0,0.03,IMPLIED_TEMP_USED_OPEN_BUCKET_APPROX,True,32°C,34°C,33°C,0.405,32.7,33°C,0.405,0.0,,,,,,,,31.8,31.8,openmeteo_archive_proxy_fallback,32°C,True,False,False,,False
2026-08-16 17:10:47,Tokyo,2026-08-17,28.7,31.4,29°C,0.275,"{""24°C or below"": 0.002, ""32°C"": 0.0435, ""33°C"": 0.0085, ""34°C or higher"": 0.0065, ""25°C"": 0.003, ""26°C"": 0.008, ""27°C"": 0.035, ""28°C"": 0.075, ""29°C"": 0.275, ""30°C"": 0.43, ""31°C"": 0.175}",3,,-2.18,-2.7,6ccf6784,2.7,,,29.74,1.04,-1.66,0.275,0.175,0.0,0.0,0.0,IMPLIED_TEMP_USED_OPEN_BUCKET_APPROX,True,29°C,31°C,30°C,0.43,29.9,30°C,0.43,0.0,,,,,,,,29.5,29.5,openmeteo_archive_proxy_fallback,30°C,False,False,True,,True
2026-08-16 17:10:47,Shanghai,2026-08-17,31.2,31.6,31°C,0.525,"{""33°C"": 0.015, ""34°C"": 0.0035, ""35°C or higher"": 0.0005, ""25°C or below"": 0.0005, ""26°C"": 0.0005, ""27°C"": 0.0015, ""28°C"": 0.015, ""29°C"": 0.05, ""30°C"": 0.265, ""31°C"": 0.525, ""32°C"": 0.18}",3,,-1.18,-0.4,6ccf6784,0.4,,,30.81,-0.39,-0.79,0.525,0.18,0.0,0.0,-0.08,IMPLIED_TEMP_USED_OPEN_BUCKET_APPROX,True,31°C,32°C,31°C,0.525,33.0,33°C,0.015,0.0,,,,,,,,31.4,31.4,openmeteo_archive_proxy_fallback,31°C,True,False,False,,True
2026-08-16 17:10:47,Qingdao,2026-08-17,31.5,32.9,32°C,0.33,"{""28°C or below"": 0.0005, ""29°C"": 0.002, ""30°C"": 0.015, ""31°C"": 0.085, ""32°C"": 0.33, ""33°C"": 0.41, ""34°C"": 0.13, ""35°C"": 0.03, ""36°C"": 0.004, ""37°C"": 0.0015, ""38°C or higher"": 0.0005}",3,,-1.18,-1.4,6ccf6784,1.4,,,32.66,1.16,-0.24,0.33,0.41,0.0,0.0,0.01,IMPLIED_TEMP_USED_OPEN_BUCKET_APPROX,True,32°C,33°C,33°C,0.41,32.0,32°C,0.33,0.0,,,,,,,,31.2,31.2,openmeteo_archive_proxy_fallback,31°C,False,False,False,,False
2026-08-16 17:10:47,Seoul,2026-08-17,28.6,30.1,29°C,0.375,"{""25°C"": 0.0005, ""26°C"": 0.013, ""27°C"": 0.135, ""29°C"": 0.375, ""33°C or higher"": 0.0065, ""24°C"": 0.0005, ""23°C or below"": 0.0005, ""28°C"": 0.325, ""30°C"": 0.165, ""31°C"": 0.035, ""32°C"": 0.0085}",3,,-2.18,-1.5,6ccf6784,1.5,,,28.67,0.07,-1.43,0.375,0.165,0.0,0.0,0.01,IMPLIED_TEMP_USED_OPEN_BUCKET_APPROX,True,29°C,30°C,29°C,0.375,30.9,31°C,0.035,0.0,,,,,,,,28.3,28.3,openmeteo_archive_proxy_fallback,28°C,False,False,False,,False
2026-08-16 17:10:47,Guangzhou,2026-08-17,32.7,37.1,33°C,0.095,"{""29°C or below"": 0.0005, ""30°C"": 0.0005, ""31°C"": 0.0175, ""32°C"": 0.055, ""33°C"": 0.095, ""34°C"": 0.195, ""35°C"": 0.275, ""36°C"": 0.3, ""37°C"": 0.095, ""38°C"": 0.025, ""39°C or higher"": 0.0015}",3,,-1.18,-4.4,6ccf6784,4.4,,,34.95,2.25,-2.15,0.095,0.095,0.0,0.0,-0.18,IMPLIED_TEMP_USED_OPEN_BUCKET_APPROX,True,33°C,37°C,36°C,0.3,33.2,33°C,0.095,0.0,,,,,,,,33.9,33.9,openmeteo_archive_proxy_fallback,34°C,False,False,False,,False
2026-08-16 17:10:47,Shenzhen,2026-08-17,31.3,36.6,31°C,0.045,"{""27°C or below"": 0.0005, ""28°C"": 0.0005, ""29°C"": 0.0035, ""31°C"": 0.045, ""32°C"": 0.125, ""35°C"": 0.295, ""37°C or higher"": 0.0105, ""30°C"": 0.015, ""33°C"": 0.215, ""34°C"": 0.25, ""36°C"": 0.115}",3,,-1.18,-5.3,6ccf6784,5.3,,,33.89,2.59,-2.71,0.045,0.0105,0.0,0.0,-0.05,IMPLIED_TEMP_USED_OPEN_BUCKET_APPROX,True,31°C,37°C or higher,35°C,0.295,31.8,32°C,0.125,0.0,,,,,,,,32.4,32.4,openmeteo_archive_proxy_fallback,32°C,False,False,True,,False
2026-08-16 17:10:47,New York,2026-08-16,26.9,26.8,80-81°F,0.585,"{""72-73°F"": 0.0005, ""74-75°F"": 0.0005, ""82-83°F"": 0.36, ""86-87°F"": 0.0055, ""90°F or higher"": 0.0005, ""71°F or below"": 0.0005, ""76-77°F"": 0.0005, ""78-79°F"": 0.0005, ""80-81°F"": 0.585, ""84-85°F"": 0.01, ""88-89°F"": 0.0005}",3,,-13.18,0.1,6ccf6784,0.1,,,27.4,0.5,0.6,0.585,0.585,0.0,0.0,-0.47,IMPLIED_TEMP_USED_OPEN_BUCKET_APPROX,True,80-81°F,80-81°F,80-81°F,0.585,26.1,78-79°F,0.0005,0.0,,,,,,,28.0,26.9,28.0,noaa_nws,82-83°F,False,False,False,,False
2026-08-16 17:10:47,Chicago,2026-08-16,29.0,28.3,84-85°F,0.36,"{""77°F or below"": 0.0005, ""78-79°F"": 0.0005, ""80-81°F"": 0.0005, ""82-83°F"": 0.06, ""84-85°F"": 0.36, ""86-87°F"": 0.42, ""88-89°F"": 0.155, ""90-91°F"": 0.0105, ""92-93°F"": 0.0015, ""94-95°F"": 0.0005, ""96°F or higher"": 0.0005}",3,,-12.18,0.7,6ccf6784,0.7,,,29.94,0.94,1.64,0.36,0.06,0.0,0.0,0.12,IMPLIED_TEMP_USED_OPEN_BUCKET_APPROX,True,84-85°F,82-83°F,86-87°F,0.42,29.9,86-87°F,0.42,0.0,,,,,,,30.0,29.6,30.0,noaa_nws,86-87°F,False,False,True,,True
2026-08-16 17:10:47,Miami,2026-08-16,32.9,33.1,90-91°F,0.0005,"{""100-101°F"": 0.001, ""102-103°F"": 0.0005, ""104°F or higher"": 0.0005, ""85°F or below"": 0.0005, ""86-87°F"": 0.0005, ""88-89°F"": 0.0005, ""90-91°F"": 0.0005, ""92-93°F"": 0.715, ""94-95°F"": 0.265, ""96-97°F"": 0.01, ""98-99°F"": 0.003}",3,,-13.18,-0.2,6ccf6784,0.2,,,33.94,1.04,0.84,0.0005,0.715,0.0,0.0,-0.35,IMPLIED_TEMP_USED_OPEN_BUCKET_APPROX,True,90-91°F,92-93°F,92-93°F,0.715,33.0,90-91°F,0.0005,0.0,,,,,,,34.0,33.5,34.0,noaa_nws,92-93°F,False,True,False,,True
2026-08-16 17:10:47,London,2026-08-16,24.3,24.1,24°C,0.0005,"{""23°C or below"": 0.0005, ""24°C"": 0.0005, ""25°C"": 0.0005, ""26°C"": 0.9805, ""27°C"": 0.019, ""28°C"": 0.0005, ""29°C"": 0.0005, ""30°C"": 0.0005, ""31°C"": 0.0005, ""32°C"": 0.0005, ""33°C or higher"": 0.0005}",3,,-18.18,0.2,6ccf6784,0.2,,,26.03,1.73,1.93,0.0005,0.0005,0.0,0.0,0.0,IMPLIED_TEMP_USED_OPEN_BUCKET_APPROX,True,24°C,24°C,26°C,0.9805,26.3,26°C,0.9805,0.0,,,,,,,,25.2,25.2,openmeteo_archive_proxy_fallback,25°C,False,False,False,,False
2026-08-16 17:10:47,Paris,2026-08-16,28.9,32.7,29°C,0.0005,"{""30°C"": 0.0005, ""31°C"": 0.997, ""32°C"": 0.0035, ""33°C"": 0.0005, ""34°C"": 0.0005, ""35°C or higher"": 0.0005, ""29°C"": 0.0005, ""25°C or below"": 0.0005, ""26°C"": 0.0005, ""27°C"": 0.0005, ""28°C"": 0.0005}",3,,-19.18,-3.8,6ccf6784,3.8,,,31.0,2.1,-1.7,0.0005,0.0005,0.0,0.0,0.0,IMPLIED_TEMP_USED_OPEN_BUCKET_APPROX,True,29°C,33°C,31°C,0.997,31.4,31°C,0.997,0.0,,,,,,,,30.0,30.0,openmeteo_archive_proxy_fallback,30°C,False,False,False,,False
2026-08-16 17:10:47,Ankara,2026-08-16,28.5,27.7,28°C,0.0005,"{""30°C"": 0.0005, ""31°C"": 0.0005, ""32°C or higher"": 0.0005, ""27°C"": 0.9995, ""28°C"": 0.0005, ""29°C"": 0.0005, ""22°C or below"": 0.0005, ""23°C"": 0.0005, ""24°C"": 0.0005, ""25°C"": 0.0005, ""26°C"": 0.0005}",3,,-20.18,0.8,6ccf6784,0.8,,,27.0,-1.5,-0.7,0.0005,0.0005,0.0,0.0,0.0,IMPLIED_TEMP_USED_OPEN_BUCKET_APPROX,True,28°C,28°C,27°C,0.9995,27.2,27°C,0.9995,0.0,,,,,,,,28.6,28.6,openmeteo_archive_proxy_fallback,29°C,False,False,False,,False
2026-08-16 17:10:47,Buenos Aires,2026-08-16,18.9,17.3,19°C,0.555,"{""13°C or below"": 0.0005, ""17°C"": 0.0005, ""18°C"": 0.27, ""19°C"": 0.555, ""23°C or higher"": 0.0005, ""20°C"": 0.055, ""21°C"": 0.0425, ""22°C"": 0.0015, ""14°C"": 0.0005, ""15°C"": 0.0005, ""16°C"": 0.0005}",3,,-14.18,1.6,6ccf6784,1.6,,,18.86,-0.04,1.56,0.555,0.0005,0.0,0.0,-0.08,IMPLIED_TEMP_USED_OPEN_BUCKET_APPROX,True,19°C,17°C,19°C,0.555,17.9,18°C,0.27,0.0,,,,,,,,17.7,17.7,openmeteo_archive_proxy_fallback,18°C,False,False,True,,False
2026-08-16 18:13:06,Hong Kong,2026-08-17,32.1,32.7,32°C,0.32,"{""31°C"": 0.07, ""32°C"": 0.32, ""33°C"": 0.405, ""34°C"": 0.185, ""35°C"": 0.035, ""36°C"": 0.008, ""37°C"": 0.0015, ""38°C or higher"": 0.0005, ""28°C or below"": 0.0005, ""29°C"": 0.0005, ""30°C"": 0.02}",3,,-2.22,-0.6,5baa380d,0.6,,,32.77,0.67,0.07,0.32,0.405,0.0,-1.0,0.02,IMPLIED_TEMP_USED_OPEN_BUCKET_APPROX,True,32°C,33°C,33°C,0.405,32.6,33°C,0.405,-0.1,,,,,,,,31.8,31.8,openmeteo_archive_proxy_fallback,32°C,True,False,False,,False
2026-08-16 18:13:06,Tokyo,2026-08-17,28.7,31.6,29°C,0.245,"{""24°C or below"": 0.0015, ""32°C"": 0.038, ""33°C"": 0.008, ""34°C or higher"": 0.0065, ""25°C"": 0.0015, ""26°C"": 0.0065, ""27°C"": 0.025, ""28°C"": 0.055, ""29°C"": 0.245, ""30°C"": 0.52, ""31°C"": 0.16}",3,,-3.22,-2.9,5baa380d,2.9,,,29.83,1.13,-1.77,0.245,0.038,0.0,0.2,0.09,IMPLIED_TEMP_USED_OPEN_BUCKET_APPROX,True,29°C,32°C,30°C,0.52,30.7,31°C,0.16,0.8,,,,,,,,29.5,29.5,openmeteo_archive_proxy_fallback,30°C,False,False,False,,True
2026-08-16 18:13:06,Shanghai,2026-08-17,31.2,31.8,31°C,0.575,"{""33°C"": 0.015, ""34°C"": 0.006, ""35°C or higher"": 0.0025, ""25°C or below"": 0.0005, ""26°C"": 0.0005, ""27°C"": 0.0015, ""28°C"": 0.013, ""29°C"": 0.045, ""30°C"": 0.25, ""31°C"": 0.575, ""32°C"": 0.145}",3,,-2.22,-0.6,5baa380d,0.6,,,30.82,-0.38,-0.98,0.575,0.145,0.0,0.2,0.01,IMPLIED_TEMP_USED_OPEN_BUCKET_APPROX,True,31°C,32°C,31°C,0.575,32.2,32°C,0.145,-0.8,,,,,,,,31.4,31.4,openmeteo_archive_proxy_fallback,31°C,True,False,False,,True
2026-08-16 18:13:06,Qingdao,2026-08-17,31.5,32.8,32°C,0.345,"{""28°C or below"": 0.0005, ""29°C"": 0.002, ""30°C"": 0.015, ""31°C"": 0.085, ""32°C"": 0.345, ""33°C"": 0.41, ""34°C"": 0.125, ""35°C"": 0.035, ""36°C"": 0.005, ""37°C"": 0.004, ""38°C or higher"": 0.0005}",3,,-2.22,-1.3,5baa380d,1.3,,,32.67,1.17,-0.13,0.345,0.41,0.0,-0.1,0.01,IMPLIED_TEMP_USED_OPEN_BUCKET_APPROX,True,32°C,33°C,33°C,0.41,31.7,32°C,0.345,-0.3,,,,,,,,31.2,31.2,openmeteo_archive_proxy_fallback,31°C,False,False,False,,False
2026-08-16 18:13:06,Seoul,2026-08-17,28.6,28.7,29°C,0.355,"{""25°C"": 0.0005, ""26°C"": 0.0145, ""27°C"": 0.145, ""29°C"": 0.355, ""33°C or higher"": 0.0025, ""24°C"": 0.0005, ""23°C or below"": 0.0005, ""28°C"": 0.295, ""30°C"": 0.145, ""31°C"": 0.035, ""32°C"": 0.0065}",3,,-3.22,-0.1,5baa380d,0.1,,,28.61,0.01,-0.09,0.355,0.355,0.0,-1.4,-0.06,IMPLIED_TEMP_USED_OPEN_BUCKET_APPROX,True,29°C,29°C,29°C,0.355,28.8,29°C,0.355,-2.1,,,,,,,,28.3,28.3,openmeteo_archive_proxy_fallback,28°C,False,False,False,,False
2026-08-16 18:13:06,Guangzhou,2026-08-17,32.7,36.9,33°C,0.095,"{""29°C or below"": 0.0005, ""30°C"": 0.0005, ""31°C"": 0.018, ""32°C"": 0.055, ""33°C"": 0.095, ""34°C"": 0.185, ""35°C"": 0.295, ""36°C"": 0.28, ""37°C"": 0.1, ""38°C"": 0.035, ""39°C or higher"": 0.0015}",3,,-2.22,-4.2,5baa380d,4.2,,,34.98,2.28,-1.92,0.095,0.1,0.0,-0.2,0.03,IMPLIED_TEMP_USED_OPEN_BUCKET_APPROX,True,33°C,37°C,35°C,0.295,33.2,33°C,0.095,0.0,,,,,,,,33.9,33.9,openmeteo_archive_proxy_fallback,34°C,False,False,False,,False
2026-08-16 18:13:06,Shenzhen,2026-08-17,31.3,36.2,31°C,0.05,"{""27°C or below"": 0.0005, ""28°C"": 0.0005, ""29°C"": 0.0005, ""31°C"": 0.05, ""32°C"": 0.115, ""35°C"": 0.255, ""37°C or higher"": 0.0135, ""30°C"": 0.015, ""33°C"": 0.225, ""34°C"": 0.275, ""36°C"": 0.115}",3,,-2.22,-4.9,5baa380d,4.9,,,33.87,2.57,-2.33,0.05,0.115,0.0,-0.4,-0.02,IMPLIED_TEMP_USED_OPEN_BUCKET_APPROX,True,31°C,36°C,34°C,0.275,31.7,32°C,0.115,-0.1,,,,,,,,32.4,32.4,openmeteo_archive_proxy_fallback,32°C,False,False,True,,False
2026-08-16 18:13:06,New York,2026-08-16,26.9,27.4,80-81°F,0.785,"{""72-73°F"": 0.0005, ""74-75°F"": 0.0005, ""82-83°F"": 0.195, ""86-87°F"": 0.01, ""90°F or higher"": 0.0005, ""71°F or below"": 0.0005, ""76-77°F"": 0.0005, ""78-79°F"": 0.0005, ""80-81°F"": 0.785, ""84-85°F"": 0.0125, ""88-89°F"": 0.0005}",3,,-14.22,-0.5,5baa380d,0.5,,,27.22,0.32,-0.18,0.785,0.785,0.0,0.6,-0.18,IMPLIED_TEMP_USED_OPEN_BUCKET_APPROX,True,80-81°F,80-81°F,80-81°F,0.785,26.2,78-79°F,0.0005,0.1,,,,,,,28.0,26.9,28.0,noaa_nws,82-83°F,False,False,False,,False
2026-08-16 18:13:06,Chicago,2026-08-16,29.0,28.5,84-85°F,0.36,"{""77°F or below"": 0.0005, ""78-79°F"": 0.0005, ""80-81°F"": 0.0005, ""82-83°F"": 0.03, ""84-85°F"": 0.36, ""86-87°F"": 0.44, ""88-89°F"": 0.14, ""90-91°F"": 0.006, ""92-93°F"": 0.0015, ""94-95°F"": 0.0005, ""96°F or higher"": 0.0005}",3,,-13.22,0.5,5baa380d,0.5,,,29.98,0.98,1.48,0.36,0.03,0.0,0.2,0.04,IMPLIED_TEMP_USED_OPEN_BUCKET_APPROX,True,84-85°F,82-83°F,86-87°F,0.44,30.1,86-87°F,0.44,0.2,,,,,,,30.0,29.6,30.0,noaa_nws,86-87°F,False,False,True,,True
2026-08-16 18:13:06,Miami,2026-08-16,32.9,33.3,90-91°F,0.0005,"{""100-101°F"": 0.0015, ""102-103°F"": 0.0005, ""104°F or higher"": 0.0005, ""85°F or below"": 0.0005, ""86-87°F"": 0.0005, ""88-89°F"": 0.0005, ""90-91°F"": 0.0005, ""92-93°F"": 0.6, ""94-95°F"": 0.39, ""96-97°F"": 0.006, ""98-99°F"": 0.003}",3,,-14.22,-0.4,5baa380d,0.4,,,34.07,1.17,0.77,0.0005,0.6,0.0,0.2,0.13,IMPLIED_TEMP_USED_OPEN_BUCKET_APPROX,True,90-91°F,92-93°F,92-93°F,0.6,33.0,90-91°F,0.0005,0.0,,,,,,,34.0,33.5,34.0,noaa_nws,92-93°F,False,True,False,,True
2026-08-16 18:13:06,London,2026-08-16,24.3,24.6,24°C,0.0005,"{""23°C or below"": 0.0005, ""24°C"": 0.0005, ""25°C"": 0.0005, ""26°C"": 0.9935, ""27°C"": 0.0065, ""28°C"": 0.0005, ""29°C"": 0.0005, ""30°C"": 0.0005, ""31°C"": 0.0005, ""32°C"": 0.0005, ""33°C or higher"": 0.0005}",3,,-19.22,-0.3,5baa380d,0.3,,,26.02,1.72,1.42,0.0005,0.0005,0.0,0.5,-0.01,IMPLIED_TEMP_USED_OPEN_BUCKET_APPROX,True,24°C,25°C,26°C,0.9935,26.4,26°C,0.9935,0.1,,,,,,,,25.2,25.2,openmeteo_archive_proxy_fallback,25°C,False,True,False,,False
2026-08-16 18:13:06,Paris,2026-08-16,28.9,31.7,29°C,0.0005,"{""30°C"": 0.0005, ""31°C"": 0.998, ""32°C"": 0.001, ""33°C"": 0.0005, ""34°C"": 0.0005, ""35°C or higher"": 0.0005, ""29°C"": 0.0005, ""25°C or below"": 0.0005, ""26°C"": 0.0005, ""27°C"": 0.0005, ""28°C"": 0.0005}",3,,-20.22,-2.8,5baa380d,2.8,,,31.0,2.1,-0.7,0.0005,0.001,0.0,-1.0,0.0,IMPLIED_TEMP_USED_OPEN_BUCKET_APPROX,True,29°C,32°C,31°C,0.998,31.1,31°C,0.998,-0.3,,,,,,,,30.0,30.0,openmeteo_archive_proxy_fallback,30°C,False,False,False,,False
2026-08-16 18:13:06,Ankara,2026-08-16,28.5,27.5,28°C,0.0005,"{""30°C"": 0.0005, ""31°C"": 0.0005, ""32°C or higher"": 0.0005, ""27°C"": 0.9995, ""28°C"": 0.0005, ""29°C"": 0.0005, ""22°C or below"": 0.0005, ""23°C"": 0.0005, ""24°C"": 0.0005, ""25°C"": 0.0005, ""26°C"": 0.0005}",3,,-21.22,1.0,5baa380d,1.0,,,27.0,-1.5,-0.5,0.0005,0.0005,0.0,-0.2,0.0,IMPLIED_TEMP_USED_OPEN_BUCKET_APPROX,True,28°C,28°C,27°C,0.9995,27.0,27°C,0.9995,-0.2,,,,,,,,28.6,28.6,openmeteo_archive_proxy_fallback,29°C,False,False,False,,False
2026-08-16 18:13:06,Buenos Aires,2026-08-16,18.9,16.3,19°C,0.285,"{""13°C or below"": 0.0005, ""17°C"": 0.0005, ""18°C"": 0.685, ""19°C"": 0.285, ""23°C or higher"": 0.0005, ""20°C"": 0.035, ""21°C"": 0.0055, ""22°C"": 0.001, ""14°C"": 0.0005, ""15°C"": 0.0005, ""16°C"": 0.0005}",3,,-15.22,2.6,5baa380d,2.6,,,18.37,-0.53,2.07,0.285,0.0005,0.0,-1.0,-0.49,IMPLIED_TEMP_USED_OPEN_BUCKET_APPROX,True,19°C,16°C,18°C,0.685,17.5,18°C,0.685,-0.4,,,,,,,,17.7,17.7,openmeteo_archive_proxy_fallback,18°C,False,False,True,,True
2026-08-16 19:12:41,Hong Kong,2026-08-17,32.1,32.7,32°C,0.31,"{""31°C"": 0.085, ""32°C"": 0.31, ""33°C"": 0.405, ""34°C"": 0.185, ""35°C"": 0.025, ""36°C"": 0.0085, ""37°C"": 0.002, ""38°C or higher"": 0.0005, ""28°C or below"": 0.0005, ""29°C"": 0.0005, ""30°C"": 0.025}",3,,-3.21,-0.6,399ea197,0.6,,,32.72,0.62,0.02,0.31,0.405,0.0,0.0,-0.05,IMPLIED_TEMP_USED_OPEN_BUCKET_APPROX,True,32°C,33°C,33°C,0.405,32.6,33°C,0.405,0.0,,,,,,,,31.8,31.8,openmeteo_archive_proxy_fallback,32°C,True,False,False,,False
2026-08-16 19:12:41,Tokyo,2026-08-17,28.7,31.6,29°C,0.24,"{""24°C or below"": 0.0015, ""32°C"": 0.041, ""33°C"": 0.0085, ""34°C or higher"": 0.0065, ""25°C"": 0.0035, ""26°C"": 0.008, ""27°C"": 0.025, ""28°C"": 0.055, ""29°C"": 0.24, ""30°C"": 0.505, ""31°C"": 0.17}",3,,-4.21,-2.9,399ea197,2.9,,,29.83,1.13,-1.77,0.24,0.041,0.0,0.0,0.0,IMPLIED_TEMP_USED_OPEN_BUCKET_APPROX,True,29°C,32°C,30°C,0.505,30.7,31°C,0.17,0.0,,,,,,,,29.5,29.5,openmeteo_archive_proxy_fallback,30°C,False,False,False,,True
2026-08-16 19:12:41,Shanghai,2026-08-17,31.2,31.8,31°C,0.565,"{""33°C"": 0.025, ""34°C"": 0.0055, ""35°C or higher"": 0.0015, ""25°C or below"": 0.0005, ""26°C"": 0.0005, ""27°C"": 0.0005, ""28°C"": 0.0055, ""29°C"": 0.065, ""30°C"": 0.22, ""31°C"": 0.565, ""32°C"": 0.18}",3,,-3.21,-0.6,399ea197,0.6,,,30.89,-0.31,-0.91,0.565,0.18,0.0,0.0,0.07,IMPLIED_TEMP_USED_OPEN_BUCKET_APPROX,True,31°C,32°C,31°C,0.565,32.2,32°C,0.18,0.0,,,,,,,,31.4,31.4,openmeteo_archive_proxy_fallback,31°C,True,False,False,,True
2026-08-16 19:12:41,Qingdao,2026-08-17,31.5,32.8,32°C,0.345,"{""28°C or below"": 0.0005, ""29°C"": 0.002, ""30°C"": 0.015, ""31°C"": 0.095, ""32°C"": 0.345, ""33°C"": 0.41, ""34°C"": 0.125, ""35°C"": 0.025, ""36°C"": 0.005, ""37°C"": 0.004, ""38°C or higher"": 0.0005}",3,,-3.21,-1.3,399ea197,1.3,,,32.63,1.13,-0.17,0.345,0.41,0.0,0.0,-0.04,IMPLIED_TEMP_USED_OPEN_BUCKET_APPROX,True,32°C,33°C,33°C,0.41,31.7,32°C,0.345,0.0,,,,,,,,31.2,31.2,openmeteo_archive_proxy_fallback,31°C,False,False,False,,False
2026-08-16 19:12:41,Seoul,2026-08-17,28.6,28.7,29°C,0.345,"{""25°C"": 0.0005, ""26°C"": 0.03, ""27°C"": 0.18, ""29°C"": 0.345, ""33°C or higher"": 0.0025, ""24°C"": 0.0005, ""23°C or below"": 0.0005, ""28°C"": 0.315, ""30°C"": 0.115, ""31°C"": 0.035, ""32°C"": 0.006}",3,,-4.21,-0.1,399ea197,0.1,,,28.46,-0.14,-0.24,0.345,0.345,0.0,0.0,-0.15,IMPLIED_TEMP_USED_OPEN_BUCKET_APPROX,True,29°C,29°C,29°C,0.345,28.8,29°C,0.345,0.0,,,,,,,,28.3,28.3,openmeteo_archive_proxy_fallback,28°C,False,False,False,,False
2026-08-16 19:12:41,Guangzhou,2026-08-17,32.7,36.9,33°C,0.09,"{""29°C or below"": 0.0005, ""30°C"": 0.0005, ""31°C"": 0.0155, ""32°C"": 0.045, ""33°C"": 0.09, ""34°C"": 0.18, ""35°C"": 0.27, ""36°C"": 0.315, ""37°C"": 0.125, ""38°C"": 0.025, ""39°C or higher"": 0.0015}",3,,-3.21,-4.2,399ea197,4.2,,,35.08,2.38,-1.82,0.09,0.125,0.0,0.0,0.1,IMPLIED_TEMP_USED_OPEN_BUCKET_APPROX,True,33°C,37°C,36°C,0.315,33.2,33°C,0.09,0.0,,,,,,,,33.9,33.9,openmeteo_archive_proxy_fallback,34°C,False,False,False,,False
2026-08-16 19:12:41,Shenzhen,2026-08-17,31.3,36.2,31°C,0.05,"{""27°C or below"": 0.0005, ""28°C"": 0.0005, ""29°C"": 0.0005, ""31°C"": 0.05, ""32°C"": 0.115, ""35°C"": 0.245, ""37°C or higher"": 0.014, ""30°C"": 0.015, ""33°C"": 0.21, ""34°C"": 0.3, ""36°C"": 0.11}",3,,-3.21,-4.9,399ea197,4.9,,,33.86,2.56,-2.34,0.05,0.11,0.0,0.0,-0.01,IMPLIED_TEMP_USED_OPEN_BUCKET_APPROX,True,31°C,36°C,34°C,0.3,31.7,32°C,0.115,0.0,,,,,,,,32.4,32.4,openmeteo_archive_proxy_fallback,32°C,False,False,True,,False
2026-08-16 19:12:41,New York,2026-08-16,26.9,27.8,80-81°F,0.975,"{""72-73°F"": 0.0005, ""74-75°F"": 0.0005, ""82-83°F"": 0.03, ""86-87°F"": 0.0025, ""90°F or higher"": 0.0005, ""71°F or below"": 0.0005, ""76-77°F"": 0.0005, ""78-79°F"": 0.0005, ""80-81°F"": 0.975, ""84-85°F"": 0.0045, ""88-89°F"": 0.0005}",3,,-15.21,-0.9,399ea197,0.9,,,26.99,0.09,-0.81,0.975,0.03,0.0,0.4,-0.23,IMPLIED_TEMP_USED_OPEN_BUCKET_APPROX,True,80-81°F,82-83°F,80-81°F,0.975,26.2,78-79°F,0.0005,0.0,,,,,,,28.0,26.9,28.0,noaa_nws,82-83°F,False,True,False,,False
2026-08-16 19:12:41,Chicago,2026-08-16,29.0,28.2,84-85°F,0.4,"{""77°F or below"": 0.0005, ""78-79°F"": 0.0005, ""80-81°F"": 0.0005, ""82-83°F"": 0.0005, ""84-85°F"": 0.4, ""86-87°F"": 0.55, ""88-89°F"": 0.14, ""90-91°F"": 0.006, ""92-93°F"": 0.0015, ""94-95°F"": 0.0005, ""96°F or higher"": 0.0005}",3,,-14.21,0.8,399ea197,0.8,,,30.03,1.03,1.83,0.4,0.0005,0.0,-0.3,0.05,IMPLIED_TEMP_USED_OPEN_BUCKET_APPROX,True,84-85°F,82-83°F,86-87°F,0.55,30.1,86-87°F,0.55,0.0,,,,,,,30.0,29.6,30.0,noaa_nws,86-87°F,False,False,True,,True
2026-08-16 19:12:41,Miami,2026-08-16,32.9,33.0,90-91°F,0.0005,"{""100-101°F"": 0.0015, ""102-103°F"": 0.0005, ""104°F or higher"": 0.0005, ""85°F or below"": 0.0005, ""86-87°F"": 0.0005, ""88-89°F"": 0.0005, ""90-91°F"": 0.0005, ""92-93°F"": 0.715, ""94-95°F"": 0.28, ""96-97°F"": 0.0065, ""98-99°F"": 0.003}",3,,-15.21,-0.1,399ea197,0.1,,,33.95,1.05,0.95,0.0005,0.0005,0.0,-0.3,-0.12,IMPLIED_TEMP_USED_OPEN_BUCKET_APPROX,True,90-91°F,90-91°F,92-93°F,0.715,33.0,90-91°F,0.0005,0.0,,,,,,,34.0,33.5,34.0,noaa_nws,92-93°F,False,False,False,,True
2026-08-16 19:12:41,London,2026-08-16,24.3,24.6,24°C,0.0005,"{""23°C or below"": 0.0005, ""24°C"": 0.0005, ""25°C"": 0.0005, ""26°C"": 0.9995, ""27°C"": 0.0045, ""28°C"": 0.0005, ""29°C"": 0.0005, ""30°C"": 0.0005, ""31°C"": 0.0005, ""32°C"": 0.0005, ""33°C or higher"": 0.0005}",3,,-20.21,-0.3,399ea197,0.3,,,26.01,1.71,1.41,0.0005,0.0005,0.0,0.0,-0.01,IMPLIED_TEMP_USED_OPEN_BUCKET_APPROX,True,24°C,25°C,26°C,0.9995,26.4,26°C,0.9995,0.0,,,,,,,,25.2,25.2,openmeteo_archive_proxy_fallback,25°C,False,True,False,,False
2026-08-16 19:12:41,Paris,2026-08-16,28.9,31.7,29°C,0.0005,"{""30°C"": 0.0005, ""31°C"": 0.999, ""32°C"": 0.0005, ""33°C"": 0.0005, ""34°C"": 0.0005, ""35°C or higher"": 0.0005, ""29°C"": 0.0005, ""25°C or below"": 0.0005, ""26°C"": 0.0005, ""27°C"": 0.0005, ""28°C"": 0.0005}",3,,-21.21,-2.8,399ea197,2.8,,,30.99,2.09,-0.71,0.0005,0.0005,0.0,0.0,-0.01,IMPLIED_TEMP_USED_OPEN_BUCKET_APPROX,True,29°C,32°C,31°C,0.999,31.1,31°C,0.999,0.0,,,,,,,,30.0,30.0,openmeteo_archive_proxy_fallback,30°C,False,False,False,,False
2026-08-16 19:12:41,Ankara,2026-08-16,28.5,27.5,28°C,0.0005,"{""30°C"": 0.0005, ""31°C"": 0.0005, ""32°C or higher"": 0.0005, ""27°C"": 0.9995, ""28°C"": 0.0005, ""29°C"": 0.0005, ""22°C or below"": 0.0005, ""23°C"": 0.0005, ""24°C"": 0.0005, ""25°C"": 0.0005, ""26°C"": 0.0005}",3,,-22.21,1.0,399ea197,1.0,,,27.0,-1.5,-0.5,0.0005,0.0005,0.0,0.0,0.0,IMPLIED_TEMP_USED_OPEN_BUCKET_APPROX,True,28°C,28°C,27°C,0.9995,27.0,27°C,0.9995,0.0,,,,,,,,28.6,28.6,openmeteo_archive_proxy_fallback,29°C,False,False,False,,False
2026-08-16 19:12:41,Buenos Aires,2026-08-16,18.9,16.3,19°C,0.015,"{""13°C or below"": 0.0005, ""17°C"": 0.0005, ""18°C"": 0.965, ""19°C"": 0.015, ""23°C or higher"": 0.0005, ""20°C"": 0.005, ""21°C"": 0.0005, ""22°C"": 0.001, ""14°C"": 0.0005, ""15°C"": 0.0005, ""16°C"": 0.0005}",3,,-16.21,2.6,399ea197,2.6,,,18.03,-0.87,1.73,0.015,0.0005,0.0,0.0,-0.34,IMPLIED_TEMP_USED_OPEN_BUCKET_APPROX,True,19°C,16°C,18°C,0.965,17.5,18°C,0.965,0.0,,,,,,,,17.7,17.7,openmeteo_archive_proxy_fallback,18°C,False,False,True,,True
2026-08-16 20:09:41,Hong Kong,2026-08-17,32.1,32.7,32°C,0.335,"{""31°C"": 0.08, ""32°C"": 0.335, ""33°C"": 0.42, ""34°C"": 0.175, ""35°C"": 0.0135, ""36°C"": 0.0085, ""37°C"": 0.0005, ""38°C or higher"": 0.0005, ""28°C or below"": 0.0005, ""29°C"": 0.0005, ""30°C"": 0.025}",3,,-4.16,-0.6,72a9eb40,0.6,,,32.68,0.58,-0.02,0.335,0.42,0.0,0.0,-0.04,IMPLIED_TEMP_USED_OPEN_BUCKET_APPROX,True,32°C,33°C,33°C,0.42,32.6,33°C,0.42,0.0,,,,,,,,31.8,31.8,openmeteo_archive_proxy_fallback,32°C,True,False,False,,False
2026-08-16 20:09:41,Tokyo,2026-08-17,28.7,31.6,29°C,0.25,"{""24°C or below"": 0.0015, ""32°C"": 0.038, ""33°C"": 0.0085, ""34°C or higher"": 0.0055, ""25°C"": 0.0035, ""26°C"": 0.008, ""27°C"": 0.025, ""28°C"": 0.05, ""29°C"": 0.25, ""30°C"": 0.515, ""31°C"": 0.165}",3,,-5.16,-2.9,72a9eb40,2.9,,,29.82,1.12,-1.78,0.25,0.038,0.0,0.0,-0.01,IMPLIED_TEMP_USED_OPEN_BUCKET_APPROX,True,29°C,32°C,30°C,0.515,30.7,31°C,0.165,0.0,,,,,,,,29.5,29.5,openmeteo_archive_proxy_fallback,30°C,False,False,False,,True
2026-08-16 20:09:41,Shanghai,2026-08-17,31.2,31.8,31°C,0.55,"{""33°C"": 0.015, ""34°C"": 0.0055, ""35°C or higher"": 0.0005, ""25°C or below"": 0.0005, ""26°C"": 0.0005, ""27°C"": 0.0005, ""28°C"": 0.006, ""29°C"": 0.065, ""30°C"": 0.24, ""31°C"": 0.55, ""32°C"": 0.18}",3,,-4.16,-0.6,72a9eb40,0.6,,,30.84,-0.36,-0.96,0.55,0.18,0.0,0.0,-0.05,IMPLIED_TEMP_USED_OPEN_BUCKET_APPROX,True,31°C,32°C,31°C,0.55,32.2,32°C,0.18,0.0,,,,,,,,31.4,31.4,openmeteo_archive_proxy_fallback,31°C,True,False,False,,True
2026-08-16 20:09:41,Qingdao,2026-08-17,31.5,32.8,32°C,0.365,"{""28°C or below"": 0.0005, ""29°C"": 0.002, ""30°C"": 0.015, ""31°C"": 0.095, ""32°C"": 0.365, ""33°C"": 0.41, ""34°C"": 0.125, ""35°C"": 0.02, ""36°C"": 0.005, ""37°C"": 0.0035, ""38°C or higher"": 0.0005}",3,,-4.16,-1.3,72a9eb40,1.3,,,32.6,1.1,-0.2,0.365,0.41,0.0,0.0,-0.03,IMPLIED_TEMP_USED_OPEN_BUCKET_APPROX,True,32°C,33°C,33°C,0.41,31.7,32°C,0.365,0.0,,,,,,,,31.2,31.2,openmeteo_archive_proxy_fallback,31°C,False,False,False,,False
2026-08-16 20:09:41,Seoul,2026-08-17,28.6,28.7,29°C,0.37,"{""25°C"": 0.0005, ""26°C"": 0.029, ""27°C"": 0.135, ""29°C"": 0.37, ""33°C or higher"": 0.002, ""24°C"": 0.0005, ""23°C or below"": 0.0005, ""28°C"": 0.315, ""30°C"": 0.155, ""31°C"": 0.035, ""32°C"": 0.006}",3,,-5.16,-0.1,72a9eb40,0.1,,,28.59,-0.01,-0.11,0.37,0.37,0.0,0.0,0.13,IMPLIED_TEMP_USED_OPEN_BUCKET_APPROX,True,29°C,29°C,29°C,0.37,28.8,29°C,0.37,0.0,,,,,,,,28.3,28.3,openmeteo_archive_proxy_fallback,28°C,False,False,False,,False
2026-08-16 20:09:41,Guangzhou,2026-08-17,32.7,36.9,33°C,0.075,"{""29°C or below"": 0.0005, ""30°C"": 0.0005, ""31°C"": 0.049, ""32°C"": 0.045, ""33°C"": 0.075, ""34°C"": 0.15, ""35°C"": 0.23, ""36°C"": 0.31, ""37°C"": 0.125, ""38°C"": 0.025, ""39°C or higher"": 0.0015}",3,,-4.16,-4.2,72a9eb40,4.2,,,35.0,2.3,-1.9,0.075,0.125,0.0,0.0,-0.08,IMPLIED_TEMP_USED_OPEN_BUCKET_APPROX,True,33°C,37°C,36°C,0.31,33.2,33°C,0.075,0.0,,,,,,,,33.9,33.9,openmeteo_archive_proxy_fallback,34°C,False,False,False,,False
2026-08-16 20:09:41,Shenzhen,2026-08-17,31.3,36.2,31°C,0.05,"{""27°C or below"": 0.0005, ""28°C"": 0.0005, ""29°C"": 0.0005, ""31°C"": 0.05, ""32°C"": 0.125, ""35°C"": 0.245, ""37°C or higher"": 0.014, ""30°C"": 0.015, ""33°C"": 0.215, ""34°C"": 0.315, ""36°C"": 0.085}",3,,-4.16,-4.9,72a9eb40,4.9,,,33.79,2.49,-2.41,0.05,0.085,0.0,0.0,-0.07,IMPLIED_TEMP_USED_OPEN_BUCKET_APPROX,True,31°C,36°C,34°C,0.315,31.7,32°C,0.125,0.0,,,,,,,,32.4,32.4,openmeteo_archive_proxy_fallback,32°C,False,False,True,,False
2026-08-16 20:09:41,New York,2026-08-16,26.9,27.8,80-81°F,0.9945,"{""72-73°F"": 0.0005, ""74-75°F"": 0.0005, ""82-83°F"": 0.0055, ""86-87°F"": 0.0005, ""90°F or higher"": 0.0005, ""71°F or below"": 0.0005, ""76-77°F"": 0.0005, ""78-79°F"": 0.0005, ""80-81°F"": 0.9945, ""84-85°F"": 0.0025, ""88-89°F"": 0.0005}",3,,-16.16,-0.9,72a9eb40,0.9,,,26.96,0.06,-0.84,0.9945,0.0055,0.0,0.0,-0.03,IMPLIED_TEMP_USED_OPEN_BUCKET_APPROX,True,80-81°F,82-83°F,80-81°F,0.9945,26.2,78-79°F,0.0005,0.0,,,,,,,28.0,26.9,28.0,noaa_nws,82-83°F,False,True,False,,False
2026-08-16 20:09:41,Chicago,2026-08-16,29.0,28.2,84-85°F,0.785,"{""77°F or below"": 0.0005, ""78-79°F"": 0.0005, ""80-81°F"": 0.0005, ""82-83°F"": 0.0005, ""84-85°F"": 0.785, ""86-87°F"": 0.225, ""88-89°F"": 0.05, ""90-91°F"": 0.0055, ""92-93°F"": 0.0015, ""94-95°F"": 0.0005, ""96°F or higher"": 0.0005}",3,,-15.16,0.8,72a9eb40,0.8,,,29.53,0.53,1.33,0.785,0.0005,0.0,0.0,-0.5,IMPLIED_TEMP_USED_OPEN_BUCKET_APPROX,True,84-85°F,82-83°F,84-85°F,0.785,30.1,86-87°F,0.225,0.0,,,,,,,30.0,29.6,30.0,noaa_nws,86-87°F,False,False,True,,False
2026-08-16 20:09:41,Miami,2026-08-16,32.9,33.0,90-91°F,0.0005,"{""100-101°F"": 0.0005, ""102-103°F"": 0.0005, ""104°F or higher"": 0.0005, ""85°F or below"": 0.0005, ""86-87°F"": 0.0005, ""88-89°F"": 0.0005, ""90-91°F"": 0.0005, ""92-93°F"": 0.965, ""94-95°F"": 0.04, ""96-97°F"": 0.005, ""98-99°F"": 0.0025}",3,,-16.16,-0.1,72a9eb40,0.1,,,33.68,0.78,0.68,0.0005,0.0005,0.0,0.0,-0.27,IMPLIED_TEMP_USED_OPEN_BUCKET_APPROX,True,90-91°F,90-91°F,92-93°F,0.965,33.0,90-91°F,0.0005,0.0,,,,,,,34.0,33.5,34.0,noaa_nws,92-93°F,False,False,False,,True
2026-08-16 20:09:41,London,2026-08-16,24.3,24.6,24°C,0.0005,"{""23°C or below"": 0.0005, ""24°C"": 0.0005, ""25°C"": 0.0005, ""26°C"": 0.9995, ""27°C"": 0.0025, ""28°C"": 0.0005, ""29°C"": 0.0005, ""30°C"": 0.0005, ""31°C"": 0.0005, ""32°C"": 0.0005, ""33°C or higher"": 0.0005}",3,,-21.16,-0.3,72a9eb40,0.3,,,26.01,1.71,1.41,0.0005,0.0005,0.0,0.0,0.0,IMPLIED_TEMP_USED_OPEN_BUCKET_APPROX,True,24°C,25°C,26°C,0.9995,26.4,26°C,0.9995,0.0,,,,,,,,25.2,25.2,openmeteo_archive_proxy_fallback,25°C,False,True,False,,False
2026-08-16 20:09:41,Paris,2026-08-16,28.9,31.7,29°C,0.0005,"{""30°C"": 0.0005, ""31°C"": 0.999, ""32°C"": 0.0005, ""33°C"": 0.0005, ""34°C"": 0.0005, ""35°C or higher"": 0.0005, ""29°C"": 0.0005, ""25°C or below"": 0.0005, ""26°C"": 0.0005, ""27°C"": 0.0005, ""28°C"": 0.0005}",3,,-22.16,-2.8,72a9eb40,2.8,,,30.99,2.09,-0.71,0.0005,0.0005,0.0,0.0,0.0,IMPLIED_TEMP_USED_OPEN_BUCKET_APPROX,True,29°C,32°C,31°C,0.999,31.1,31°C,0.999,0.0,,,,,,,,30.0,30.0,openmeteo_archive_proxy_fallback,30°C,False,False,False,,False
2026-08-16 20:09:41,Ankara,2026-08-16,28.5,27.5,28°C,0.0005,"{""30°C"": 0.0005, ""31°C"": 0.0005, ""32°C or higher"": 0.0005, ""27°C"": 0.9995, ""28°C"": 0.0005, ""29°C"": 0.0005, ""22°C or below"": 0.0005, ""23°C"": 0.0005, ""24°C"": 0.0005, ""25°C"": 0.0005, ""26°C"": 0.0005}",3,,-23.16,1.0,72a9eb40,1.0,,,27.0,-1.5,-0.5,0.0005,0.0005,0.0,0.0,0.0,IMPLIED_TEMP_USED_OPEN_BUCKET_APPROX,True,28°C,28°C,27°C,0.9995,27.0,27°C,0.9995,0.0,,,,,,,,28.6,28.6,openmeteo_archive_proxy_fallback,29°C,False,False,False,,False
2026-08-16 20:09:41,Buenos Aires,2026-08-16,18.9,16.3,19°C,0.005,"{""13°C or below"": 0.0005, ""17°C"": 0.0005, ""18°C"": 0.995, ""19°C"": 0.005, ""23°C or higher"": 0.0005, ""20°C"": 0.003, ""21°C"": 0.0005, ""22°C"": 0.001, ""14°C"": 0.0005, ""15°C"": 0.0005, ""16°C"": 0.0005}",3,,-17.16,2.6,72a9eb40,2.6,,,18.01,-0.89,1.71,0.005,0.0005,0.0,0.0,-0.02,IMPLIED_TEMP_USED_OPEN_BUCKET_APPROX,True,19°C,16°C,18°C,0.995,17.5,18°C,0.995,0.0,,,,,,,,17.7,17.7,openmeteo_archive_proxy_fallback,18°C,False,False,True,,True
2026-08-16 21:10:06,Hong Kong,2026-08-17,31.2,32.7,31°C,0.065,"{""31°C"": 0.065, ""32°C"": 0.325, ""33°C"": 0.425, ""34°C"": 0.175, ""35°C"": 0.0135, ""36°C"": 0.0085, ""37°C"": 0.0005, ""38°C or higher"": 0.0005, ""28°C or below"": 0.0005, ""29°C"": 0.0005, ""30°C"": 0.03}",3,,-5.17,-1.5,7f3da89d,1.5,,,32.7,1.5,0.0,0.065,0.425,-0.9,0.0,0.02,IMPLIED_TEMP_USED_OPEN_BUCKET_APPROX,True,31°C,33°C,33°C,0.425,32.6,33°C,0.425,0.0,,,,,,,,31.8,31.8,openmeteo_archive_proxy_fallback,32°C,False,False,False,,False
2026-08-16 21:10:06,Tokyo,2026-08-17,29.0,31.6,29°C,0.23,"{""24°C or below"": 0.0015, ""32°C"": 0.0525, ""33°C"": 0.0105, ""34°C or higher"": 0.005, ""25°C"": 0.0035, ""26°C"": 0.0075, ""27°C"": 0.015, ""28°C"": 0.055, ""29°C"": 0.23, ""30°C"": 0.515, ""31°C"": 0.17}",3,,-6.17,-2.6,7f3da89d,2.6,,,29.89,0.89,-1.71,0.23,0.0525,0.3,0.0,0.07,IMPLIED_TEMP_USED_OPEN_BUCKET_APPROX,True,29°C,32°C,30°C,0.515,30.7,31°C,0.17,0.0,,,,,,,,29.5,29.5,openmeteo_archive_proxy_fallback,30°C,False,False,False,,True
2026-08-16 21:10:06,Shanghai,2026-08-17,31.3,31.8,31°C,0.57,"{""33°C"": 0.015, ""34°C"": 0.005, ""35°C or higher"": 0.0005, ""25°C or below"": 0.0005, ""26°C"": 0.0005, ""27°C"": 0.0005, ""28°C"": 0.007, ""29°C"": 0.065, ""30°C"": 0.25, ""31°C"": 0.57, ""32°C"": 0.16}",3,,-5.17,-0.5,7f3da89d,0.5,,,30.81,-0.49,-0.99,0.57,0.16,0.1,0.0,-0.03,IMPLIED_TEMP_USED_OPEN_BUCKET_APPROX,True,31°C,32°C,31°C,0.57,32.2,32°C,0.16,0.0,,,,,,,,31.4,31.4,openmeteo_archive_proxy_fallback,31°C,True,False,False,,True
2026-08-16 21:10:06,Qingdao,2026-08-17,31.0,32.8,31°C,0.135,"{""28°C or below"": 0.0005, ""29°C"": 0.002, ""30°C"": 0.015, ""31°C"": 0.135, ""32°C"": 0.37, ""33°C"": 0.405, ""34°C"": 0.095, ""35°C"": 0.015, ""36°C"": 0.005, ""37°C"": 0.0035, ""38°C or higher"": 0.0005}",3,,-5.17,-1.8,7f3da89d,1.8,,,32.48,1.48,-0.32,0.135,0.405,-0.5,0.0,-0.12,IMPLIED_TEMP_USED_OPEN_BUCKET_APPROX,True,31°C,33°C,33°C,0.405,31.7,32°C,0.37,0.0,,,,,,,,31.2,31.2,openmeteo_archive_proxy_fallback,31°C,True,False,False,,False
2026-08-16 21:10:06,Seoul,2026-08-17,29.0,28.7,29°C,0.345,"{""25°C"": 0.0005, ""26°C"": 0.025, ""27°C"": 0.17, ""29°C"": 0.345, ""33°C or higher"": 0.002, ""24°C"": 0.0005, ""23°C or below"": 0.0005, ""28°C"": 0.325, ""30°C"": 0.13, ""31°C"": 0.02, ""32°C"": 0.0055}",3,,-6.17,0.3,7f3da89d,0.3,,,28.46,-0.54,-0.24,0.345,0.345,0.4,0.0,-0.13,IMPLIED_TEMP_USED_OPEN_BUCKET_APPROX,True,29°C,29°C,29°C,0.345,28.8,29°C,0.345,0.0,,,,,,,,28.3,28.3,openmeteo_archive_proxy_fallback,28°C,False,False,False,,False
2026-08-16 21:10:06,Guangzhou,2026-08-17,32.2,36.9,32°C,0.055,"{""29°C or below"": 0.0005, ""30°C"": 0.0005, ""31°C"": 0.0205, ""32°C"": 0.055, ""33°C"": 0.1, ""34°C"": 0.17, ""35°C"": 0.265, ""36°C"": 0.31, ""37°C"": 0.115, ""38°C"": 0.025, ""39°C or higher"": 0.0015}",3,,-5.17,-4.7,7f3da89d,4.7,,,35.0,2.8,-1.9,0.055,0.115,-0.5,0.0,0.0,IMPLIED_TEMP_USED_OPEN_BUCKET_APPROX,True,32°C,37°C,36°C,0.31,33.2,33°C,0.1,0.0,,,,,,,,33.9,33.9,openmeteo_archive_proxy_fallback,34°C,False,False,False,,False
2026-08-16 21:10:06,Shenzhen,2026-08-17,32.7,36.2,33°C,0.24,"{""27°C or below"": 0.0005, ""28°C"": 0.0005, ""29°C"": 0.0005, ""31°C"": 0.055, ""32°C"": 0.135, ""35°C"": 0.11, ""37°C or higher"": 0.014, ""30°C"": 0.015, ""33°C"": 0.24, ""34°C"": 0.32, ""36°C"": 0.06}",3,,-5.17,-3.5,7f3da89d,3.5,,,33.51,0.81,-2.69,0.24,0.06,1.4,0.0,-0.28,IMPLIED_TEMP_USED_OPEN_BUCKET_APPROX,True,33°C,36°C,34°C,0.32,31.7,32°C,0.135,0.0,,,,,,,,32.4,32.4,openmeteo_archive_proxy_fallback,32°C,False,False,True,,False
2026-08-16 21:10:06,New York,2026-08-16,26.9,27.8,80-81°F,0.9955,"{""72-73°F"": 0.0005, ""74-75°F"": 0.0005, ""82-83°F"": 0.0055, ""86-87°F"": 0.0005, ""90°F or higher"": 0.0005, ""71°F or below"": 0.0005, ""76-77°F"": 0.0005, ""78-79°F"": 0.0005, ""80-81°F"": 0.9955, ""84-85°F"": 0.0035, ""88-89°F"": 0.0005}",3,,-17.17,-0.9,7f3da89d,0.9,,,26.96,0.06,-0.84,0.9955,0.0055,0.0,0.0,0.0,IMPLIED_TEMP_USED_OPEN_BUCKET_APPROX,True,80-81°F,82-83°F,80-81°F,0.9955,26.2,78-79°F,0.0005,0.0,,,,,,,28.0,26.9,28.0,noaa_nws,82-83°F,False,True,False,,False
2026-08-16 21:10:06,Chicago,2026-08-16,29.3,27.9,84-85°F,0.945,"{""77°F or below"": 0.0005, ""78-79°F"": 0.0005, ""80-81°F"": 0.0005, ""82-83°F"": 0.0005, ""84-85°F"": 0.945, ""86-87°F"": 0.05, ""88-89°F"": 0.01, ""90-91°F"": 0.0045, ""92-93°F"": 0.0005, ""94-95°F"": 0.0005, ""96°F or higher"": 0.0005}",3,,-16.17,1.4,7f3da89d,1.4,,,29.26,-0.04,1.36,0.945,0.0005,0.3,-0.3,-0.27,IMPLIED_TEMP_USED_OPEN_BUCKET_APPROX,True,84-85°F,82-83°F,84-85°F,0.945,30.1,86-87°F,0.05,0.0,,,,,,,30.0,29.6,30.0,noaa_nws,86-87°F,False,False,True,,False
2026-08-16 21:10:06,Miami,2026-08-16,33.1,33.4,92-93°F,0.996,"{""100-101°F"": 0.0005, ""102-103°F"": 0.0005, ""104°F or higher"": 0.0005, ""85°F or below"": 0.0005, ""86-87°F"": 0.0005, ""88-89°F"": 0.0005, ""90-91°F"": 0.0005, ""92-93°F"": 0.996, ""94-95°F"": 0.0045, ""96-97°F"": 0.0015, ""98-99°F"": 0.0025}",3,,-17.17,-0.3,7f3da89d,0.3,,,33.63,0.53,0.23,0.996,0.996,0.2,0.4,-0.05,IMPLIED_TEMP_USED_OPEN_BUCKET_APPROX,True,92-93°F,92-93°F,92-93°F,0.996,33.0,90-91°F,0.0005,0.0,,,,,,,34.0,33.5,34.0,noaa_nws,92-93°F,True,True,False,,True
2026-08-16 21:10:06,London,2026-08-16,24.9,24.6,25°C,0.0005,"{""23°C or below"": 0.0005, ""24°C"": 0.0005, ""25°C"": 0.0005, ""26°C"": 0.999, ""27°C"": 0.001, ""28°C"": 0.0005, ""29°C"": 0.0005, ""30°C"": 0.0005, ""31°C"": 0.0005, ""32°C"": 0.0005, ""33°C or higher"": 0.0005}",3,,-22.17,0.3,7f3da89d,0.3,,,26.01,1.11,1.41,0.0005,0.0005,0.6,0.0,0.0,IMPLIED_TEMP_USED_OPEN_BUCKET_APPROX,True,25°C,25°C,26°C,0.999,26.4,26°C,0.999,0.0,,,,,,,,25.2,25.2,openmeteo_archive_proxy_fallback,25°C,True,True,False,,False
2026-08-16 21:10:06,Paris,2026-08-16,30.1,31.7,30°C,0.0005,"{""30°C"": 0.0005, ""31°C"": 0.999, ""32°C"": 0.0005, ""33°C"": 0.0005, ""34°C"": 0.0005, ""35°C or higher"": 0.0005, ""29°C"": 0.0005, ""25°C or below"": 0.0005, ""26°C"": 0.0005, ""27°C"": 0.0005, ""28°C"": 0.0005}",3,,-23.17,-1.6,7f3da89d,1.6,,,30.99,0.89,-0.71,0.0005,0.0005,1.2,0.0,0.0,IMPLIED_TEMP_USED_OPEN_BUCKET_APPROX,True,30°C,32°C,31°C,0.999,31.1,31°C,0.999,0.0,,,,,,,,30.0,30.0,openmeteo_archive_proxy_fallback,30°C,True,False,False,,False
2026-08-16 21:10:06,Ankara,2026-08-17,28.7,29.2,29°C,0.035,"{""24°C"": 0.0055, ""25°C"": 0.025, ""26°C"": 0.21, ""27°C"": 0.42, ""28°C"": 0.275, ""29°C"": 0.035, ""22°C or below"": 0.0015, ""23°C"": 0.0015, ""30°C"": 0.0085, ""31°C"": 0.0025, ""32°C or higher"": 0.0025}",3,,-0.17,-0.5,7f3da89d,0.5,,,27.1,-1.6,-2.1,0.035,0.035,0.2,1.7,0.1,IMPLIED_TEMP_USED_OPEN_BUCKET_APPROX,True,29°C,29°C,27°C,0.42,27.9,28°C,0.275,0.9,,,,,,,,28.8,28.8,openmeteo_archive_proxy_fallback,29°C,True,True,False,,False
2026-08-16 21:10:06,Buenos Aires,2026-08-16,18.0,16.3,18°C,0.999,"{""13°C or below"": 0.0005, ""17°C"": 0.0005, ""18°C"": 0.999, ""19°C"": 0.0015, ""23°C or higher"": 0.0005, ""20°C"": 0.002, ""21°C"": 0.001, ""22°C"": 0.001, ""14°C"": 0.0005, ""15°C"": 0.0005, ""16°C"": 0.0005}",3,,-18.17,1.7,7f3da89d,1.7,,,18.01,0.01,1.71,0.999,0.0005,-0.9,0.0,0.0,IMPLIED_TEMP_USED_OPEN_BUCKET_APPROX,True,18°C,16°C,18°C,0.999,17.5,18°C,0.999,0.0,,,,,,,,17.7,17.7,openmeteo_archive_proxy_fallback,18°C,True,False,True,,True
2026-08-16 22:09:36,Hong Kong,2026-08-17,31.2,32.7,31°C,0.055,"{""31°C"": 0.055, ""32°C"": 0.33, ""33°C"": 0.425, ""34°C"": 0.175, ""35°C"": 0.0135, ""36°C"": 0.0065, ""37°C"": 0.0005, ""38°C or higher"": 0.0005, ""28°C or below"": 0.0005, ""29°C"": 0.0005, ""30°C"": 0.03}",3,,-6.16,-1.5,9874e3a3,1.5,,,32.7,1.5,0.0,0.055,0.425,0.0,0.0,0.0,IMPLIED_TEMP_USED_OPEN_BUCKET_APPROX,True,31°C,33°C,33°C,0.425,32.6,33°C,0.425,0.0,,,,,,,,31.8,31.8,openmeteo_archive_proxy_fallback,32°C,False,False,False,,False
2026-08-16 22:09:36,Tokyo,2026-08-17,29.0,31.6,29°C,0.24,"{""24°C or below"": 0.0015, ""32°C"": 0.0375, ""33°C"": 0.0075, ""34°C or higher"": 0.005, ""25°C"": 0.0035, ""26°C"": 0.0075, ""27°C"": 0.02, ""28°C"": 0.04, ""29°C"": 0.24, ""30°C"": 0.535, ""31°C"": 0.175}",3,,-7.16,-2.6,9874e3a3,2.6,,,29.87,0.87,-1.73,0.24,0.0375,0.0,0.0,-0.02,IMPLIED_TEMP_USED_OPEN_BUCKET_APPROX,True,29°C,32°C,30°C,0.535,30.7,31°C,0.175,0.0,,,,,,,,29.5,29.5,openmeteo_archive_proxy_fallback,30°C,False,False,False,,True
2026-08-16 22:09:36,Shanghai,2026-08-17,31.3,31.8,31°C,0.56,"{""33°C"": 0.015, ""34°C"": 0.005, ""35°C or higher"": 0.0005, ""25°C or below"": 0.0005, ""26°C"": 0.0005, ""27°C"": 0.0005, ""28°C"": 0.006, ""29°C"": 0.055, ""30°C"": 0.26, ""31°C"": 0.56, ""32°C"": 0.165}",3,,-6.16,-0.5,9874e3a3,0.5,,,30.83,-0.47,-0.97,0.56,0.165,0.0,0.0,0.02,IMPLIED_TEMP_USED_OPEN_BUCKET_APPROX,True,31°C,32°C,31°C,0.56,32.2,32°C,0.165,0.0,,,,,,,,31.4,31.4,openmeteo_archive_proxy_fallback,31°C,True,False,False,,True
2026-08-16 22:09:36,Qingdao,2026-08-17,31.0,32.8,31°C,0.155,"{""28°C or below"": 0.0005, ""29°C"": 0.002, ""30°C"": 0.015, ""31°C"": 0.155, ""32°C"": 0.43, ""33°C"": 0.325, ""34°C"": 0.065, ""35°C"": 0.015, ""36°C"": 0.005, ""37°C"": 0.0035, ""38°C or higher"": 0.0005}",3,,-6.16,-1.8,9874e3a3,1.8,,,32.34,1.34,-0.46,0.155,0.325,0.0,0.0,-0.14,IMPLIED_TEMP_USED_OPEN_BUCKET_APPROX,True,31°C,33°C,32°C,0.43,31.7,32°C,0.43,0.0,,,,,,,,31.2,31.2,openmeteo_archive_proxy_fallback,31°C,True,False,False,,False
2026-08-16 22:09:36,Seoul,2026-08-17,29.0,28.7,29°C,0.345,"{""25°C"": 0.0005, ""26°C"": 0.037, ""27°C"": 0.175, ""29°C"": 0.345, ""33°C or higher"": 0.0025, ""24°C"": 0.0005, ""23°C or below"": 0.0005, ""28°C"": 0.325, ""30°C"": 0.115, ""31°C"": 0.02, ""32°C"": 0.005}",3,,-7.16,0.3,9874e3a3,0.3,,,28.4,-0.6,-0.3,0.345,0.345,0.0,0.0,-0.06,IMPLIED_TEMP_USED_OPEN_BUCKET_APPROX,True,29°C,29°C,29°C,0.345,28.8,29°C,0.345,0.0,,,,,,,,28.3,28.3,openmeteo_archive_proxy_fallback,28°C,False,False,False,,False
2026-08-16 22:09:36,Guangzhou,2026-08-17,32.2,36.9,32°C,0.055,"{""29°C or below"": 0.0005, ""30°C"": 0.0005, ""31°C"": 0.02, ""32°C"": 0.055, ""33°C"": 0.1, ""34°C"": 0.165, ""35°C"": 0.27, ""36°C"": 0.31, ""37°C"": 0.125, ""38°C"": 0.025, ""39°C or higher"": 0.0015}",3,,-6.16,-4.7,9874e3a3,4.7,,,35.02,2.82,-1.88,0.055,0.125,0.0,0.0,0.02,IMPLIED_TEMP_USED_OPEN_BUCKET_APPROX,True,32°C,37°C,36°C,0.31,33.2,33°C,0.1,0.0,,,,,,,,33.9,33.9,openmeteo_archive_proxy_fallback,34°C,False,False,False,,False
2026-08-16 22:09:36,Shenzhen,2026-08-17,32.7,36.2,33°C,0.245,"{""27°C or below"": 0.0005, ""28°C"": 0.0005, ""29°C"": 0.0005, ""31°C"": 0.05, ""32°C"": 0.125, ""35°C"": 0.195, ""37°C or higher"": 0.014, ""30°C"": 0.015, ""33°C"": 0.245, ""34°C"": 0.315, ""36°C"": 0.055}",3,,-6.16,-3.5,9874e3a3,3.5,,,33.65,0.95,-2.55,0.245,0.055,0.0,0.0,0.14,IMPLIED_TEMP_USED_OPEN_BUCKET_APPROX,True,33°C,36°C,34°C,0.315,31.7,32°C,0.125,0.0,,,,,,,,32.4,32.4,openmeteo_archive_proxy_fallback,32°C,False,False,True,,False
2026-08-16 22:09:36,New York,2026-08-16,26.9,27.8,80-81°F,0.9985,"{""72-73°F"": 0.0005, ""74-75°F"": 0.0005, ""82-83°F"": 0.0005, ""86-87°F"": 0.0005, ""90°F or higher"": 0.0005, ""71°F or below"": 0.0005, ""76-77°F"": 0.0005, ""78-79°F"": 0.0005, ""80-81°F"": 0.9985, ""84-85°F"": 0.0025, ""88-89°F"": 0.0005}",3,,-18.16,-0.9,9874e3a3,0.9,,,26.95,0.05,-0.85,0.9985,0.0005,0.0,0.0,-0.01,IMPLIED_TEMP_USED_OPEN_BUCKET_APPROX,True,80-81°F,82-83°F,80-81°F,0.9985,26.2,78-79°F,0.0005,0.0,,,,,,,28.0,26.9,28.0,noaa_nws,82-83°F,False,True,False,,False
2026-08-16 22:09:36,Chicago,2026-08-16,29.3,27.9,84-85°F,0.9955,"{""77°F or below"": 0.0005, ""78-79°F"": 0.0005, ""80-81°F"": 0.0005, ""82-83°F"": 0.0005, ""84-85°F"": 0.9955, ""86-87°F"": 0.006, ""88-89°F"": 0.0055, ""90-91°F"": 0.0015, ""92-93°F"": 0.0005, ""94-95°F"": 0.0005, ""96°F or higher"": 0.0005}",3,,-17.16,1.4,9874e3a3,1.4,,,29.19,-0.11,1.29,0.9955,0.0005,0.0,0.0,-0.07,IMPLIED_TEMP_USED_OPEN_BUCKET_APPROX,True,84-85°F,82-83°F,84-85°F,0.9955,30.1,86-87°F,0.006,0.0,,,,,,,30.0,29.6,30.0,noaa_nws,86-87°F,False,False,True,,False
2026-08-16 22:09:36,Miami,2026-08-16,33.1,33.4,92-93°F,0.9995,"{""100-101°F"": 0.0005, ""102-103°F"": 0.0005, ""104°F or higher"": 0.0005, ""85°F or below"": 0.0005, ""86-87°F"": 0.0005, ""88-89°F"": 0.0005, ""90-91°F"": 0.0005, ""92-93°F"": 0.9995, ""94-95°F"": 0.0015, ""96-97°F"": 0.0005, ""98-99°F"": 0.0015}",3,,-18.16,-0.3,9874e3a3,0.3,,,33.62,0.52,0.22,0.9995,0.9995,0.0,0.0,-0.01,IMPLIED_TEMP_USED_OPEN_BUCKET_APPROX,True,92-93°F,92-93°F,92-93°F,0.9995,33.0,90-91°F,0.0005,0.0,,,,,,,34.0,33.5,34.0,noaa_nws,92-93°F,True,True,False,,True
2026-08-16 22:09:36,London,2026-08-16,24.9,24.6,25°C,0.0005,"{""23°C or below"": 0.0005, ""24°C"": 0.0005, ""25°C"": 0.0005, ""26°C"": 0.999, ""27°C"": 0.0015, ""28°C"": 0.0005, ""29°C"": 0.0005, ""30°C"": 0.0005, ""31°C"": 0.0005, ""32°C"": 0.0005, ""33°C or higher"": 0.0005}",3,,-23.16,0.3,9874e3a3,0.3,,,26.01,1.11,1.41,0.0005,0.0005,0.0,0.0,0.0,IMPLIED_TEMP_USED_OPEN_BUCKET_APPROX,True,25°C,25°C,26°C,0.999,26.4,26°C,0.999,0.0,,,,,,,,25.2,25.2,openmeteo_archive_proxy_fallback,25°C,True,True,False,,False
2026-08-16 22:09:36,Paris,2026-08-17,28.8,30.3,29°C,0.585,"{""24°C or below"": 0.0005, ""25°C"": 0.0005, ""26°C"": 0.004, ""27°C"": 0.025, ""33°C"": 0.0005, ""34°C or higher"": 0.0005, ""28°C"": 0.365, ""29°C"": 0.585, ""30°C"": 0.05, ""31°C"": 0.0045, ""32°C"": 0.0005}",3,,-0.16,-1.5,9874e3a3,1.5,,,28.65,-0.15,-1.65,0.585,0.05,-1.3,-1.4,-2.34,IMPLIED_TEMP_USED_OPEN_BUCKET_APPROX,True,29°C,30°C,29°C,0.585,28.8,29°C,0.585,-2.3,,,,,,,,29.2,29.2,openmeteo_archive_proxy_fallback,29°C,True,False,True,,True
2026-08-16 22:09:36,Ankara,2026-08-17,28.7,29.2,29°C,0.035,"{""24°C"": 0.0055, ""25°C"": 0.025, ""26°C"": 0.215, ""27°C"": 0.505, ""28°C"": 0.255, ""29°C"": 0.035, ""22°C or below"": 0.0015, ""23°C"": 0.0015, ""30°C"": 0.0085, ""31°C"": 0.0015, ""32°C or higher"": 0.0025}",3,,-1.16,-0.5,9874e3a3,0.5,,,27.07,-1.63,-2.13,0.035,0.035,0.0,0.0,-0.03,IMPLIED_TEMP_USED_OPEN_BUCKET_APPROX,True,29°C,29°C,27°C,0.505,27.9,28°C,0.255,0.0,,,,,,,,28.8,28.8,openmeteo_archive_proxy_fallback,29°C,True,True,False,,False
2026-08-16 22:09:36,Buenos Aires,2026-08-16,18.0,16.3,18°C,0.996,"{""13°C or below"": 0.0005, ""17°C"": 0.0005, ""18°C"": 0.996, ""19°C"": 0.0005, ""23°C or higher"": 0.0005, ""20°C"": 0.0005, ""21°C"": 0.0005, ""22°C"": 0.0005, ""14°C"": 0.0005, ""15°C"": 0.0005, ""16°C"": 0.0005}",3,,-19.16,1.7,9874e3a3,1.7,,,18.0,0.0,1.7,0.996,0.0005,0.0,0.0,-0.01,IMPLIED_TEMP_USED_OPEN_BUCKET_APPROX,True,18°C,16°C,18°C,0.996,17.5,18°C,0.996,0.0,,,,,,,,17.7,17.7,openmeteo_archive_proxy_fallback,18°C,True,False,True,,True
2026-08-16 23:09:51,Hong Kong,2026-08-17,31.2,32.7,31°C,0.07,"{""31°C"": 0.07, ""32°C"": 0.355, ""33°C"": 0.42, ""34°C"": 0.17, ""35°C"": 0.007, ""36°C"": 0.0055, ""37°C"": 0.0005, ""38°C or higher"": 0.0005, ""28°C or below"": 0.0005, ""29°C"": 0.0005, ""30°C"": 0.022}",3,,-7.16,-1.5,3ff38dc0,1.5,,,32.66,1.46,-0.04,0.07,0.42,0.0,0.0,-0.04,IMPLIED_TEMP_USED_OPEN_BUCKET_APPROX,True,31°C,33°C,33°C,0.42,33.3,33°C,0.42,0.7,,,,,,,,31.8,31.8,openmeteo_archive_proxy_fallback,32°C,False,False,False,,False
2026-08-16 23:09:51,Tokyo,2026-08-17,29.0,31.6,29°C,0.245,"{""24°C or below"": 0.0015, ""32°C"": 0.0345, ""33°C"": 0.0085, ""34°C or higher"": 0.005, ""25°C"": 0.003, ""26°C"": 0.005, ""27°C"": 0.015, ""28°C"": 0.065, ""29°C"": 0.245, ""30°C"": 0.495, ""31°C"": 0.18}",3,,-8.16,-2.6,3ff38dc0,2.6,,,29.84,0.84,-1.76,0.245,0.0345,0.0,0.0,-0.03,IMPLIED_TEMP_USED_OPEN_BUCKET_APPROX,True,29°C,32°C,30°C,0.495,30.0,30°C,0.495,-0.7,,,,,,,,29.5,29.5,openmeteo_archive_proxy_fallback,30°C,False,False,True,,True
2026-08-16 23:09:51,Shanghai,2026-08-17,31.3,31.8,31°C,0.565,"{""33°C"": 0.015, ""34°C"": 0.0045, ""35°C or higher"": 0.0005, ""25°C or below"": 0.0005, ""26°C"": 0.0005, ""27°C"": 0.0005, ""28°C"": 0.005, ""29°C"": 0.04, ""30°C"": 0.265, ""31°C"": 0.565, ""32°C"": 0.16}",3,,-7.16,-0.5,3ff38dc0,0.5,,,30.85,-0.45,-0.95,0.565,0.16,0.0,0.0,0.02,IMPLIED_TEMP_USED_OPEN_BUCKET_APPROX,True,31°C,32°C,31°C,0.565,32.8,33°C,0.015,0.6,,,,,,,,31.4,31.4,openmeteo_archive_proxy_fallback,31°C,True,False,False,,True
2026-08-16 23:09:51,Qingdao,2026-08-17,31.0,32.8,31°C,0.15,"{""28°C or below"": 0.0005, ""29°C"": 0.002, ""30°C"": 0.015, ""31°C"": 0.15, ""32°C"": 0.445, ""33°C"": 0.315, ""34°C"": 0.07, ""35°C"": 0.02, ""36°C"": 0.005, ""37°C"": 0.0035, ""38°C or higher"": 0.0005}",3,,-7.16,-1.8,3ff38dc0,1.8,,,32.36,1.36,-0.44,0.15,0.315,0.0,0.0,0.02,IMPLIED_TEMP_USED_OPEN_BUCKET_APPROX,True,31°C,33°C,32°C,0.445,31.2,31°C,0.15,-0.5,,,,,,,,31.2,31.2,openmeteo_archive_proxy_fallback,31°C,True,False,True,,False
2026-08-16 23:09:51,Seoul,2026-08-17,29.0,28.7,29°C,0.27,"{""25°C"": 0.0005, ""26°C"": 0.07, ""27°C"": 0.19, ""29°C"": 0.27, ""33°C or higher"": 0.006, ""24°C"": 0.0005, ""23°C or below"": 0.0005, ""28°C"": 0.345, ""30°C"": 0.085, ""31°C"": 0.02, ""32°C"": 0.005}",3,,-8.16,0.3,3ff38dc0,0.3,,,28.22,-0.78,-0.48,0.27,0.27,0.0,0.0,-0.18,IMPLIED_TEMP_USED_OPEN_BUCKET_APPROX,True,29°C,29°C,28°C,0.345,26.3,26°C,0.07,-2.5,,,,,,,,28.3,28.3,openmeteo_archive_proxy_fallback,28°C,False,False,False,,True
2026-08-16 23:09:51,Guangzhou,2026-08-17,32.2,36.9,32°C,0.06,"{""29°C or below"": 0.0005, ""30°C"": 0.0005, ""31°C"": 0.0245, ""32°C"": 0.06, ""33°C"": 0.135, ""34°C"": 0.17, ""35°C"": 0.27, ""36°C"": 0.27, ""37°C"": 0.1, ""38°C"": 0.02, ""39°C or higher"": 0.0015}",3,,-7.16,-4.7,3ff38dc0,4.7,,,34.82,2.62,-2.08,0.06,0.1,0.0,0.0,-0.2,IMPLIED_TEMP_USED_OPEN_BUCKET_APPROX,True,32°C,37°C,35°C,0.27,33.1,33°C,0.135,-0.1,,,,,,,,33.9,33.9,openmeteo_archive_proxy_fallback,34°C,False,False,False,,False
2026-08-16 23:09:51,Shenzhen,2026-08-17,32.7,36.2,33°C,0.245,"{""27°C or below"": 0.0005, ""28°C"": 0.0005, ""29°C"": 0.0005, ""31°C"": 0.06, ""32°C"": 0.13, ""35°C"": 0.21, ""37°C or higher"": 0.014, ""30°C"": 0.015, ""33°C"": 0.245, ""34°C"": 0.32, ""36°C"": 0.065}",3,,-7.16,-3.5,3ff38dc0,3.5,,,33.66,0.96,-2.54,0.245,0.065,0.0,0.0,0.01,IMPLIED_TEMP_USED_OPEN_BUCKET_APPROX,True,33°C,36°C,34°C,0.32,32.2,32°C,0.13,0.5,,,,,,,,32.4,32.4,openmeteo_archive_proxy_fallback,32°C,False,False,True,,False
2026-08-16 23:09:51,New York,2026-08-16,26.9,27.8,80-81°F,0.9985,"{""72-73°F"": 0.0005, ""74-75°F"": 0.0005, ""82-83°F"": 0.0005, ""86-87°F"": 0.0005, ""90°F or higher"": 0.0005, ""71°F or below"": 0.0005, ""76-77°F"": 0.0005, ""78-79°F"": 0.0005, ""80-81°F"": 0.9985, ""84-85°F"": 0.0005, ""88-89°F"": 0.0005}",3,,-19.16,-0.9,3ff38dc0,0.9,,,26.94,0.04,-0.86,0.9985,0.0005,0.0,0.0,-0.01,IMPLIED_TEMP_USED_OPEN_BUCKET_APPROX,True,80-81°F,82-83°F,80-81°F,0.9985,26.2,78-79°F,0.0005,0.0,,,,,,,28.0,26.9,28.0,noaa_nws,82-83°F,False,True,False,,False
2026-08-16 23:09:51,Chicago,2026-08-16,29.3,28.1,84-85°F,0.9995,"{""77°F or below"": 0.0005, ""78-79°F"": 0.0005, ""80-81°F"": 0.0005, ""82-83°F"": 0.0005, ""84-85°F"": 0.9995, ""86-87°F"": 0.0015, ""88-89°F"": 0.0005, ""90-91°F"": 0.0005, ""92-93°F"": 0.0005, ""94-95°F"": 0.0005, ""96°F or higher"": 0.0005}",3,,-18.16,1.2,3ff38dc0,1.2,,,29.17,-0.13,1.07,0.9995,0.0005,0.0,0.2,-0.02,IMPLIED_TEMP_USED_OPEN_BUCKET_APPROX,True,84-85°F,82-83°F,84-85°F,0.9995,29.8,86-87°F,0.0015,-0.3,,,,,,,30.0,29.6,30.0,noaa_nws,86-87°F,False,False,True,,False
2026-08-16 23:09:51,Miami,2026-08-16,33.1,33.4,92-93°F,0.9995,"{""100-101°F"": 0.0005, ""102-103°F"": 0.0005, ""104°F or higher"": 0.0005, ""85°F or below"": 0.0005, ""86-87°F"": 0.0005, ""88-89°F"": 0.0005, ""90-91°F"": 0.0005, ""92-93°F"": 0.9995, ""94-95°F"": 0.0005, ""96-97°F"": 0.0005, ""98-99°F"": 0.0005}",3,,-19.16,-0.3,3ff38dc0,0.3,,,33.62,0.52,0.22,0.9995,0.9995,0.0,0.0,0.0,IMPLIED_TEMP_USED_OPEN_BUCKET_APPROX,True,92-93°F,92-93°F,92-93°F,0.9995,33.0,90-91°F,0.0005,0.0,,,,,,,34.0,33.5,34.0,noaa_nws,92-93°F,True,True,False,,True
2026-08-16 23:09:51,London,2026-08-17,25.5,26.7,26°C,0.575,"{""20°C or below"": 0.0005, ""21°C"": 0.0005, ""22°C"": 0.0005, ""23°C"": 0.008, ""24°C"": 0.035, ""25°C"": 0.2, ""26°C"": 0.575, ""27°C"": 0.195, ""28°C"": 0.035, ""29°C"": 0.0035, ""30°C or higher"": 0.0005}",3,,-0.16,-1.2,3ff38dc0,1.2,,,25.98,0.48,-0.72,0.575,0.195,0.6,2.1,-0.03,IMPLIED_TEMP_USED_OPEN_BUCKET_APPROX,True,26°C,27°C,26°C,0.575,26.4,26°C,0.575,0.0,,,,,,,,25.1,25.1,openmeteo_archive_proxy_fallback,25°C,False,False,False,,False
2026-08-16 23:09:51,Paris,2026-08-17,28.8,30.3,29°C,0.53,"{""24°C or below"": 0.0005, ""25°C"": 0.0005, ""26°C"": 0.004, ""27°C"": 0.035, ""33°C"": 0.0005, ""34°C or higher"": 0.0005, ""28°C"": 0.37, ""29°C"": 0.53, ""30°C"": 0.05, ""31°C"": 0.004, ""32°C"": 0.0005}",3,,-1.16,-1.5,3ff38dc0,1.5,,,28.61,-0.19,-1.69,0.53,0.05,0.0,0.0,-0.04,IMPLIED_TEMP_USED_OPEN_BUCKET_APPROX,True,29°C,30°C,29°C,0.53,28.3,28°C,0.37,-0.5,,,,,,,,29.2,29.2,openmeteo_archive_proxy_fallback,29°C,True,False,False,,True
2026-08-16 23:09:51,Ankara,2026-08-17,28.7,29.2,29°C,0.03,"{""24°C"": 0.0055, ""25°C"": 0.03, ""26°C"": 0.255, ""27°C"": 0.5, ""28°C"": 0.19, ""29°C"": 0.03, ""22°C or below"": 0.0005, ""23°C"": 0.0015, ""30°C"": 0.0085, ""31°C"": 0.0015, ""32°C or higher"": 0.0025}",3,,-2.16,-0.5,3ff38dc0,0.5,,,26.96,-1.74,-2.24,0.03,0.03,0.0,0.0,-0.11,IMPLIED_TEMP_USED_OPEN_BUCKET_APPROX,True,29°C,29°C,27°C,0.5,27.6,28°C,0.19,-0.3,,,,,,,,28.8,28.8,openmeteo_archive_proxy_fallback,29°C,True,True,False,,False
2026-08-16 23:09:51,Buenos Aires,2026-08-16,18.0,16.3,18°C,0.9995,"{""13°C or below"": 0.0005, ""17°C"": 0.0005, ""18°C"": 0.9995, ""19°C"": 0.0005, ""23°C or higher"": 0.0005, ""20°C"": 0.0005, ""21°C"": 0.0005, ""22°C"": 0.0005, ""14°C"": 0.0005, ""15°C"": 0.0005, ""16°C"": 0.0005}",3,,-20.16,1.7,3ff38dc0,1.7,,,18.0,0.0,1.7,0.9995,0.0005,0.0,0.0,0.0,IMPLIED_TEMP_USED_OPEN_BUCKET_APPROX,True,18°C,16°C,18°C,0.9995,17.5,18°C,0.9995,0.0,,,,,,,,17.7,17.7,openmeteo_archive_proxy_fallback,18°C,True,False,True,,True
2026-08-17 00:35:07,Hong Kong,2026-08-17,31.2,33.1,31°C,0.04,"{""31°C"": 0.04, ""32°C"": 0.32, ""33°C"": 0.45, ""34°C"": 0.21, ""35°C"": 0.0215, ""36°C"": 0.0035, ""37°C"": 0.0005, ""38°C or higher"": 0.0005, ""28°C or below"": 0.0005, ""29°C"": 0.0005, ""30°C"": 0.009}",3,,-8.59,-1.9,4c0f848f,1.9,,,32.85,1.65,-0.25,0.04,0.45,0.0,0.4,0.19,IMPLIED_TEMP_USED_OPEN_BUCKET_APPROX,True,31°C,33°C,33°C,0.45,33.3,33°C,0.45,0.0,,,,,,,,31.8,31.8,openmeteo_archive_proxy_fallback,32°C,False,False,False,,False
2026-08-17 00:35:07,Tokyo,2026-08-17,29.0,31.7,29°C,0.255,"{""24°C or below"": 0.0005, ""32°C"": 0.027, ""33°C"": 0.0095, ""34°C or higher"": 0.0055, ""25°C"": 0.0005, ""26°C"": 0.014, ""27°C"": 0.03, ""28°C"": 0.085, ""29°C"": 0.255, ""30°C"": 0.445, ""31°C"": 0.185}",3,,-9.59,-2.7,4c0f848f,2.7,,,29.73,0.73,-1.97,0.255,0.027,0.0,0.1,-0.11,IMPLIED_TEMP_USED_OPEN_BUCKET_APPROX,True,29°C,32°C,30°C,0.445,30.0,30°C,0.445,0.0,,,,,,,,29.5,29.5,openmeteo_archive_proxy_fallback,30°C,False,False,True,,True
2026-08-17 00:35:07,Shanghai,2026-08-17,31.3,31.7,31°C,0.565,"{""33°C"": 0.065, ""34°C"": 0.0045, ""35°C or higher"": 0.0005, ""25°C or below"": 0.0005, ""26°C"": 0.0005, ""27°C"": 0.0005, ""28°C"": 0.0005, ""29°C"": 0.015, ""30°C"": 0.085, ""31°C"": 0.565, ""32°C"": 0.225}",3,,-8.59,-0.4,4c0f848f,0.4,,,31.26,-0.04,-0.44,0.565,0.225,0.0,-0.1,0.41,IMPLIED_TEMP_USED_OPEN_BUCKET_APPROX,True,31°C,32°C,31°C,0.565,32.8,33°C,0.065,0.0,,,,,,,,31.4,31.4,openmeteo_archive_proxy_fallback,31°C,True,False,False,,True
2026-08-17 00:35:07,Qingdao,2026-08-17,31.0,32.8,31°C,0.16,"{""28°C or below"": 0.0005, ""29°C"": 0.002, ""30°C"": 0.02, ""31°C"": 0.16, ""32°C"": 0.485, ""33°C"": 0.29, ""34°C"": 0.065, ""35°C"": 0.015, ""36°C"": 0.005, ""37°C"": 0.0025, ""38°C or higher"": 0.0005}",3,,-8.59,-1.8,4c0f848f,1.8,,,32.28,1.28,-0.52,0.16,0.29,0.0,0.0,-0.08,IMPLIED_TEMP_USED_OPEN_BUCKET_APPROX,True,31°C,33°C,32°C,0.485,31.2,31°C,0.16,0.0,,,,,,,,31.2,31.2,openmeteo_archive_proxy_fallback,31°C,True,False,True,,False
2026-08-17 00:35:07,Seoul,2026-08-17,29.0,27.5,29°C,0.345,"{""25°C"": 0.0005, ""26°C"": 0.028, ""27°C"": 0.14, ""29°C"": 0.345, ""33°C or higher"": 0.003, ""24°C"": 0.0005, ""23°C or below"": 0.0005, ""28°C"": 0.385, ""30°C"": 0.095, ""31°C"": 0.02, ""32°C"": 0.006}",3,,-9.59,1.5,4c0f848f,1.5,,,28.42,-0.58,0.92,0.345,0.385,0.0,-1.2,0.2,IMPLIED_TEMP_USED_OPEN_BUCKET_APPROX,True,29°C,28°C,28°C,0.385,26.3,26°C,0.028,0.0,,,,,,,,28.3,28.3,openmeteo_archive_proxy_fallback,28°C,False,True,False,,True
2026-08-17 00:35:07,Guangzhou,2026-08-17,32.2,36.8,32°C,0.17,"{""29°C or below"": 0.0005, ""30°C"": 0.0005, ""31°C"": 0.155, ""32°C"": 0.17, ""33°C"": 0.16, ""34°C"": 0.2, ""35°C"": 0.185, ""36°C"": 0.135, ""37°C"": 0.07, ""38°C"": 0.015, ""39°C or higher"": 0.0015}",3,,-8.59,-4.6,4c0f848f,4.6,,,33.78,1.58,-3.02,0.17,0.07,0.0,-0.1,-1.04,IMPLIED_TEMP_USED_OPEN_BUCKET_APPROX,True,32°C,37°C,34°C,0.2,33.1,33°C,0.16,0.0,,,,,,,,33.9,33.9,openmeteo_archive_proxy_fallback,34°C,False,False,False,,True
2026-08-17 00:35:07,Shenzhen,2026-08-17,32.7,36.3,33°C,0.18,"{""27°C or below"": 0.0005, ""28°C"": 0.0005, ""29°C"": 0.0005, ""31°C"": 0.03, ""32°C"": 0.085, ""35°C"": 0.28, ""37°C or higher"": 0.0145, ""30°C"": 0.0005, ""33°C"": 0.18, ""34°C"": 0.345, ""36°C"": 0.125}",3,,-8.59,-3.6,4c0f848f,3.6,,,34.12,1.42,-2.18,0.18,0.125,0.0,0.1,0.46,IMPLIED_TEMP_USED_OPEN_BUCKET_APPROX,True,33°C,36°C,34°C,0.345,32.2,32°C,0.085,0.0,,,,,,,,32.4,32.4,openmeteo_archive_proxy_fallback,32°C,False,False,True,,False
2026-08-17 00:35:07,New York,2026-08-16,26.9,27.8,80-81°F,0.9995,"{""72-73°F"": 0.0005, ""74-75°F"": 0.0005, ""82-83°F"": 0.0005, ""86-87°F"": 0.0005, ""90°F or higher"": 0.0005, ""71°F or below"": 0.0005, ""76-77°F"": 0.0005, ""78-79°F"": 0.0005, ""80-81°F"": 0.9995, ""84-85°F"": 0.0005, ""88-89°F"": 0.0005}",3,,-20.59,-0.9,4c0f848f,0.9,,,26.94,0.04,-0.86,0.9995,0.0005,0.0,0.0,0.0,IMPLIED_TEMP_USED_OPEN_BUCKET_APPROX,True,80-81°F,82-83°F,80-81°F,0.9995,26.2,78-79°F,0.0005,0.0,,,,,,,28.0,26.9,28.0,noaa_nws,82-83°F,False,True,False,,False
2026-08-17 00:35:07,Chicago,2026-08-16,29.3,28.1,84-85°F,0.9995,"{""77°F or below"": 0.0005, ""78-79°F"": 0.0005, ""80-81°F"": 0.0005, ""82-83°F"": 0.0005, ""84-85°F"": 0.9995, ""86-87°F"": 0.0005, ""88-89°F"": 0.0005, ""90-91°F"": 0.0005, ""92-93°F"": 0.0005, ""94-95°F"": 0.0005, ""96°F or higher"": 0.0005}",3,,-19.59,1.2,4c0f848f,1.2,,,29.17,-0.13,1.07,0.9995,0.0005,0.0,0.0,0.0,IMPLIED_TEMP_USED_OPEN_BUCKET_APPROX,True,84-85°F,82-83°F,84-85°F,0.9995,29.8,86-87°F,0.0005,0.0,,,,,,,30.0,29.6,30.0,noaa_nws,86-87°F,False,False,True,,False
2026-08-17 00:35:07,Miami,2026-08-16,33.1,33.4,92-93°F,0.9995,"{""100-101°F"": 0.0005, ""102-103°F"": 0.0005, ""104°F or higher"": 0.0005, ""85°F or below"": 0.0005, ""86-87°F"": 0.0005, ""88-89°F"": 0.0005, ""90-91°F"": 0.0005, ""92-93°F"": 0.9995, ""94-95°F"": 0.0005, ""96-97°F"": 0.0005, ""98-99°F"": 0.0005}",3,,-20.59,-0.3,4c0f848f,0.3,,,33.62,0.52,0.22,0.9995,0.9995,0.0,0.0,0.0,IMPLIED_TEMP_USED_OPEN_BUCKET_APPROX,True,92-93°F,92-93°F,92-93°F,0.9995,33.0,90-91°F,0.0005,0.0,,,,,,,34.0,33.5,34.0,noaa_nws,92-93°F,True,True,False,,True
2026-08-17 00:35:07,London,2026-08-17,25.5,26.5,26°C,0.575,"{""20°C or below"": 0.0005, ""21°C"": 0.0005, ""22°C"": 0.0005, ""23°C"": 0.0065, ""24°C"": 0.0195, ""25°C"": 0.145, ""26°C"": 0.575, ""27°C"": 0.255, ""28°C"": 0.035, ""29°C"": 0.004, ""30°C or higher"": 0.0005}",3,,-1.59,-1.0,4c0f848f,1.0,,,26.12,0.62,-0.38,0.575,0.575,0.0,-0.2,0.14,IMPLIED_TEMP_USED_OPEN_BUCKET_APPROX,True,26°C,26°C,26°C,0.575,26.4,26°C,0.575,0.0,,,,,,,,25.1,25.1,openmeteo_archive_proxy_fallback,25°C,False,False,False,,False
2026-08-17 00:35:07,Paris,2026-08-17,28.8,30.2,29°C,0.6,"{""24°C or below"": 0.0005, ""25°C"": 0.0005, ""26°C"": 0.004, ""27°C"": 0.06, ""33°C"": 0.0005, ""34°C or higher"": 0.0005, ""28°C"": 0.335, ""29°C"": 0.6, ""30°C"": 0.035, ""31°C"": 0.0015, ""32°C"": 0.0005}",3,,-2.59,-1.4,4c0f848f,1.4,,,28.59,-0.21,-1.61,0.6,0.035,0.0,-0.1,-0.02,IMPLIED_TEMP_USED_OPEN_BUCKET_APPROX,True,29°C,30°C,29°C,0.6,28.3,28°C,0.335,0.0,,,,,,,,29.2,29.2,openmeteo_archive_proxy_fallback,29°C,True,False,False,,True
2026-08-17 00:35:07,Ankara,2026-08-17,28.7,28.7,29°C,0.025,"{""24°C"": 0.0055, ""25°C"": 0.035, ""26°C"": 0.355, ""27°C"": 0.53, ""28°C"": 0.075, ""29°C"": 0.025, ""22°C or below"": 0.0005, ""23°C"": 0.0015, ""30°C"": 0.0075, ""31°C"": 0.0015, ""32°C or higher"": 0.0015}",3,,-3.59,0.0,4c0f848f,0.0,,,26.72,-1.98,-1.98,0.025,0.025,0.0,-0.5,-0.24,IMPLIED_TEMP_USED_OPEN_BUCKET_APPROX,True,29°C,29°C,27°C,0.53,27.3,27°C,0.53,-0.3,,,,,,,,28.8,28.8,openmeteo_archive_proxy_fallback,29°C,True,True,False,,False
2026-08-17 00:35:07,Buenos Aires,2026-08-16,18.0,16.4,18°C,0.9995,"{""13°C or below"": 0.0005, ""17°C"": 0.0005, ""18°C"": 0.9995, ""19°C"": 0.0005, ""23°C or higher"": 0.0005, ""20°C"": 0.0005, ""21°C"": 0.0005, ""22°C"": 0.0005, ""14°C"": 0.0005, ""15°C"": 0.0005, ""16°C"": 0.0005}",3,,-21.59,1.6,4c0f848f,1.6,,,18.0,0.0,1.6,0.9995,0.0005,0.0,0.1,0.0,IMPLIED_TEMP_USED_OPEN_BUCKET_APPROX,True,18°C,16°C,18°C,0.9995,17.5,18°C,0.9995,0.0,,,,,,,,17.7,17.7,openmeteo_archive_proxy_fallback,18°C,True,False,True,,True
2026-08-17 02:12:56,Hong Kong,2026-08-17,33.1,33.1,33°C,0.53,"{""31°C"": 0.006, ""32°C"": 0.13, ""33°C"": 0.53, ""34°C"": 0.335, ""35°C"": 0.0295, ""36°C"": 0.0105, ""37°C"": 0.0005, ""38°C or higher"": 0.0005, ""28°C or below"": 0.0005, ""29°C"": 0.0005, ""30°C"": 0.0015}",3,,-10.22,0.0,a01f0e80,0.0,,,33.27,0.17,0.17,0.53,0.53,1.9,0.0,0.42,IMPLIED_TEMP_USED_OPEN_BUCKET_APPROX,True,33°C,33°C,33°C,0.53,33.3,33°C,0.53,0.0,,,,,,,,31.8,31.8,openmeteo_archive_proxy_fallback,32°C,False,False,False,,False
2026-08-17 02:12:56,Tokyo,2026-08-17,29.2,31.7,29°C,0.295,"{""24°C or below"": 0.0005, ""32°C"": 0.0245, ""33°C"": 0.0065, ""34°C or higher"": 0.005, ""25°C"": 0.0005, ""26°C"": 0.016, ""27°C"": 0.055, ""28°C"": 0.18, ""29°C"": 0.295, ""30°C"": 0.365, ""31°C"": 0.125}",3,,-11.22,-2.5,a01f0e80,2.5,,,29.37,0.17,-2.33,0.295,0.0245,0.2,0.0,-0.36,IMPLIED_TEMP_USED_OPEN_BUCKET_APPROX,True,29°C,32°C,30°C,0.365,30.0,30°C,0.365,0.0,,,,,,,,29.5,29.5,openmeteo_archive_proxy_fallback,30°C,False,False,True,,True
2026-08-17 02:12:56,Shanghai,2026-08-17,31.4,31.7,31°C,0.455,"{""33°C"": 0.07, ""34°C"": 0.0065, ""35°C or higher"": 0.0005, ""25°C or below"": 0.0005, ""26°C"": 0.0005, ""27°C"": 0.0005, ""28°C"": 0.0005, ""29°C"": 0.0005, ""30°C"": 0.05, ""31°C"": 0.455, ""32°C"": 0.42}",3,,-10.22,-0.3,a01f0e80,0.3,,,31.52,0.12,-0.18,0.455,0.42,0.1,0.0,0.26,IMPLIED_TEMP_USED_OPEN_BUCKET_APPROX,True,31°C,32°C,31°C,0.455,32.8,33°C,0.07,0.0,,,,,,,,31.4,31.4,openmeteo_archive_proxy_fallback,31°C,True,False,False,,True
2026-08-17 02:12:56,Qingdao,2026-08-17,30.9,32.8,31°C,0.165,"{""28°C or below"": 0.0005, ""29°C"": 0.002, ""30°C"": 0.025, ""31°C"": 0.165, ""32°C"": 0.485, ""33°C"": 0.295, ""34°C"": 0.065, ""35°C"": 0.015, ""36°C"": 0.005, ""37°C"": 0.0025, ""38°C or higher"": 0.0005}",3,,-10.22,-1.9,a01f0e80,1.9,,,32.27,1.37,-0.53,0.165,0.295,-0.1,0.0,-0.01,IMPLIED_TEMP_USED_OPEN_BUCKET_APPROX,True,31°C,33°C,32°C,0.485,31.2,31°C,0.165,0.0,,,,,,,,31.2,31.2,openmeteo_archive_proxy_fallback,31°C,True,False,True,,False
2026-08-17 02:12:56,Seoul,2026-08-17,28.6,27.5,29°C,0.5,"{""25°C"": 0.0005, ""26°C"": 0.0005, ""27°C"": 0.0005, ""29°C"": 0.5, ""33°C or higher"": 0.005, ""24°C"": 0.0005, ""23°C or below"": 0.0005, ""28°C"": 0.37, ""30°C"": 0.13, ""31°C"": 0.0175, ""32°C"": 0.0095}",3,,-11.22,1.1,a01f0e80,1.1,,,28.84,0.24,1.34,0.5,0.37,-0.4,0.0,0.42,IMPLIED_TEMP_USED_OPEN_BUCKET_APPROX,True,29°C,28°C,29°C,0.5,26.3,26°C,0.0005,0.0,,,,,,,,28.3,28.3,openmeteo_archive_proxy_fallback,28°C,False,True,False,,False
2026-08-17 02:12:56,Guangzhou,2026-08-17,32.9,36.8,33°C,0.125,"{""29°C or below"": 0.0005, ""30°C"": 0.0005, ""31°C"": 0.028, ""32°C"": 0.07, ""33°C"": 0.125, ""34°C"": 0.19, ""35°C"": 0.3, ""36°C"": 0.175, ""37°C"": 0.085, ""38°C"": 0.006, ""39°C or higher"": 0.0015}",3,,-10.22,-3.9,a01f0e80,3.9,,,34.59,1.69,-2.21,0.125,0.085,0.7,0.0,0.81,IMPLIED_TEMP_USED_OPEN_BUCKET_APPROX,True,33°C,37°C,35°C,0.3,33.1,33°C,0.125,0.0,,,,,,,,33.9,33.9,openmeteo_archive_proxy_fallback,34°C,False,False,False,,False
2026-08-17 02:12:56,Shenzhen,2026-08-17,32.1,36.3,32°C,0.05,"{""27°C or below"": 0.0005, ""28°C"": 0.0005, ""29°C"": 0.0005, ""31°C"": 0.0005, ""32°C"": 0.05, ""35°C"": 0.255, ""37°C or higher"": 0.0425, ""30°C"": 0.0005, ""33°C"": 0.145, ""34°C"": 0.325, ""36°C"": 0.175}",3,,-10.22,-4.2,a01f0e80,4.2,,,34.5,2.4,-1.8,0.05,0.175,-0.6,0.0,0.38,IMPLIED_TEMP_USED_OPEN_BUCKET_APPROX,True,32°C,36°C,34°C,0.325,32.2,32°C,0.05,0.0,,,,,,,,32.4,32.4,openmeteo_archive_proxy_fallback,32°C,True,False,True,,False
2026-08-17 02:12:56,New York,2026-08-16,26.7,27.8,80-81°F,0.9995,"{""72-73°F"": 0.0005, ""74-75°F"": 0.0005, ""82-83°F"": 0.0005, ""86-87°F"": 0.0005, ""90°F or higher"": 0.0005, ""71°F or below"": 0.0005, ""76-77°F"": 0.0005, ""78-79°F"": 0.0005, ""80-81°F"": 0.9995, ""84-85°F"": 0.0005, ""88-89°F"": 0.0005}",3,,-22.22,-1.1,a01f0e80,1.1,,,26.94,0.24,-0.86,0.9995,0.0005,-0.2,0.0,0.0,IMPLIED_TEMP_USED_OPEN_BUCKET_APPROX,True,80-81°F,82-83°F,80-81°F,0.9995,26.2,78-79°F,0.0005,0.0,,,,,,,28.0,26.9,28.0,noaa_nws,82-83°F,False,True,False,,False
2026-08-17 02:12:56,Chicago,2026-08-16,28.9,28.1,84-85°F,0.9995,"{""77°F or below"": 0.0005, ""78-79°F"": 0.0005, ""80-81°F"": 0.0005, ""82-83°F"": 0.0005, ""84-85°F"": 0.9995, ""86-87°F"": 0.0005, ""88-89°F"": 0.0005, ""90-91°F"": 0.0005, ""92-93°F"": 0.0005, ""94-95°F"": 0.0005, ""96°F or higher"": 0.0005}",3,,-21.22,0.8,a01f0e80,0.8,,,29.17,0.27,1.07,0.9995,0.0005,-0.4,0.0,0.0,IMPLIED_TEMP_USED_OPEN_BUCKET_APPROX,True,84-85°F,82-83°F,84-85°F,0.9995,29.8,86-87°F,0.0005,0.0,,,,,,,30.0,29.6,30.0,noaa_nws,86-87°F,False,False,True,,False
2026-08-17 02:12:56,Miami,2026-08-16,33.2,33.4,92-93°F,0.9995,"{""100-101°F"": 0.0005, ""102-103°F"": 0.0005, ""104°F or higher"": 0.0005, ""85°F or below"": 0.0005, ""86-87°F"": 0.0005, ""88-89°F"": 0.0005, ""90-91°F"": 0.0005, ""92-93°F"": 0.9995, ""94-95°F"": 0.0005, ""96-97°F"": 0.0005, ""98-99°F"": 0.0005}",3,,-22.22,-0.2,a01f0e80,0.2,,,33.62,0.42,0.22,0.9995,0.9995,0.1,0.0,0.0,IMPLIED_TEMP_USED_OPEN_BUCKET_APPROX,True,92-93°F,92-93°F,92-93°F,0.9995,33.0,90-91°F,0.0005,0.0,,,,,,,34.0,33.5,34.0,noaa_nws,92-93°F,True,True,False,,True
2026-08-17 02:12:56,London,2026-08-17,25.3,26.5,25°C,0.34,"{""20°C or below"": 0.0005, ""21°C"": 0.0005, ""22°C"": 0.0005, ""23°C"": 0.0005, ""24°C"": 0.0195, ""25°C"": 0.34, ""26°C"": 0.5, ""27°C"": 0.145, ""28°C"": 0.025, ""29°C"": 0.0005, ""30°C or higher"": 0.0005}",3,,-3.22,-1.2,a01f0e80,1.2,,,25.82,0.52,-0.68,0.34,0.5,-0.2,0.0,-0.3,IMPLIED_TEMP_USED_OPEN_BUCKET_APPROX,True,25°C,26°C,26°C,0.5,26.4,26°C,0.5,0.0,,,,,,,,25.1,25.1,openmeteo_archive_proxy_fallback,25°C,True,False,False,,False
2026-08-17 02:12:56,Paris,2026-08-17,29.4,30.2,29°C,0.53,"{""24°C or below"": 0.0005, ""25°C"": 0.0005, ""26°C"": 0.004, ""27°C"": 0.03, ""33°C"": 0.0005, ""34°C or higher"": 0.0005, ""28°C"": 0.385, ""29°C"": 0.53, ""30°C"": 0.06, ""31°C"": 0.005, ""32°C"": 0.0005}",3,,-4.22,-0.8,a01f0e80,0.8,,,28.62,-0.78,-1.58,0.53,0.06,0.6,0.0,0.03,IMPLIED_TEMP_USED_OPEN_BUCKET_APPROX,True,29°C,30°C,29°C,0.53,28.3,28°C,0.385,0.0,,,,,,,,29.2,29.2,openmeteo_archive_proxy_fallback,29°C,True,False,False,,True
2026-08-17 02:12:56,Ankara,2026-08-17,28.5,28.7,28°C,0.065,"{""24°C"": 0.0055, ""25°C"": 0.04, ""26°C"": 0.395, ""27°C"": 0.51, ""28°C"": 0.065, ""29°C"": 0.025, ""22°C or below"": 0.0005, ""23°C"": 0.0015, ""30°C"": 0.0055, ""31°C"": 0.0015, ""32°C or higher"": 0.0015}",3,,-5.22,-0.2,a01f0e80,0.2,,,26.66,-1.84,-2.04,0.065,0.025,-0.2,0.0,-0.06,IMPLIED_TEMP_USED_OPEN_BUCKET_APPROX,True,28°C,29°C,27°C,0.51,27.3,27°C,0.51,0.0,,,,,,,,28.8,28.8,openmeteo_archive_proxy_fallback,29°C,False,True,False,,False
2026-08-17 02:12:56,Buenos Aires,2026-08-16,17.6,16.4,18°C,0.9995,"{""13°C or below"": 0.0005, ""17°C"": 0.0005, ""18°C"": 0.9995, ""19°C"": 0.0005, ""23°C or higher"": 0.0005, ""20°C"": 0.0005, ""21°C"": 0.0005, ""22°C"": 0.0005, ""14°C"": 0.0005, ""15°C"": 0.0005, ""16°C"": 0.0005}",3,,-23.22,1.2,a01f0e80,1.2,,,18.0,0.4,1.6,0.9995,0.0005,-0.4,0.0,0.0,IMPLIED_TEMP_USED_OPEN_BUCKET_APPROX,True,18°C,16°C,18°C,0.9995,17.5,18°C,0.9995,0.0,,,,,,,,17.7,17.7,openmeteo_archive_proxy_fallback,18°C,True,False,True,,True
2026-08-17 03:39:37,Hong Kong,2026-08-17,33.1,33.1,33°C,0.435,"{""31°C"": 0.0005, ""32°C"": 0.475, ""33°C"": 0.435, ""34°C"": 0.11, ""35°C"": 0.0075, ""36°C"": 0.002, ""37°C"": 0.0005, ""38°C or higher"": 0.0005, ""28°C or below"": 0.0005, ""29°C"": 0.0005, ""30°C"": 0.0005}",3,,-11.66,0.0,1a831048,0.0,,,32.66,-0.44,-0.44,0.435,0.435,0.0,0.0,-0.61,IMPLIED_TEMP_USED_OPEN_BUCKET_APPROX,True,33°C,33°C,32°C,0.475,33.3,33°C,0.435,0.0,,,,,,,,31.8,31.8,openmeteo_archive_proxy_fallback,32°C,False,False,False,,True
2026-08-17 03:39:37,Tokyo,2026-08-17,29.2,31.7,29°C,0.335,"{""24°C or below"": 0.0005, ""32°C"": 0.018, ""33°C"": 0.0045, ""34°C or higher"": 0.0005, ""25°C"": 0.0005, ""26°C"": 0.0005, ""27°C"": 0.055, ""28°C"": 0.095, ""29°C"": 0.335, ""30°C"": 0.455, ""31°C"": 0.1}",3,,-12.66,-2.5,1a831048,2.5,,,29.49,0.29,-2.21,0.335,0.018,0.0,0.0,0.12,IMPLIED_TEMP_USED_OPEN_BUCKET_APPROX,True,29°C,32°C,30°C,0.455,30.0,30°C,0.455,0.0,,,,,,,,29.5,29.5,openmeteo_archive_proxy_fallback,30°C,False,False,True,,True
2026-08-17 03:39:37,Shanghai,2026-08-17,31.4,31.7,31°C,0.38,"{""33°C"": 0.075, ""34°C"": 0.005, ""35°C or higher"": 0.0005, ""25°C or below"": 0.0005, ""26°C"": 0.0005, ""27°C"": 0.0005, ""28°C"": 0.0005, ""29°C"": 0.0005, ""30°C"": 0.0005, ""31°C"": 0.38, ""32°C"": 0.515}",3,,-11.66,-0.3,1a831048,0.3,,,31.69,0.29,-0.01,0.38,0.515,0.0,0.0,0.17,IMPLIED_TEMP_USED_OPEN_BUCKET_APPROX,True,31°C,32°C,32°C,0.515,32.8,33°C,0.075,0.0,,,,,,,,31.4,31.4,openmeteo_archive_proxy_fallback,31°C,True,False,False,,False
2026-08-17 03:39:37,Qingdao,2026-08-17,30.9,32.8,31°C,0.37,"{""28°C or below"": 0.0005, ""29°C"": 0.0005, ""30°C"": 0.11, ""31°C"": 0.37, ""32°C"": 0.425, ""33°C"": 0.095, ""34°C"": 0.012, ""35°C"": 0.011, ""36°C"": 0.0005, ""37°C"": 0.002, ""38°C or higher"": 0.0005}",3,,-11.66,-1.9,1a831048,1.9,,,31.58,0.68,-1.22,0.37,0.095,0.0,0.0,-0.69,IMPLIED_TEMP_USED_OPEN_BUCKET_APPROX,True,31°C,33°C,32°C,0.425,31.2,31°C,0.37,0.0,,,,,,,,31.2,31.2,openmeteo_archive_proxy_fallback,31°C,True,False,True,,False
2026-08-17 03:39:37,Seoul,2026-08-17,28.6,27.5,29°C,0.225,"{""25°C"": 0.0005, ""26°C"": 0.0005, ""27°C"": 0.0005, ""29°C"": 0.225, ""33°C or higher"": 0.003, ""24°C"": 0.0005, ""23°C or below"": 0.0005, ""28°C"": 0.71, ""30°C"": 0.05, ""31°C"": 0.009, ""32°C"": 0.005}",3,,-12.66,1.1,1a831048,1.1,,,28.38,-0.22,0.88,0.225,0.71,0.0,0.0,-0.46,IMPLIED_TEMP_USED_OPEN_BUCKET_APPROX,True,29°C,28°C,28°C,0.71,26.3,26°C,0.0005,0.0,,,,,,,,28.3,28.3,openmeteo_archive_proxy_fallback,28°C,False,True,False,,True
2026-08-17 03:39:37,Guangzhou,2026-08-17,32.9,36.8,33°C,0.205,"{""29°C or below"": 0.0005, ""30°C"": 0.0005, ""31°C"": 0.0695, ""32°C"": 0.125, ""33°C"": 0.205, ""34°C"": 0.215, ""35°C"": 0.225, ""36°C"": 0.17, ""37°C"": 0.025, ""38°C"": 0.004, ""39°C or higher"": 0.0015}",3,,-11.66,-3.9,1a831048,3.9,,,34.0,1.1,-2.8,0.205,0.025,0.0,0.0,-0.59,IMPLIED_TEMP_USED_OPEN_BUCKET_APPROX,True,33°C,37°C,35°C,0.225,33.1,33°C,0.205,0.0,,,,,,,,33.9,33.9,openmeteo_archive_proxy_fallback,34°C,False,False,False,,False
2026-08-17 03:39:37,Shenzhen,2026-08-17,32.1,36.3,32°C,0.0005,"{""27°C or below"": 0.0005, ""28°C"": 0.0005, ""29°C"": 0.0005, ""31°C"": 0.0005, ""32°C"": 0.0005, ""35°C"": 0.115, ""37°C or higher"": 0.0045, ""30°C"": 0.0005, ""33°C"": 0.635, ""34°C"": 0.225, ""36°C"": 0.035}",3,,-11.66,-4.2,1a831048,4.2,,,33.56,1.46,-2.74,0.0005,0.035,0.0,0.0,-0.94,IMPLIED_TEMP_USED_OPEN_BUCKET_APPROX,True,32°C,36°C,33°C,0.635,32.2,32°C,0.0005,0.0,,,,,,,,32.4,32.4,openmeteo_archive_proxy_fallback,32°C,True,False,True,,False
2026-08-17 03:39:37,New York,2026-08-16,26.7,27.8,80-81°F,0.9995,"{""72-73°F"": 0.0005, ""74-75°F"": 0.0005, ""82-83°F"": 0.0005, ""86-87°F"": 0.0005, ""90°F or higher"": 0.0005, ""71°F or below"": 0.0005, ""76-77°F"": 0.0005, ""78-79°F"": 0.0005, ""80-81°F"": 0.9995, ""84-85°F"": 0.0005, ""88-89°F"": 0.0005}",3,,-23.66,-1.1,1a831048,1.1,,,26.94,0.24,-0.86,0.9995,0.0005,0.0,0.0,0.0,IMPLIED_TEMP_USED_OPEN_BUCKET_APPROX,True,80-81°F,82-83°F,80-81°F,0.9995,26.2,78-79°F,0.0005,0.0,,,,,,,28.0,26.9,28.0,noaa_nws,82-83°F,False,True,False,,False
2026-08-17 03:39:37,Chicago,2026-08-16,28.9,28.1,84-85°F,0.9995,"{""77°F or below"": 0.0005, ""78-79°F"": 0.0005, ""80-81°F"": 0.0005, ""82-83°F"": 0.0005, ""84-85°F"": 0.9995, ""86-87°F"": 0.0005, ""88-89°F"": 0.0005, ""90-91°F"": 0.0005, ""92-93°F"": 0.0005, ""94-95°F"": 0.0005, ""96°F or higher"": 0.0005}",3,,-22.66,0.8,1a831048,0.8,,,29.17,0.27,1.07,0.9995,0.0005,0.0,0.0,0.0,IMPLIED_TEMP_USED_OPEN_BUCKET_APPROX,True,84-85°F,82-83°F,84-85°F,0.9995,29.8,86-87°F,0.0005,0.0,,,,,,,30.0,29.6,30.0,noaa_nws,86-87°F,False,False,True,,False
2026-08-17 03:39:37,Miami,2026-08-16,33.2,33.4,92-93°F,0.9995,"{""100-101°F"": 0.0005, ""102-103°F"": 0.0005, ""104°F or higher"": 0.0005, ""85°F or below"": 0.0005, ""86-87°F"": 0.0005, ""88-89°F"": 0.0005, ""90-91°F"": 0.0005, ""92-93°F"": 0.9995, ""94-95°F"": 0.0005, ""96-97°F"": 0.0005, ""98-99°F"": 0.0005}",3,,-23.66,-0.2,1a831048,0.2,,,33.62,0.42,0.22,0.9995,0.9995,0.0,0.0,0.0,IMPLIED_TEMP_USED_OPEN_BUCKET_APPROX,True,92-93°F,92-93°F,92-93°F,0.9995,33.0,90-91°F,0.0005,0.0,,,,,,,34.0,33.5,34.0,noaa_nws,92-93°F,True,True,False,,True
2026-08-17 03:39:37,London,2026-08-17,25.3,26.5,25°C,0.33,"{""20°C or below"": 0.0005, ""21°C"": 0.0005, ""22°C"": 0.0005, ""23°C"": 0.0005, ""24°C"": 0.026, ""25°C"": 0.33, ""26°C"": 0.495, ""27°C"": 0.155, ""28°C"": 0.015, ""29°C"": 0.0005, ""30°C or higher"": 0.0005}",3,,-4.66,-1.2,1a831048,1.2,,,25.8,0.5,-0.7,0.33,0.495,0.0,0.0,-0.02,IMPLIED_TEMP_USED_OPEN_BUCKET_APPROX,True,25°C,26°C,26°C,0.495,26.4,26°C,0.495,0.0,,,,,,,,25.1,25.1,openmeteo_archive_proxy_fallback,25°C,True,False,False,,False
2026-08-17 03:39:37,Paris,2026-08-17,29.4,30.2,29°C,0.505,"{""24°C or below"": 0.0005, ""25°C"": 0.0005, ""26°C"": 0.005, ""27°C"": 0.03, ""33°C"": 0.0005, ""34°C or higher"": 0.0005, ""28°C"": 0.38, ""29°C"": 0.505, ""30°C"": 0.055, ""31°C"": 0.005, ""32°C"": 0.0005}",3,,-5.66,-0.8,1a831048,0.8,,,28.6,-0.8,-1.6,0.505,0.055,0.0,0.0,-0.02,IMPLIED_TEMP_USED_OPEN_BUCKET_APPROX,True,29°C,30°C,29°C,0.505,28.3,28°C,0.38,0.0,,,,,,,,29.2,29.2,openmeteo_archive_proxy_fallback,29°C,True,False,False,,True
2026-08-17 03:39:37,Ankara,2026-08-17,28.5,28.7,28°C,0.065,"{""24°C"": 0.0055, ""25°C"": 0.045, ""26°C"": 0.4, ""27°C"": 0.5, ""28°C"": 0.065, ""29°C"": 0.02, ""22°C or below"": 0.0005, ""23°C"": 0.0015, ""30°C"": 0.006, ""31°C"": 0.0015, ""32°C or higher"": 0.0015}",3,,-6.66,-0.2,1a831048,0.2,,,26.64,-1.86,-2.06,0.065,0.02,0.0,0.0,-0.02,IMPLIED_TEMP_USED_OPEN_BUCKET_APPROX,True,28°C,29°C,27°C,0.5,27.3,27°C,0.5,0.0,,,,,,,,28.8,28.8,openmeteo_archive_proxy_fallback,29°C,False,True,False,,False
2026-08-17 03:39:37,Buenos Aires,2026-08-17,14.4,15.5,14°C,0.0015,"{""9°C or below"": 0.0005, ""10°C"": 0.0005, ""11°C"": 0.0005, ""12°C"": 0.0005, ""13°C"": 0.0005, ""14°C"": 0.0015, ""15°C"": 0.715, ""16°C"": 0.23, ""17°C"": 0.015, ""18°C"": 0.0125, ""19°C or higher"": 0.0015}",3,,-0.66,-1.1,1a831048,1.1,,,15.3,0.9,-0.2,0.0015,0.23,-3.2,-0.9,-2.7,IMPLIED_TEMP_USED_OPEN_BUCKET_APPROX,True,14°C,16°C,15°C,0.715,13.2,13°C,0.0005,-4.3,,,,,,,,14.3,14.3,openmeteo_archive_proxy_fallback,14°C,True,False,False,,False
2026-08-17 03:58:56,Hong Kong,2026-08-17,33.1,33.1,33°C,0.155,"{""31°C"": 0.0005, ""32°C"": 0.825, ""33°C"": 0.155, ""34°C"": 0.025, ""35°C"": 0.008, ""36°C"": 0.0005, ""37°C"": 0.0005, ""38°C or higher"": 0.0005, ""28°C or below"": 0.0005, ""29°C"": 0.0005, ""30°C"": 0.0005}",4,,-11.98,0.0,6639c1bd,0.0,,,32.23,-0.87,-0.87,0.155,0.155,0.0,0.0,-0.43,IMPLIED_TEMP_USED_OPEN_BUCKET_APPROX,True,33°C,33°C,32°C,0.825,33.3,33°C,0.155,0.0,,,12.02,,,,,31.8,31.8,openmeteo_archive_proxy_fallback,32°C,False,False,False,,True
2026-08-17 03:58:56,Hong Kong,2026-08-18,30.3,29.9,30°C,0.145,"{""26°C or below"": 0.0015, ""27°C"": 0.002, ""28°C"": 0.0035, ""29°C"": 0.03, ""30°C"": 0.145, ""31°C"": 0.345, ""32°C"": 0.315, ""33°C"": 0.125, ""34°C"": 0.015, ""35°C"": 0.0065, ""36°C or higher"": 0.0015}",4,,12.02,0.4,6639c1bd,0.4,,,31.42,1.12,1.52,0.145,0.145,,,,IMPLIED_TEMP_USED_OPEN_BUCKET_APPROX,True,30°C,30°C,31°C,0.345,31.7,32°C,0.315,,,,36.02,,,,,,,,,,,,,
2026-08-17 03:58:56,Tokyo,2026-08-17,29.2,31.7,29°C,0.395,"{""24°C or below"": 0.0005, ""32°C"": 0.0215, ""33°C"": 0.0045, ""34°C or higher"": 0.0005, ""25°C"": 0.0005, ""26°C"": 0.0005, ""27°C"": 0.04, ""28°C"": 0.17, ""29°C"": 0.395, ""30°C"": 0.26, ""31°C"": 0.055}",4,,-12.98,-2.5,6639c1bd,2.5,,,29.21,0.01,-2.49,0.395,0.0215,0.0,0.0,-0.28,IMPLIED_TEMP_USED_OPEN_BUCKET_APPROX,True,29°C,32°C,29°C,0.395,30.0,30°C,0.26,0.0,JMA,30.2,11.02,30°C,0.26,,,29.5,29.5,openmeteo_archive_proxy_fallback,30°C,False,False,True,True,False
2026-08-17 03:58:56,Tokyo,2026-08-18,29.1,31.9,29°C,0.105,"{""26°C"": 0.003, ""28°C"": 0.02, ""29°C"": 0.105, ""30°C"": 0.375, ""31°C"": 0.405, ""32°C"": 0.095, ""33°C"": 0.015, ""34°C"": 0.015, ""35°C or higher"": 0.006, ""27°C"": 0.0065, ""25°C or below"": 0.0005}",4,,11.02,-2.8,6639c1bd,2.8,,,30.53,1.43,-1.37,0.105,0.095,,,,IMPLIED_TEMP_USED_OPEN_BUCKET_APPROX,True,29°C,32°C,31°C,0.405,31.1,31°C,0.405,,JMA,30.5,35.02,30°C,0.375,,,,,,,,,,,
2026-08-17 03:58:56,Shanghai,2026-08-17,31.4,31.7,31°C,0.485,"{""33°C"": 0.055, ""34°C"": 0.005, ""35°C or higher"": 0.0005, ""25°C or below"": 0.0005, ""26°C"": 0.0005, ""27°C"": 0.0005, ""28°C"": 0.0005, ""29°C"": 0.0005, ""30°C"": 0.0005, ""31°C"": 0.485, ""32°C"": 0.45}",4,,-11.98,-0.3,6639c1bd,0.3,,,31.57,0.17,-0.13,0.485,0.45,0.0,0.0,-0.12,IMPLIED_TEMP_USED_OPEN_BUCKET_APPROX,True,31°C,32°C,31°C,0.485,32.8,33°C,0.055,0.0,,,12.02,,,,,31.4,31.4,openmeteo_archive_proxy_fallback,31°C,True,False,False,,True
2026-08-17 03:58:56,Shanghai,2026-08-18,29.9,30.8,30°C,0.135,"{""31°C"": 0.455, ""32°C"": 0.295, ""33°C"": 0.035, ""34°C"": 0.015, ""35°C"": 0.003, ""36°C or higher"": 0.0005, ""26°C or below"": 0.0005, ""27°C"": 0.0015, ""28°C"": 0.015, ""29°C"": 0.025, ""30°C"": 0.135}",4,,12.02,-0.9,6639c1bd,0.9,,,31.19,1.29,0.39,0.135,0.455,,,,IMPLIED_TEMP_USED_OPEN_BUCKET_APPROX,True,30°C,31°C,31°C,0.455,31.9,32°C,0.295,,,,36.02,,,,,,,,,,,,,
2026-08-17 03:58:56,Qingdao,2026-08-17,30.9,32.8,31°C,0.375,"{""28°C or below"": 0.0005, ""29°C"": 0.0005, ""30°C"": 0.13, ""31°C"": 0.375, ""32°C"": 0.425, ""33°C"": 0.095, ""34°C"": 0.0175, ""35°C"": 0.01, ""36°C"": 0.0005, ""37°C"": 0.002, ""38°C or higher"": 0.0005}",4,,-11.98,-1.9,6639c1bd,1.9,,,31.56,0.66,-1.24,0.375,0.095,0.0,0.0,-0.02,IMPLIED_TEMP_USED_OPEN_BUCKET_APPROX,True,31°C,33°C,32°C,0.425,31.2,31°C,0.375,0.0,,,12.02,,,,,31.2,31.2,openmeteo_archive_proxy_fallback,31°C,True,False,True,,False
2026-08-17 03:58:56,Qingdao,2026-08-18,33.1,31.7,33°C,0.395,"{""30°C"": 0.008, ""31°C"": 0.055, ""32°C"": 0.225, ""33°C"": 0.395, ""34°C"": 0.23, ""35°C"": 0.06, ""36°C"": 0.015, ""37°C or higher"": 0.005, ""27°C or below"": 0.0015, ""28°C"": 0.0025, ""29°C"": 0.006}",4,,12.02,1.4,6639c1bd,1.4,,,33.01,-0.09,1.31,0.395,0.225,,,,IMPLIED_TEMP_USED_OPEN_BUCKET_APPROX,True,33°C,32°C,33°C,0.395,31.7,32°C,0.225,,,,36.02,,,,,,,,,,,,,
2026-08-17 03:58:56,Seoul,2026-08-17,28.6,27.5,29°C,0.26,"{""25°C"": 0.0005, ""26°C"": 0.0005, ""27°C"": 0.0005, ""29°C"": 0.26, ""33°C or higher"": 0.003, ""24°C"": 0.0005, ""23°C or below"": 0.0005, ""28°C"": 0.71, ""30°C"": 0.05, ""31°C"": 0.0065, ""32°C"": 0.005}",4,,-12.98,1.1,6639c1bd,1.1,,,28.39,-0.21,0.89,0.26,0.71,0.0,0.0,0.01,IMPLIED_TEMP_USED_OPEN_BUCKET_APPROX,True,29°C,28°C,28°C,0.71,26.3,26°C,0.0005,0.0,,,11.02,,,,,28.3,28.3,openmeteo_archive_proxy_fallback,28°C,False,True,False,,True
2026-08-17 03:58:56,Seoul,2026-08-18,30.2,31.7,30°C,0.505,"{""26°C"": 0.0055, ""27°C"": 0.015, ""28°C"": 0.05, ""29°C"": 0.315, ""30°C"": 0.505, ""23°C or below"": 0.0005, ""24°C"": 0.0005, ""25°C"": 0.0025, ""31°C"": 0.105, ""32°C"": 0.035, ""33°C or higher"": 0.006}",4,,11.02,-1.5,6639c1bd,1.5,,,29.71,-0.49,-1.99,0.505,0.035,,,,IMPLIED_TEMP_USED_OPEN_BUCKET_APPROX,True,30°C,32°C,30°C,0.505,31.2,31°C,0.105,,,,35.02,,,,,,,,,,,,,
2026-08-17 03:58:56,Guangzhou,2026-08-17,32.9,36.8,33°C,0.255,"{""29°C or below"": 0.0005, ""30°C"": 0.0005, ""31°C"": 0.0665, ""32°C"": 0.18, ""33°C"": 0.255, ""34°C"": 0.155, ""35°C"": 0.185, ""36°C"": 0.115, ""37°C"": 0.03, ""38°C"": 0.004, ""39°C or higher"": 0.0005}",4,,-11.98,-3.9,6639c1bd,3.9,,,33.7,0.8,-3.1,0.255,0.03,0.0,0.0,-0.3,IMPLIED_TEMP_USED_OPEN_BUCKET_APPROX,True,33°C,37°C,33°C,0.255,33.1,33°C,0.255,0.0,,,12.02,,,,,33.9,33.9,openmeteo_archive_proxy_fallback,34°C,False,False,False,,False
2026-08-17 03:58:56,Guangzhou,2026-08-18,30.3,34.5,30°C,0.0045,"{""35°C"": 0.35, ""36°C"": 0.18, ""37°C or higher"": 0.0285, ""27°C or below"": 0.0025, ""28°C"": 0.0025, ""29°C"": 0.003, ""30°C"": 0.0045, ""31°C"": 0.015, ""32°C"": 0.04, ""33°C"": 0.135, ""34°C"": 0.285}",4,,12.02,-4.2,6639c1bd,4.2,,,34.46,4.16,-0.04,0.0045,0.285,,,,IMPLIED_TEMP_USED_OPEN_BUCKET_APPROX,True,30°C,34°C,35°C,0.35,33.3,33°C,0.135,,,,36.02,,,,,,,,,,,,,
2026-08-17 03:58:56,Shenzhen,2026-08-17,32.1,36.3,32°C,0.0005,"{""27°C or below"": 0.0005, ""28°C"": 0.0005, ""29°C"": 0.0005, ""31°C"": 0.0005, ""32°C"": 0.0005, ""35°C"": 0.11, ""37°C or higher"": 0.005, ""30°C"": 0.0005, ""33°C"": 0.6, ""34°C"": 0.215, ""36°C"": 0.075}",4,,-11.98,-4.2,6639c1bd,4.2,,,33.67,1.57,-2.63,0.0005,0.075,0.0,0.0,0.11,IMPLIED_TEMP_USED_OPEN_BUCKET_APPROX,True,32°C,36°C,33°C,0.6,32.5,32°C,0.0005,0.3,,,12.02,,,,,32.4,32.4,openmeteo_archive_proxy_fallback,32°C,True,False,True,,False
2026-08-17 03:58:56,Shenzhen,2026-08-18,30.8,33.3,31°C,0.27,"{""26°C or below"": 0.0005, ""28°C"": 0.012, ""27°C"": 0.0035, ""32°C"": 0.315, ""33°C"": 0.2, ""34°C"": 0.09, ""35°C"": 0.0185, ""36°C or higher"": 0.0035, ""29°C"": 0.03, ""30°C"": 0.08, ""31°C"": 0.27}",4,,12.02,-2.5,6639c1bd,2.5,,,31.87,1.07,-1.43,0.27,0.2,,,,IMPLIED_TEMP_USED_OPEN_BUCKET_APPROX,True,31°C,33°C,32°C,0.315,31.8,32°C,0.315,,,,36.02,,,,,,,,,,,,,
2026-08-17 03:58:56,New York,2026-08-17,28.5,30.8,82-83°F,0.335,"{""80-81°F"": 0.095, ""82-83°F"": 0.335, ""84-85°F"": 0.415, ""86-87°F"": 0.095, ""88-89°F"": 0.025, ""90-91°F"": 0.0015, ""92-93°F"": 0.0005, ""75°F or below"": 0.0075, ""76-77°F"": 0.0145, ""78-79°F"": 0.065, ""94°F or higher"": 0.0005}",4,,0.02,-2.3,6639c1bd,2.3,,,28.47,-0.03,-2.33,0.335,0.095,,,,IMPLIED_TEMP_USED_OPEN_BUCKET_APPROX,True,82-83°F,86-87°F,84-85°F,0.415,26.7,80-81°F,0.095,,,,24.02,,,,22.0,28.9,22.0,noaa_nws,75°F or below,False,False,False,,False
2026-08-17 03:58:56,New York,2026-08-18,29.4,29.5,84-85°F,0.145,"{""75°F or below"": 0.003, ""76-77°F"": 0.0035, ""78-79°F"": 0.0055, ""80-81°F"": 0.03, ""82-83°F"": 0.07, ""84-85°F"": 0.145, ""86-87°F"": 0.555, ""88-89°F"": 0.18, ""90-91°F"": 0.045, ""92-93°F"": 0.04, ""94°F or higher"": 0.0055}",4,,24.02,-0.1,6639c1bd,0.1,,,30.26,0.86,0.76,0.145,0.145,,,,IMPLIED_TEMP_USED_OPEN_BUCKET_APPROX,True,84-85°F,84-85°F,86-87°F,0.555,28.4,82-83°F,0.07,,,,48.02,,,,,,,,,,,,,
2026-08-17 03:58:56,Chicago,2026-08-16,28.9,28.1,84-85°F,0.9995,"{""77°F or below"": 0.0005, ""78-79°F"": 0.0005, ""80-81°F"": 0.0005, ""82-83°F"": 0.0005, ""84-85°F"": 0.9995, ""86-87°F"": 0.0005, ""88-89°F"": 0.0005, ""90-91°F"": 0.0005, ""92-93°F"": 0.0005, ""94-95°F"": 0.0005, ""96°F or higher"": 0.0005}",4,,-22.98,0.8,6639c1bd,0.8,,,29.17,0.27,1.07,0.9995,0.0005,0.0,0.0,0.0,IMPLIED_TEMP_USED_OPEN_BUCKET_APPROX,True,84-85°F,82-83°F,84-85°F,0.9995,29.8,86-87°F,0.0005,0.0,,,1.02,,,,30.0,29.6,30.0,noaa_nws,86-87°F,False,False,True,,False
2026-08-17 03:58:56,Chicago,2026-08-17,23.6,23.0,74-75°F,0.0075,"{""73°F or below"": 0.0015, ""74-75°F"": 0.0075, ""76-77°F"": 0.07, ""78-79°F"": 0.315, ""80-81°F"": 0.515, ""82-83°F"": 0.085, ""84-85°F"": 0.015, ""86-87°F"": 0.015, ""88-89°F"": 0.002, ""90-91°F"": 0.0005, ""92°F or higher"": 0.0005}",4,,1.02,0.6,6639c1bd,0.6,,,26.61,3.01,3.61,0.0075,0.0015,,,,IMPLIED_TEMP_USED_OPEN_BUCKET_APPROX,True,74-75°F,73°F or below,80-81°F,0.515,25.0,76-77°F,0.07,,,,25.02,,,,,23.6,23.6,openmeteo_archive_proxy_fallback,74-75°F,True,False,False,,False
2026-08-17 03:58:56,Chicago,2026-08-18,26.9,26.3,80-81°F,0.29,"{""71°F or below"": 0.003, ""72-73°F"": 0.006, ""74-75°F"": 0.02, ""76-77°F"": 0.035, ""78-79°F"": 0.12, ""80-81°F"": 0.29, ""82-83°F"": 0.28, ""84-85°F"": 0.13, ""86-87°F"": 0.03, ""88-89°F"": 0.006, ""90°F or higher"": 0.003}",4,,25.02,0.6,6639c1bd,0.6,,,27.4,0.5,1.1,0.29,0.12,,,,IMPLIED_TEMP_USED_OPEN_BUCKET_APPROX,True,80-81°F,78-79°F,80-81°F,0.29,27.9,82-83°F,0.28,,,,49.02,,,,,,,,,,,,,
2026-08-17 03:58:56,Miami,2026-08-17,33.7,32.9,92-93°F,0.055,"{""90-91°F"": 0.015, ""92-93°F"": 0.055, ""94-95°F"": 0.46, ""96-97°F"": 0.415, ""98-99°F"": 0.055, ""100-101°F"": 0.01, ""102-103°F"": 0.003, ""104-105°F"": 0.0005, ""106-107°F"": 0.0005, ""108°F or higher"": 0.0005, ""89°F or below"": 0.004}",4,,0.02,0.8,6639c1bd,0.8,,,35.24,1.54,2.34,0.055,0.015,,,,IMPLIED_TEMP_USED_OPEN_BUCKET_APPROX,True,92-93°F,90-91°F,94-95°F,0.46,34.0,92-93°F,0.055,,,,24.02,,,,29.0,33.2,29.0,noaa_nws,89°F or below,False,False,False,,False
2026-08-17 03:58:56,Miami,2026-08-18,35.2,35.3,94-95°F,0.055,"{""98-99°F"": 0.535, ""100-101°F"": 0.185, ""102-103°F"": 0.055, ""104-105°F"": 0.01, ""106-107°F"": 0.0025, ""108-109°F"": 0.002, ""110°F or higher"": 0.002, ""91°F or below"": 0.0015, ""92-93°F"": 0.015, ""94-95°F"": 0.055, ""96-97°F"": 0.215}",4,,24.02,-0.1,6639c1bd,0.1,,,36.92,1.72,1.62,0.055,0.215,,,,IMPLIED_TEMP_USED_OPEN_BUCKET_APPROX,True,94-95°F,96-97°F,98-99°F,0.535,36.9,98-99°F,0.535,,,,48.02,,,,,,,,,,,,,
2026-08-17 03:58:56,London,2026-08-17,25.3,26.5,25°C,0.32,"{""20°C or below"": 0.0005, ""21°C"": 0.0005, ""22°C"": 0.0005, ""23°C"": 0.0005, ""24°C"": 0.0255, ""25°C"": 0.32, ""26°C"": 0.495, ""27°C"": 0.19, ""28°C"": 0.015, ""29°C"": 0.0005, ""30°C or higher"": 0.0005}",4,,-4.98,-1.2,6639c1bd,1.2,,,25.85,0.55,-0.65,0.32,0.495,0.0,0.0,0.05,IMPLIED_TEMP_USED_OPEN_BUCKET_APPROX,True,25°C,26°C,26°C,0.495,26.4,26°C,0.495,0.0,UKMO,26.4,19.02,26°C,0.495,,,25.1,25.1,openmeteo_archive_proxy_fallback,25°C,True,False,False,False,False
2026-08-17 03:58:56,London,2026-08-18,25.3,26.2,25°C,0.42,"{""22°C or below"": 0.025, ""23°C"": 0.065, ""24°C"": 0.205, ""25°C"": 0.42, ""26°C"": 0.225, ""27°C"": 0.065, ""28°C"": 0.025, ""29°C"": 0.0035, ""30°C"": 0.0005, ""31°C"": 0.0005, ""32°C or higher"": 0.0005}",4,,19.02,-0.9,6639c1bd,0.9,,,25.03,-0.27,-1.17,0.42,0.225,,,,IMPLIED_TEMP_USED_OPEN_BUCKET_APPROX,True,25°C,26°C,25°C,0.42,25.1,25°C,0.42,,UKMO,25.3,43.02,25°C,0.42,,,,,,,,,,,
2026-08-17 03:58:56,Paris,2026-08-17,29.4,30.2,29°C,0.505,"{""24°C or below"": 0.0005, ""25°C"": 0.0005, ""26°C"": 0.005, ""27°C"": 0.03, ""33°C"": 0.0005, ""34°C or higher"": 0.0005, ""28°C"": 0.36, ""29°C"": 0.505, ""30°C"": 0.06, ""31°C"": 0.005, ""32°C"": 0.0005}",4,,-5.98,-0.8,6639c1bd,0.8,,,28.62,-0.78,-1.58,0.505,0.06,0.0,0.0,0.02,IMPLIED_TEMP_USED_OPEN_BUCKET_APPROX,True,29°C,30°C,29°C,0.505,28.3,28°C,0.36,0.0,MeteoFrance,29.5,18.02,30°C,0.06,,,29.2,29.2,openmeteo_archive_proxy_fallback,29°C,True,False,False,False,True
2026-08-17 03:58:56,Paris,2026-08-18,28.4,28.4,28°C,0.485,"{""25°C or below"": 0.015, ""26°C"": 0.07, ""27°C"": 0.335, ""28°C"": 0.485, ""29°C"": 0.075, ""30°C"": 0.03, ""31°C"": 0.008, ""32°C"": 0.0015, ""33°C"": 0.0005, ""34°C"": 0.0005, ""35°C or higher"": 0.0005}",4,,18.02,0.0,6639c1bd,0.0,,,27.65,-0.75,-0.75,0.485,0.485,,,,IMPLIED_TEMP_USED_OPEN_BUCKET_APPROX,True,28°C,28°C,28°C,0.485,27.2,27°C,0.335,,MeteoFrance,28.6,42.02,29°C,0.075,,,,,,,,,,,
2026-08-17 03:58:56,Ankara,2026-08-17,28.5,28.7,28°C,0.065,"{""24°C"": 0.0055, ""25°C"": 0.045, ""26°C"": 0.395, ""27°C"": 0.485, ""28°C"": 0.065, ""29°C"": 0.015, ""22°C or below"": 0.0005, ""23°C"": 0.0015, ""30°C"": 0.006, ""31°C"": 0.0005, ""32°C or higher"": 0.0015}",4,,-6.98,-0.2,6639c1bd,0.2,,,26.62,-1.88,-2.08,0.065,0.015,0.0,0.0,-0.02,IMPLIED_TEMP_USED_OPEN_BUCKET_APPROX,True,28°C,29°C,27°C,0.485,27.3,27°C,0.485,0.0,,,17.02,,,,,28.8,28.8,openmeteo_archive_proxy_fallback,29°C,False,True,False,,False
2026-08-17 03:58:56,Ankara,2026-08-18,30.3,30.2,30°C,0.47,"{""25°C or below"": 0.0025, ""27°C"": 0.0085, ""26°C"": 0.0035, ""28°C"": 0.035, ""29°C"": 0.395, ""30°C"": 0.47, ""31°C"": 0.105, ""32°C"": 0.015, ""33°C"": 0.006, ""34°C"": 0.0015, ""35°C or higher"": 0.0025}",4,,17.02,0.1,6639c1bd,0.1,,,29.67,-0.63,-0.53,0.47,0.47,,,,IMPLIED_TEMP_USED_OPEN_BUCKET_APPROX,True,30°C,30°C,30°C,0.47,29.3,29°C,0.395,,,,41.02,,,,,,,,,,,,,
2026-08-17 03:58:56,Buenos Aires,2026-08-17,14.4,15.5,14°C,0.0015,"{""9°C or below"": 0.0005, ""10°C"": 0.0005, ""11°C"": 0.0005, ""12°C"": 0.0005, ""13°C"": 0.0015, ""14°C"": 0.0015, ""15°C"": 0.64, ""16°C"": 0.3, ""17°C"": 0.015, ""18°C"": 0.0125, ""19°C or higher"": 0.002}",4,,-0.98,-1.1,6639c1bd,1.1,,,15.37,0.97,-0.13,0.0015,0.3,0.0,0.0,0.07,IMPLIED_TEMP_USED_OPEN_BUCKET_APPROX,True,14°C,16°C,15°C,0.64,13.5,14°C,0.0015,0.3,,,23.02,,,,,14.3,14.3,openmeteo_archive_proxy_fallback,14°C,True,False,True,,False
2026-08-17 03:58:56,Buenos Aires,2026-08-18,13.2,12.2,13°C,0.315,"{""8°C or below"": 0.0035, ""9°C"": 0.006, ""10°C"": 0.0065, ""11°C"": 0.055, ""12°C"": 0.115, ""13°C"": 0.315, ""14°C"": 0.365, ""15°C"": 0.125, ""16°C"": 0.025, ""17°C"": 0.0055, ""18°C or higher"": 0.006}",4,,23.02,1.0,6639c1bd,1.0,,,13.45,0.25,1.25,0.315,0.115,,,,IMPLIED_TEMP_USED_OPEN_BUCKET_APPROX,True,13°C,12°C,14°C,0.365,11.4,11°C,0.055,,,,47.02,,,,,,,,,,,,,
2026-08-17 04:31:01,Hong Kong,2026-08-17,33.1,33.1,33°C,0.065,"{""31°C"": 0.0005, ""32°C"": 0.9, ""33°C"": 0.065, ""34°C"": 0.025, ""35°C"": 0.0015, ""36°C"": 0.0005, ""37°C"": 0.0005, ""38°C or higher"": 0.0005, ""28°C or below"": 0.0005, ""29°C"": 0.0005, ""30°C"": 0.0005}",4,,-12.52,0.0,2d4fc2b9,0.0,,,32.12,-0.98,-0.98,0.065,0.065,0.0,0.0,-0.11,IMPLIED_TEMP_USED_OPEN_BUCKET_APPROX,True,33°C,33°C,32°C,0.9,33.5,34°C,0.025,0.2,,,11.48,,,,,31.8,31.8,openmeteo_archive_proxy_fallback,32°C,False,False,False,,True
2026-08-17 04:31:01,Hong Kong,2026-08-18,30.3,29.9,30°C,0.115,"{""26°C or below"": 0.0015, ""27°C"": 0.002, ""28°C"": 0.0035, ""29°C"": 0.03, ""30°C"": 0.115, ""31°C"": 0.345, ""32°C"": 0.335, ""33°C"": 0.15, ""34°C"": 0.015, ""35°C"": 0.0065, ""36°C or higher"": 0.0015}",4,,11.48,0.4,2d4fc2b9,0.4,,,31.51,1.21,1.61,0.115,0.115,0.0,0.0,0.09,IMPLIED_TEMP_USED_OPEN_BUCKET_APPROX,True,30°C,30°C,31°C,0.345,31.6,32°C,0.335,-0.1,,,35.48,,,,,,,,,,,,,
2026-08-17 04:31:01,Tokyo,2026-08-17,29.2,31.7,29°C,0.495,"{""24°C or below"": 0.0005, ""32°C"": 0.013, ""33°C"": 0.0075, ""34°C or higher"": 0.0005, ""25°C"": 0.0005, ""26°C"": 0.0005, ""27°C"": 0.0005, ""28°C"": 0.15, ""29°C"": 0.495, ""30°C"": 0.305, ""31°C"": 0.06}",4,,-13.52,-2.5,2d4fc2b9,2.5,,,29.33,0.13,-2.37,0.495,0.013,0.0,0.0,0.12,IMPLIED_TEMP_USED_OPEN_BUCKET_APPROX,True,29°C,32°C,29°C,0.495,29.7,30°C,0.305,-0.3,JMA,30.2,10.48,30°C,0.305,0.0,,29.5,29.5,openmeteo_archive_proxy_fallback,30°C,False,False,True,True,False
2026-08-17 04:31:01,Tokyo,2026-08-18,29.1,31.9,29°C,0.115,"{""26°C"": 0.0035, ""28°C"": 0.02, ""29°C"": 0.115, ""30°C"": 0.405, ""31°C"": 0.385, ""32°C"": 0.095, ""33°C"": 0.015, ""34°C"": 0.015, ""35°C or higher"": 0.006, ""27°C"": 0.0065, ""25°C or below"": 0.0005}",4,,10.48,-2.8,2d4fc2b9,2.8,,,30.49,1.39,-1.41,0.115,0.095,0.0,0.0,-0.04,IMPLIED_TEMP_USED_OPEN_BUCKET_APPROX,True,29°C,32°C,30°C,0.405,30.7,31°C,0.385,-0.4,JMA,30.5,34.48,30°C,0.405,0.0,,,,,,,,,,
2026-08-17 04:31:01,Shanghai,2026-08-17,31.4,31.7,31°C,0.485,"{""33°C"": 0.02, ""34°C"": 0.005, ""35°C or higher"": 0.0005, ""25°C or below"": 0.0005, ""26°C"": 0.0005, ""27°C"": 0.0005, ""28°C"": 0.0005, ""29°C"": 0.0005, ""30°C"": 0.0005, ""31°C"": 0.485, ""32°C"": 0.49}",4,,-12.52,-0.3,2d4fc2b9,0.3,,,31.53,0.13,-0.17,0.485,0.49,0.0,0.0,-0.04,IMPLIED_TEMP_USED_OPEN_BUCKET_APPROX,True,31°C,32°C,32°C,0.49,32.7,33°C,0.02,-0.1,,,11.48,,,,,31.4,31.4,openmeteo_archive_proxy_fallback,31°C,True,False,False,,False
2026-08-17 04:31:01,Shanghai,2026-08-18,29.9,30.8,30°C,0.135,"{""31°C"": 0.465, ""32°C"": 0.33, ""33°C"": 0.035, ""34°C"": 0.015, ""35°C"": 0.003, ""36°C or higher"": 0.0005, ""26°C or below"": 0.0005, ""27°C"": 0.0015, ""28°C"": 0.015, ""29°C"": 0.025, ""30°C"": 0.135}",4,,11.48,-0.9,2d4fc2b9,0.9,,,31.22,1.32,0.42,0.135,0.465,0.0,0.0,0.03,IMPLIED_TEMP_USED_OPEN_BUCKET_APPROX,True,30°C,31°C,31°C,0.465,31.8,32°C,0.33,-0.1,,,35.48,,,,,,,,,,,,,
2026-08-17 04:31:01,Qingdao,2026-08-17,30.9,32.8,31°C,0.425,"{""28°C or below"": 0.0005, ""29°C"": 0.0005, ""30°C"": 0.04, ""31°C"": 0.425, ""32°C"": 0.385, ""33°C"": 0.1, ""34°C"": 0.0125, ""35°C"": 0.005, ""36°C"": 0.0005, ""37°C"": 0.002, ""38°C or higher"": 0.0005}",4,,-12.52,-1.9,2d4fc2b9,1.9,,,31.64,0.74,-1.16,0.425,0.1,0.0,0.0,0.08,IMPLIED_TEMP_USED_OPEN_BUCKET_APPROX,True,31°C,33°C,31°C,0.425,31.5,32°C,0.385,0.3,,,11.48,,,,,31.2,31.2,openmeteo_archive_proxy_fallback,31°C,True,False,False,,True
2026-08-17 04:31:01,Qingdao,2026-08-18,33.1,31.7,33°C,0.405,"{""30°C"": 0.008, ""31°C"": 0.06, ""32°C"": 0.25, ""33°C"": 0.405, ""34°C"": 0.235, ""35°C"": 0.045, ""36°C"": 0.015, ""37°C or higher"": 0.005, ""27°C or below"": 0.0015, ""28°C"": 0.0025, ""29°C"": 0.006}",4,,11.48,1.4,2d4fc2b9,1.4,,,32.95,-0.15,1.25,0.405,0.25,0.0,0.0,-0.06,IMPLIED_TEMP_USED_OPEN_BUCKET_APPROX,True,33°C,32°C,33°C,0.405,31.7,32°C,0.25,0.0,,,35.48,,,,,,,,,,,,,
2026-08-17 04:31:01,Seoul,2026-08-17,28.6,27.5,29°C,0.145,"{""25°C"": 0.0005, ""26°C"": 0.0005, ""27°C"": 0.0005, ""29°C"": 0.145, ""33°C or higher"": 0.0005, ""24°C"": 0.0005, ""23°C or below"": 0.0005, ""28°C"": 0.765, ""30°C"": 0.06, ""31°C"": 0.005, ""32°C"": 0.0015}",4,,-13.52,1.1,2d4fc2b9,1.1,,,28.29,-0.31,0.79,0.145,0.765,0.0,0.0,-0.1,IMPLIED_TEMP_USED_OPEN_BUCKET_APPROX,True,29°C,28°C,28°C,0.765,26.3,26°C,0.0005,0.0,,,10.48,,,,,28.3,28.3,openmeteo_archive_proxy_fallback,28°C,False,True,False,,True
2026-08-17 04:31:01,Seoul,2026-08-18,30.2,31.7,30°C,0.505,"{""26°C"": 0.007, ""27°C"": 0.015, ""28°C"": 0.055, ""29°C"": 0.315, ""30°C"": 0.505, ""23°C or below"": 0.0005, ""24°C"": 0.0005, ""25°C"": 0.0025, ""31°C"": 0.11, ""32°C"": 0.035, ""33°C or higher"": 0.009}",4,,10.48,-1.5,2d4fc2b9,1.5,,,29.71,-0.49,-1.99,0.505,0.035,0.0,0.0,0.0,IMPLIED_TEMP_USED_OPEN_BUCKET_APPROX,True,30°C,32°C,30°C,0.505,31.0,31°C,0.11,-0.2,,,34.48,,,,,,,,,,,,,
2026-08-17 04:31:01,Guangzhou,2026-08-17,32.9,36.8,33°C,0.315,"{""29°C or below"": 0.0005, ""30°C"": 0.0005, ""31°C"": 0.0005, ""32°C"": 0.09, ""33°C"": 0.315, ""34°C"": 0.205, ""35°C"": 0.26, ""36°C"": 0.18, ""37°C"": 0.04, ""38°C"": 0.004, ""39°C or higher"": 0.0005}",4,,-12.52,-3.9,2d4fc2b9,3.9,,,34.23,1.33,-2.57,0.315,0.04,0.0,0.0,0.53,IMPLIED_TEMP_USED_OPEN_BUCKET_APPROX,True,33°C,37°C,33°C,0.315,33.1,33°C,0.315,0.0,,,11.48,,,,,33.9,33.9,openmeteo_archive_proxy_fallback,34°C,False,False,False,,False
2026-08-17 04:31:01,Guangzhou,2026-08-18,30.3,34.5,30°C,0.0045,"{""35°C"": 0.36, ""36°C"": 0.175, ""37°C or higher"": 0.0285, ""27°C or below"": 0.0025, ""28°C"": 0.0025, ""29°C"": 0.003, ""30°C"": 0.0045, ""31°C"": 0.015, ""32°C"": 0.035, ""33°C"": 0.115, ""34°C"": 0.285}",4,,11.48,-4.2,2d4fc2b9,4.2,,,34.5,4.2,0.0,0.0045,0.285,0.0,0.0,0.04,IMPLIED_TEMP_USED_OPEN_BUCKET_APPROX,True,30°C,34°C,35°C,0.36,33.4,33°C,0.115,0.1,,,35.48,,,,,,,,,,,,,
2026-08-17 04:31:01,Shenzhen,2026-08-17,32.1,36.3,32°C,0.0005,"{""27°C or below"": 0.0005, ""28°C"": 0.0005, ""29°C"": 0.0005, ""31°C"": 0.0005, ""32°C"": 0.0005, ""35°C"": 0.135, ""37°C or higher"": 0.007, ""30°C"": 0.0005, ""33°C"": 0.205, ""34°C"": 0.64, ""36°C"": 0.07}",4,,-12.52,-4.2,2d4fc2b9,4.2,,,34.08,1.98,-2.22,0.0005,0.07,0.0,0.0,0.41,IMPLIED_TEMP_USED_OPEN_BUCKET_APPROX,True,32°C,36°C,34°C,0.64,32.5,32°C,0.0005,0.0,,,11.48,,,,,32.4,32.4,openmeteo_archive_proxy_fallback,32°C,True,False,True,,False
2026-08-17 04:31:01,Shenzhen,2026-08-18,30.8,33.3,31°C,0.27,"{""26°C or below"": 0.0005, ""28°C"": 0.012, ""27°C"": 0.0035, ""32°C"": 0.315, ""33°C"": 0.205, ""34°C"": 0.09, ""35°C"": 0.015, ""36°C or higher"": 0.0045, ""29°C"": 0.03, ""30°C"": 0.08, ""31°C"": 0.27}",4,,11.48,-2.5,2d4fc2b9,2.5,,,31.86,1.06,-1.44,0.27,0.205,0.0,0.0,-0.01,IMPLIED_TEMP_USED_OPEN_BUCKET_APPROX,True,31°C,33°C,32°C,0.315,31.8,32°C,0.315,0.0,,,35.48,,,,,,,,,,,,,
2026-08-17 04:31:01,New York,2026-08-17,28.5,30.8,82-83°F,0.38,"{""80-81°F"": 0.09, ""82-83°F"": 0.38, ""84-85°F"": 0.37, ""86-87°F"": 0.095, ""88-89°F"": 0.015, ""90-91°F"": 0.0015, ""92-93°F"": 0.0005, ""75°F or below"": 0.008, ""76-77°F"": 0.0095, ""78-79°F"": 0.065, ""94°F or higher"": 0.0005}",4,,-0.52,-2.3,2d4fc2b9,2.3,,,28.42,-0.08,-2.38,0.38,0.095,0.0,0.0,-0.05,IMPLIED_TEMP_USED_OPEN_BUCKET_APPROX,True,82-83°F,86-87°F,82-83°F,0.38,26.7,80-81°F,0.09,0.0,,,23.48,,,,22.0,28.9,22.0,noaa_nws,75°F or below,False,False,False,,False
2026-08-17 04:31:01,New York,2026-08-18,29.4,29.5,84-85°F,0.175,"{""75°F or below"": 0.003, ""76-77°F"": 0.0035, ""78-79°F"": 0.0075, ""80-81°F"": 0.035, ""82-83°F"": 0.06, ""84-85°F"": 0.175, ""86-87°F"": 0.54, ""88-89°F"": 0.175, ""90-91°F"": 0.045, ""92-93°F"": 0.04, ""94°F or higher"": 0.0055}",4,,23.48,-0.1,2d4fc2b9,0.1,,,30.22,0.82,0.72,0.175,0.175,0.0,0.0,-0.04,IMPLIED_TEMP_USED_OPEN_BUCKET_APPROX,True,84-85°F,84-85°F,86-87°F,0.54,28.4,82-83°F,0.06,0.0,,,47.48,,,,,,,,,,,,,
2026-08-17 04:31:01,Chicago,2026-08-16,28.9,28.1,84-85°F,0.9995,"{""77°F or below"": 0.0005, ""78-79°F"": 0.0005, ""80-81°F"": 0.0005, ""82-83°F"": 0.0005, ""84-85°F"": 0.9995, ""86-87°F"": 0.0005, ""88-89°F"": 0.0005, ""90-91°F"": 0.0005, ""92-93°F"": 0.0005, ""94-95°F"": 0.0005, ""96°F or higher"": 0.0005}",4,,-23.52,0.8,2d4fc2b9,0.8,,,29.17,0.27,1.07,0.9995,0.0005,0.0,0.0,0.0,IMPLIED_TEMP_USED_OPEN_BUCKET_APPROX,True,84-85°F,82-83°F,84-85°F,0.9995,29.8,86-87°F,0.0005,0.0,,,0.48,,,,30.0,29.6,30.0,noaa_nws,86-87°F,False,False,True,,False
2026-08-17 04:31:01,Chicago,2026-08-17,23.6,23.0,74-75°F,0.0075,"{""73°F or below"": 0.004, ""74-75°F"": 0.0075, ""76-77°F"": 0.07, ""78-79°F"": 0.315, ""80-81°F"": 0.515, ""82-83°F"": 0.075, ""84-85°F"": 0.02, ""86-87°F"": 0.005, ""88-89°F"": 0.002, ""90-91°F"": 0.0005, ""92°F or higher"": 0.0005}",4,,0.48,0.6,2d4fc2b9,0.6,,,26.56,2.96,3.56,0.0075,0.004,0.0,0.0,-0.05,IMPLIED_TEMP_USED_OPEN_BUCKET_APPROX,True,74-75°F,73°F or below,80-81°F,0.515,25.0,76-77°F,0.07,0.0,,,24.48,,,,,23.6,23.6,openmeteo_archive_proxy_fallback,74-75°F,True,False,False,,False
2026-08-17 04:31:01,Chicago,2026-08-18,26.9,26.3,80-81°F,0.335,"{""71°F or below"": 0.003, ""72-73°F"": 0.0075, ""74-75°F"": 0.021, ""76-77°F"": 0.025, ""78-79°F"": 0.12, ""80-81°F"": 0.335, ""82-83°F"": 0.3, ""84-85°F"": 0.135, ""86-87°F"": 0.05, ""88-89°F"": 0.0015, ""90°F or higher"": 0.003}",4,,24.48,0.6,2d4fc2b9,0.6,,,27.46,0.56,1.16,0.335,0.12,0.0,0.0,0.06,IMPLIED_TEMP_USED_OPEN_BUCKET_APPROX,True,80-81°F,78-79°F,80-81°F,0.335,27.9,82-83°F,0.3,0.0,,,48.48,,,,,,,,,,,,,
2026-08-17 04:31:01,Miami,2026-08-17,33.7,32.9,92-93°F,0.055,"{""90-91°F"": 0.015, ""92-93°F"": 0.055, ""94-95°F"": 0.46, ""96-97°F"": 0.41, ""98-99°F"": 0.05, ""100-101°F"": 0.006, ""102-103°F"": 0.003, ""104-105°F"": 0.0005, ""106-107°F"": 0.0005, ""108°F or higher"": 0.0005, ""89°F or below"": 0.004}",4,,-0.52,0.8,2d4fc2b9,0.8,,,35.22,1.52,2.32,0.055,0.015,0.0,0.0,-0.02,IMPLIED_TEMP_USED_OPEN_BUCKET_APPROX,True,92-93°F,90-91°F,94-95°F,0.46,34.0,92-93°F,0.055,0.0,,,23.48,,,,29.0,33.2,29.0,noaa_nws,89°F or below,False,False,False,,False
2026-08-17 04:31:01,Miami,2026-08-18,35.2,35.3,94-95°F,0.055,"{""98-99°F"": 0.555, ""100-101°F"": 0.115, ""102-103°F"": 0.025, ""104-105°F"": 0.0015, ""106-107°F"": 0.0025, ""108-109°F"": 0.002, ""110°F or higher"": 0.002, ""91°F or below"": 0.001, ""92-93°F"": 0.01, ""94-95°F"": 0.055, ""96-97°F"": 0.23}",4,,23.48,-0.1,2d4fc2b9,0.1,,,36.75,1.55,1.45,0.055,0.23,0.0,0.0,-0.17,IMPLIED_TEMP_USED_OPEN_BUCKET_APPROX,True,94-95°F,96-97°F,98-99°F,0.555,36.9,98-99°F,0.555,0.0,,,47.48,,,,,,,,,,,,,
2026-08-17 04:31:01,London,2026-08-17,25.3,26.5,25°C,0.325,"{""20°C or below"": 0.0005, ""21°C"": 0.0005, ""22°C"": 0.0005, ""23°C"": 0.0005, ""24°C"": 0.0255, ""25°C"": 0.325, ""26°C"": 0.495, ""27°C"": 0.185, ""28°C"": 0.015, ""29°C"": 0.0005, ""30°C or higher"": 0.0005}",4,,-5.52,-1.2,2d4fc2b9,1.2,,,25.84,0.54,-0.66,0.325,0.495,0.0,0.0,-0.01,IMPLIED_TEMP_USED_OPEN_BUCKET_APPROX,True,25°C,26°C,26°C,0.495,26.6,27°C,0.185,0.2,UKMO,25.3,18.48,25°C,0.325,-1.1,,25.1,25.1,openmeteo_archive_proxy_fallback,25°C,True,False,False,True,False
2026-08-17 04:31:01,London,2026-08-18,25.3,26.2,25°C,0.42,"{""22°C or below"": 0.025, ""23°C"": 0.065, ""24°C"": 0.215, ""25°C"": 0.42, ""26°C"": 0.22, ""27°C"": 0.06, ""28°C"": 0.025, ""29°C"": 0.0035, ""30°C"": 0.0005, ""31°C"": 0.0005, ""32°C or higher"": 0.0005}",4,,18.48,-0.9,2d4fc2b9,0.9,,,25.01,-0.29,-1.19,0.42,0.22,0.0,0.0,-0.02,IMPLIED_TEMP_USED_OPEN_BUCKET_APPROX,True,25°C,26°C,25°C,0.42,24.5,24°C,0.215,-0.6,UKMO,25.3,42.48,25°C,0.42,0.0,,,,,,,,,,
2026-08-17 04:31:01,Paris,2026-08-17,29.4,30.2,29°C,0.55,"{""24°C or below"": 0.0005, ""25°C"": 0.0005, ""26°C"": 0.005, ""27°C"": 0.045, ""33°C"": 0.0005, ""34°C or higher"": 0.0005, ""28°C"": 0.36, ""29°C"": 0.55, ""30°C"": 0.055, ""31°C"": 0.0045, ""32°C"": 0.0005}",4,,-6.52,-0.8,2d4fc2b9,0.8,,,28.61,-0.79,-1.59,0.55,0.055,0.0,0.0,-0.01,IMPLIED_TEMP_USED_OPEN_BUCKET_APPROX,True,29°C,30°C,29°C,0.55,28.3,28°C,0.36,0.0,MeteoFrance,29.5,17.48,30°C,0.055,0.0,,29.2,29.2,openmeteo_archive_proxy_fallback,29°C,True,False,False,False,True
2026-08-17 04:31:01,Paris,2026-08-18,28.4,28.4,28°C,0.485,"{""25°C or below"": 0.02, ""26°C"": 0.085, ""27°C"": 0.345, ""28°C"": 0.485, ""29°C"": 0.075, ""30°C"": 0.03, ""31°C"": 0.008, ""32°C"": 0.0015, ""33°C"": 0.0005, ""34°C"": 0.0005, ""35°C or higher"": 0.0005}",4,,17.48,0.0,2d4fc2b9,0.0,,,27.61,-0.79,-0.79,0.485,0.485,0.0,0.0,-0.04,IMPLIED_TEMP_USED_OPEN_BUCKET_APPROX,True,28°C,28°C,28°C,0.485,26.6,27°C,0.345,-0.6,MeteoFrance,28.6,41.48,29°C,0.075,0.0,,,,,,,,,,
2026-08-17 04:31:01,Ankara,2026-08-17,28.5,28.7,28°C,0.065,"{""24°C"": 0.0055, ""25°C"": 0.045, ""26°C"": 0.395, ""27°C"": 0.495, ""28°C"": 0.065, ""29°C"": 0.015, ""22°C or below"": 0.0005, ""23°C"": 0.0015, ""30°C"": 0.0055, ""31°C"": 0.0005, ""32°C or higher"": 0.0015}",4,,-7.52,-0.2,2d4fc2b9,0.2,,,26.62,-1.88,-2.08,0.065,0.015,0.0,0.0,0.0,IMPLIED_TEMP_USED_OPEN_BUCKET_APPROX,True,28°C,29°C,27°C,0.495,27.3,27°C,0.495,0.0,,,16.48,,,,,28.8,28.8,openmeteo_archive_proxy_fallback,29°C,False,True,False,,False
2026-08-17 04:31:01,Ankara,2026-08-18,30.3,30.2,30°C,0.465,"{""25°C or below"": 0.0025, ""27°C"": 0.0085, ""26°C"": 0.0035, ""28°C"": 0.035, ""29°C"": 0.395, ""30°C"": 0.465, ""31°C"": 0.105, ""32°C"": 0.015, ""33°C"": 0.006, ""34°C"": 0.0015, ""35°C or higher"": 0.0025}",4,,16.48,0.1,2d4fc2b9,0.1,,,29.67,-0.63,-0.53,0.465,0.465,0.0,0.0,0.0,IMPLIED_TEMP_USED_OPEN_BUCKET_APPROX,True,30°C,30°C,30°C,0.465,29.3,29°C,0.395,0.0,,,40.48,,,,,,,,,,,,,
2026-08-17 04:31:01,Buenos Aires,2026-08-17,14.4,15.5,14°C,0.0005,"{""9°C or below"": 0.0005, ""10°C"": 0.0005, ""11°C"": 0.0005, ""12°C"": 0.0005, ""13°C"": 0.0005, ""14°C"": 0.0005, ""15°C"": 0.685, ""16°C"": 0.275, ""17°C"": 0.03, ""18°C"": 0.0115, ""19°C or higher"": 0.002}",4,,-1.52,-1.1,2d4fc2b9,1.1,,,15.37,0.97,-0.13,0.0005,0.275,0.0,0.0,0.0,IMPLIED_TEMP_USED_OPEN_BUCKET_APPROX,True,14°C,16°C,15°C,0.685,13.5,14°C,0.0005,0.0,,,22.48,,,,,14.3,14.3,openmeteo_archive_proxy_fallback,14°C,True,False,True,,False
2026-08-17 04:31:01,Buenos Aires,2026-08-18,13.2,12.2,13°C,0.34,"{""8°C or below"": 0.003, ""9°C"": 0.007, ""10°C"": 0.007, ""11°C"": 0.045, ""12°C"": 0.105, ""13°C"": 0.34, ""14°C"": 0.395, ""15°C"": 0.135, ""16°C"": 0.025, ""17°C"": 0.0075, ""18°C or higher"": 0.0075}",4,,22.48,1.0,2d4fc2b9,1.0,,,13.51,0.31,1.31,0.34,0.105,0.0,0.0,0.06,IMPLIED_TEMP_USED_OPEN_BUCKET_APPROX,True,13°C,12°C,14°C,0.395,11.4,11°C,0.045,0.0,,,46.48,,,,,,,,,,,,,
